ISO-10303-21;
HEADER;

/* File generated by Shapr3D Version 26.82.0.10943 */

FILE_DESCRIPTION(('HOOPS Exchange Step'),'2;1');

FILE_NAME('/private/var/mobile/Containers/Data/Application/4BAA6A96-AB08-4434-80E5-6C712A65BC40/tmp/export/temp_export',
'2026-08-30T19:52:27+08:00',
('mobile'),
('Shapr3D Limited'),
'HOOPS Exchange 2026.3',
'Shapr3D',
'Authorized');

FILE_SCHEMA( ('AP242_MANAGED_MODEL_BASED_3D_ENGINEERING_MIM_LF {1 0 10303 442 1 1 4}') );

ENDSEC;

DATA;
#3=(NAMED_UNIT(*)PLANE_ANGLE_UNIT()SI_UNIT($,.RADIAN.));
#4=PLANE_ANGLE_MEASURE_WITH_UNIT(PLANE_ANGLE_MEASURE(0.0174532925),#3);
#5=(CONVERSION_BASED_UNIT('DEGREE',#4)NAMED_UNIT(#6)PLANE_ANGLE_UNIT());
#6=DIMENSIONAL_EXPONENTS(0.,0.,0.,0.,0.,0.,0.);
#7=(NAMED_UNIT(*)SI_UNIT($,.STERADIAN.)SOLID_ANGLE_UNIT());
#8=(LENGTH_UNIT()NAMED_UNIT(*)SI_UNIT(.MILLI.,.METRE.));
#9=UNCERTAINTY_MEASURE_WITH_UNIT(LENGTH_MEASURE(1.000000E-03),#8,'DISTANCE_ACCURACY_VALUE','Maximum Tolerance applied to model');
#10=(GEOMETRIC_REPRESENTATION_CONTEXT(3)GLOBAL_UNCERTAINTY_ASSIGNED_CONTEXT((#9))GLOBAL_UNIT_ASSIGNED_CONTEXT((#8,#5,#7))REPRESENTATION_CONTEXT('','root'));
#12=CARTESIAN_POINT('',(0.,0.,0.));
#13=DIRECTION('',(0.,0.,1.));
#14=DIRECTION('',(1.,0.,0.));
#15=AXIS2_PLACEMENT_3D('TS3D_PRODUCT_CSYS',#12,#13,#14);
#26=(NAMED_UNIT(*)PLANE_ANGLE_UNIT()SI_UNIT($,.RADIAN.));
#27=PLANE_ANGLE_MEASURE_WITH_UNIT(PLANE_ANGLE_MEASURE(0.0174532925),#26);
#28=(CONVERSION_BASED_UNIT('DEGREE',#27)NAMED_UNIT(#29)PLANE_ANGLE_UNIT());
#29=DIMENSIONAL_EXPONENTS(0.,0.,0.,0.,0.,0.,0.);
#30=(NAMED_UNIT(*)SI_UNIT($,.STERADIAN.)SOLID_ANGLE_UNIT());
#31=(LENGTH_UNIT()NAMED_UNIT(*)SI_UNIT(.MILLI.,.METRE.));
#32=UNCERTAINTY_MEASURE_WITH_UNIT(LENGTH_MEASURE(1.000000E-03),#31,'DISTANCE_ACCURACY_VALUE','Maximum Tolerance applied to model');
#33=(GEOMETRIC_REPRESENTATION_CONTEXT(3)GLOBAL_UNCERTAINTY_ASSIGNED_CONTEXT((#32))GLOBAL_UNIT_ASSIGNED_CONTEXT((#31,#28,#30))REPRESENTATION_CONTEXT('','FrameFilmPro \X2\FF085DF25BFC5165FF09\X0\'));
#45=CARTESIAN_POINT('',(0.,0.,0.));
#46=DIRECTION('',(0.,0.,1.));
#47=DIRECTION('',(1.,0.,-0.));
#48=AXIS2_PLACEMENT_3D('',#45,#46,#47);
#49=ITEM_DEFINED_TRANSFORMATION('','',#48,#15);
#50=(REPRESENTATION_RELATIONSHIP('','',#35,#16)REPRESENTATION_RELATIONSHIP_WITH_TRANSFORMATION(#49)SHAPE_REPRESENTATION_RELATIONSHIP());
#51=NEXT_ASSEMBLY_USAGE_OCCURRENCE('FrameFilmPro \X2\FF085DF25BFC5165FF09\X0\_1','FrameFilmPro \X2\FF085DF25BFC5165FF09\X0\','FrameFilmPro \X2\FF085DF25BFC5165FF09\X0\',#25,#44,$);
#52=PRODUCT_DEFINITION_SHAPE('','',#51);
#53=CONTEXT_DEPENDENT_SHAPE_REPRESENTATION(#50,#52);
#54=(NAMED_UNIT(*)PLANE_ANGLE_UNIT()SI_UNIT($,.RADIAN.));
#55=PLANE_ANGLE_MEASURE_WITH_UNIT(PLANE_ANGLE_MEASURE(0.0174532925),#54);
#56=(CONVERSION_BASED_UNIT('DEGREE',#55)NAMED_UNIT(#57)PLANE_ANGLE_UNIT());
#57=DIMENSIONAL_EXPONENTS(0.,0.,0.,0.,0.,0.,0.);
#58=(NAMED_UNIT(*)SI_UNIT($,.STERADIAN.)SOLID_ANGLE_UNIT());
#59=(LENGTH_UNIT()NAMED_UNIT(*)SI_UNIT(.MILLI.,.METRE.));
#60=UNCERTAINTY_MEASURE_WITH_UNIT(LENGTH_MEASURE(1.000000E-05),#59,'DISTANCE_ACCURACY_VALUE','Maximum Tolerance applied to model');
#61=(GEOMETRIC_REPRESENTATION_CONTEXT(3)GLOBAL_UNCERTAINTY_ASSIGNED_CONTEXT((#60))GLOBAL_UNIT_ASSIGNED_CONTEXT((#59,#56,#58))REPRESENTATION_CONTEXT('','\X2\591658F3\X0\'));
#73=CARTESIAN_POINT('',(0.,0.,0.));
#74=DIRECTION('',(0.,0.,1.));
#75=DIRECTION('',(1.,0.,-0.));
#76=AXIS2_PLACEMENT_3D('',#73,#74,#75);
#77=ITEM_DEFINED_TRANSFORMATION('','',#76,#15);
#78=(REPRESENTATION_RELATIONSHIP('','',#63,#35)REPRESENTATION_RELATIONSHIP_WITH_TRANSFORMATION(#77)SHAPE_REPRESENTATION_RELATIONSHIP());
#79=NEXT_ASSEMBLY_USAGE_OCCURRENCE('\X2\591658F3\X0\_2','\X2\591658F3\X0\','\X2\591658F3\X0\',#44,#72,$);
#80=PRODUCT_DEFINITION_SHAPE('','',#79);
#81=CONTEXT_DEPENDENT_SHAPE_REPRESENTATION(#78,#80);
#83=CARTESIAN_POINT('',(0.,0.,-0.850023881));
#84=DIRECTION('',(0.,0.,1.));
#85=DIRECTION('',(1.,0.,0.));
#86=AXIS2_PLACEMENT_3D('',#83,#84,#85);
#87=PLANE('',#86);
#88=CARTESIAN_POINT('',(30.75,-88.397949192,-0.85001194));
#89=VERTEX_POINT('',#88);
#90=CARTESIAN_POINT('',(29.000005401,-88.275949748,-0.85000597));
#91=VERTEX_POINT('',#90);
#92=CARTESIAN_POINT('',(29.75,-90.13,-0.850023881));
#93=DIRECTION('',(0.,0.,1.));
#94=DIRECTION('',(1.,0.,-0.));
#95=AXIS2_PLACEMENT_3D('',#92,#93,#94);
#96=CIRCLE('',#95,2.);
#97=EDGE_CURVE('',#89,#91,#96,.T.);
#98=ORIENTED_EDGE('',*,*,#97,.F.);
#99=CARTESIAN_POINT('',(30.75,-84.13,-0.850023881));
#100=VERTEX_POINT('',#99);
#101=CARTESIAN_POINT('',(30.75,-88.397949192,-0.850023881));
#102=DIRECTION('',(0.,1.,0.));
#103=VECTOR('',#102,4.267949192);
#104=LINE('',#101,#103);
#105=EDGE_CURVE('',#89,#100,#104,.T.);
#106=ORIENTED_EDGE('',*,*,#105,.T.);
#107=CARTESIAN_POINT('',(32.25,-85.63,-0.850023881));
#108=VERTEX_POINT('',#107);
#109=CARTESIAN_POINT('',(32.25,-85.63,-0.850023881));
#110=DIRECTION('',(-0.707106781,0.707106781,0.));
#111=VECTOR('',#110,2.121320344);
#112=LINE('',#109,#111);
#113=EDGE_CURVE('',#108,#100,#112,.T.);
#114=ORIENTED_EDGE('',*,*,#113,.F.);
#115=CARTESIAN_POINT('',(33.75,-85.63,-0.850023881));
#116=VERTEX_POINT('',#115);
#117=CARTESIAN_POINT('',(33.75,-85.63,-0.850023881));
#118=DIRECTION('',(-1.,-0.,0.));
#119=VECTOR('',#118,1.5);
#120=LINE('',#117,#119);
#121=EDGE_CURVE('',#116,#108,#120,.T.);
#122=ORIENTED_EDGE('',*,*,#121,.F.);
#123=CARTESIAN_POINT('',(33.75,-81.63,-0.850023881));
#124=VERTEX_POINT('',#123);
#125=CARTESIAN_POINT('',(33.75,-81.63,-0.850023881));
#126=DIRECTION('',(0.,-1.,0.));
#127=VECTOR('',#126,4.);
#128=LINE('',#125,#127);
#129=EDGE_CURVE('',#124,#116,#128,.T.);
#130=ORIENTED_EDGE('',*,*,#129,.F.);
#131=CARTESIAN_POINT('',(32.25,-80.13,-0.850023881));
#132=VERTEX_POINT('',#131);
#133=CARTESIAN_POINT('',(33.75,-81.63,-0.850023881));
#134=DIRECTION('',(-0.707106781,0.707106781,0.));
#135=VECTOR('',#134,2.121320344);
#136=LINE('',#133,#135);
#137=EDGE_CURVE('',#124,#132,#136,.T.);
#138=ORIENTED_EDGE('',*,*,#137,.T.);
#139=CARTESIAN_POINT('',(32.25,-5.63,-0.850023881));
#140=VERTEX_POINT('',#139);
#141=CARTESIAN_POINT('',(32.25,-5.63,-0.850023881));
#142=DIRECTION('',(0.,-1.,0.));
#143=VECTOR('',#142,74.5);
#144=LINE('',#141,#143);
#145=EDGE_CURVE('',#140,#132,#144,.T.);
#146=ORIENTED_EDGE('',*,*,#145,.F.);
#147=CARTESIAN_POINT('',(33.75,-4.13,-0.850023881));
#148=VERTEX_POINT('',#147);
#149=CARTESIAN_POINT('',(32.25,-5.63,-0.850023881));
#150=DIRECTION('',(0.707106781,0.707106781,-0.));
#151=VECTOR('',#150,2.121320344);
#152=LINE('',#149,#151);
#153=EDGE_CURVE('',#140,#148,#152,.T.);
#154=ORIENTED_EDGE('',*,*,#153,.T.);
#155=CARTESIAN_POINT('',(33.75,15.587294231,-0.850023881));
#156=VERTEX_POINT('',#155);
#157=CARTESIAN_POINT('',(33.75,15.587294231,-0.850023881));
#158=DIRECTION('',(0.,-1.,0.));
#159=VECTOR('',#158,19.717294231);
#160=LINE('',#157,#159);
#161=EDGE_CURVE('',#156,#148,#160,.T.);
#162=ORIENTED_EDGE('',*,*,#161,.F.);
#163=CARTESIAN_POINT('',(29.25,15.587294231,-0.850023881));
#164=VERTEX_POINT('',#163);
#165=CARTESIAN_POINT('',(33.75,15.587294231,-0.850023881));
#166=DIRECTION('',(-1.,0.,0.));
#167=VECTOR('',#166,4.5);
#168=LINE('',#165,#167);
#169=EDGE_CURVE('',#156,#164,#168,.T.);
#170=ORIENTED_EDGE('',*,*,#169,.T.);
#171=CARTESIAN_POINT('',(29.25,13.787294231,-0.850023881));
#172=VERTEX_POINT('',#171);
#173=CARTESIAN_POINT('',(29.25,13.787294231,-0.850023881));
#174=DIRECTION('',(-0.,1.,0.));
#175=VECTOR('',#174,1.8);
#176=LINE('',#173,#175);
#177=EDGE_CURVE('',#172,#164,#176,.T.);
#178=ORIENTED_EDGE('',*,*,#177,.F.);
#179=CARTESIAN_POINT('',(28.35,13.787294231,-0.850023881));
#180=VERTEX_POINT('',#179);
#181=CARTESIAN_POINT('',(28.35,13.787294231,-0.850023881));
#182=DIRECTION('',(1.,0.,0.));
#183=VECTOR('',#182,0.9);
#184=LINE('',#181,#183);
#185=EDGE_CURVE('',#180,#172,#184,.T.);
#186=ORIENTED_EDGE('',*,*,#185,.F.);
#187=CARTESIAN_POINT('',(28.35,-0.73,-0.850023881));
#188=VERTEX_POINT('',#187);
#189=CARTESIAN_POINT('',(28.35,13.787294231,-0.850023881));
#190=DIRECTION('',(0.,-1.,0.));
#191=VECTOR('',#190,14.517294231);
#192=LINE('',#189,#191);
#193=EDGE_CURVE('',#180,#188,#192,.T.);
#194=ORIENTED_EDGE('',*,*,#193,.T.);
#195=CARTESIAN_POINT('',(27.75,-0.73,-0.850023881));
#196=VERTEX_POINT('',#195);
#197=CARTESIAN_POINT('',(27.75,-0.73,-0.850023881));
#198=DIRECTION('',(1.,0.,-0.));
#199=VECTOR('',#198,0.6);
#200=LINE('',#197,#199);
#201=EDGE_CURVE('',#196,#188,#200,.T.);
#202=ORIENTED_EDGE('',*,*,#201,.F.);
#203=CARTESIAN_POINT('',(27.75,-86.,-0.850023881));
#204=VERTEX_POINT('',#203);
#205=CARTESIAN_POINT('',(27.75,-0.73,-0.850023881));
#206=DIRECTION('',(0.,-1.,0.));
#207=VECTOR('',#206,85.27);
#208=LINE('',#205,#207);
#209=EDGE_CURVE('',#196,#204,#208,.T.);
#210=ORIENTED_EDGE('',*,*,#209,.T.);
#211=CARTESIAN_POINT('',(-27.75,-86.,-0.850023881));
#212=VERTEX_POINT('',#211);
#213=CARTESIAN_POINT('',(27.75,-86.,-0.850023881));
#214=DIRECTION('',(-1.,0.,0.));
#215=VECTOR('',#214,55.5);
#216=LINE('',#213,#215);
#217=EDGE_CURVE('',#204,#212,#216,.T.);
#218=ORIENTED_EDGE('',*,*,#217,.T.);
#219=CARTESIAN_POINT('',(-27.75,-0.73,-0.850023881));
#220=VERTEX_POINT('',#219);
#221=CARTESIAN_POINT('',(-27.75,-0.73,-0.850023881));
#222=DIRECTION('',(0.,-1.,0.));
#223=VECTOR('',#222,85.27);
#224=LINE('',#221,#223);
#225=EDGE_CURVE('',#220,#212,#224,.T.);
#226=ORIENTED_EDGE('',*,*,#225,.F.);
#227=CARTESIAN_POINT('',(-28.35,-0.73,-0.850023881));
#228=VERTEX_POINT('',#227);
#229=CARTESIAN_POINT('',(-27.75,-0.73,-0.850023881));
#230=DIRECTION('',(-1.,0.,0.));
#231=VECTOR('',#230,0.6);
#232=LINE('',#229,#231);
#233=EDGE_CURVE('',#220,#228,#232,.T.);
#234=ORIENTED_EDGE('',*,*,#233,.T.);
#235=CARTESIAN_POINT('',(-29.25,-0.73,-0.850023881));
#236=VERTEX_POINT('',#235);
#237=CARTESIAN_POINT('',(-28.35,-0.73,-0.850023881));
#238=DIRECTION('',(-1.,0.,0.));
#239=VECTOR('',#238,0.9);
#240=LINE('',#237,#239);
#241=EDGE_CURVE('',#228,#236,#240,.T.);
#242=ORIENTED_EDGE('',*,*,#241,.T.);
#243=CARTESIAN_POINT('',(-29.25,6.767319631,-0.850023881));
#244=VERTEX_POINT('',#243);
#245=CARTESIAN_POINT('',(-29.25,-0.73,-0.850023881));
#246=DIRECTION('',(-0.,1.,0.));
#247=VECTOR('',#246,7.497319631);
#248=LINE('',#245,#247);
#249=EDGE_CURVE('',#236,#244,#248,.T.);
#250=ORIENTED_EDGE('',*,*,#249,.T.);
#251=CARTESIAN_POINT('',(-32.25,6.767319631,-0.850023881));
#252=VERTEX_POINT('',#251);
#253=CARTESIAN_POINT('',(-32.25,6.767319631,-0.850023881));
#254=DIRECTION('',(1.,0.,0.));
#255=VECTOR('',#254,3.);
#256=LINE('',#253,#255);
#257=EDGE_CURVE('',#252,#244,#256,.T.);
#258=ORIENTED_EDGE('',*,*,#257,.F.);
#259=CARTESIAN_POINT('',(-32.25,-94.13,-0.850023881));
#260=VERTEX_POINT('',#259);
#261=CARTESIAN_POINT('',(-32.25,-94.13,-0.850023881));
#262=DIRECTION('',(0.,1.,0.));
#263=VECTOR('',#262,100.897319631);
#264=LINE('',#261,#263);
#265=EDGE_CURVE('',#260,#252,#264,.T.);
#266=ORIENTED_EDGE('',*,*,#265,.F.);
#267=CARTESIAN_POINT('',(30.75,-94.13,-0.85001194));
#268=VERTEX_POINT('',#267);
#269=CARTESIAN_POINT('',(30.75,-94.13,-0.850023881));
#270=DIRECTION('',(-1.,-0.,0.));
#271=VECTOR('',#270,63.);
#272=LINE('',#269,#271);
#273=EDGE_CURVE('',#268,#260,#272,.T.);
#274=ORIENTED_EDGE('',*,*,#273,.F.);
#275=CARTESIAN_POINT('',(30.75,-91.862050808,-0.85001194));
#276=VERTEX_POINT('',#275);
#277=CARTESIAN_POINT('',(30.75,-94.13,-0.850023881));
#278=DIRECTION('',(0.,1.,0.));
#279=VECTOR('',#278,2.267949192);
#280=LINE('',#277,#279);
#281=EDGE_CURVE('',#268,#276,#280,.T.);
#282=ORIENTED_EDGE('',*,*,#281,.T.);
#283=CARTESIAN_POINT('',(28.999996214,-91.984049644,-0.85000597));
#284=VERTEX_POINT('',#283);
#285=CARTESIAN_POINT('',(29.75,-90.13,-0.850023881));
#286=DIRECTION('',(0.,0.,1.));
#287=DIRECTION('',(1.,0.,-0.));
#288=AXIS2_PLACEMENT_3D('',#285,#286,#287);
#289=CIRCLE('',#288,2.);
#290=EDGE_CURVE('',#284,#276,#289,.T.);
#291=ORIENTED_EDGE('',*,*,#290,.F.);
#292=CARTESIAN_POINT('',(29.000003148,-88.275955323,-0.850023881));
#293=CARTESIAN_POINT('',(28.824749918,-88.205089789,-0.850023881));
#294=CARTESIAN_POINT('',(28.640180644,-88.168429439,-0.850023881));
#295=CARTESIAN_POINT('',(28.446432792,-88.129945981,-0.850023881));
#296=CARTESIAN_POINT('',(28.25,-88.13,-0.850023881));
#297=CARTESIAN_POINT('',(28.052467208,-88.130054322,-0.850023881));
#298=CARTESIAN_POINT('',(27.859819356,-88.168429439,-0.850023881));
#299=CARTESIAN_POINT('',(27.666092699,-88.207019453,-0.850023881));
#300=CARTESIAN_POINT('',(27.484633135,-88.282240935,-0.850023881));
#301=CARTESIAN_POINT('',(27.30215742,-88.357883648,-0.850023881));
#302=CARTESIAN_POINT('',(27.138859534,-88.467060775,-0.850023881));
#303=CARTESIAN_POINT('',(26.9746472,-88.576849281,-0.850023881));
#304=CARTESIAN_POINT('',(26.835786438,-88.715786438,-0.850023881));
#305=CARTESIAN_POINT('',(26.696148072,-88.855501625,-0.850023881));
#306=CARTESIAN_POINT('',(26.587060775,-89.018859534,-0.850023881));
#307=CARTESIAN_POINT('',(26.477362603,-89.183132227,-0.850023881));
#308=CARTESIAN_POINT('',(26.402240935,-89.364633135,-0.850023881));
#309=CARTESIAN_POINT('',(26.326698595,-89.547150427,-0.850023881));
#310=CARTESIAN_POINT('',(26.288429439,-89.739819356,-0.850023881));
#311=CARTESIAN_POINT('',(26.249945981,-89.933567208,-0.850023881));
#312=CARTESIAN_POINT('',(26.25,-90.13,-0.850023881));
#313=CARTESIAN_POINT('',(26.250054322,-90.327532792,-0.850023881));
#314=CARTESIAN_POINT('',(26.288429439,-90.520180644,-0.850023881));
#315=CARTESIAN_POINT('',(26.327019453,-90.713907301,-0.850023881));
#316=CARTESIAN_POINT('',(26.402240935,-90.895366865,-0.850023881));
#317=CARTESIAN_POINT('',(26.477883648,-91.07784258,-0.850023881));
#318=CARTESIAN_POINT('',(26.587060775,-91.241140466,-0.850023881));
#319=CARTESIAN_POINT('',(26.696849281,-91.4053528,-0.850023881));
#320=CARTESIAN_POINT('',(26.835786438,-91.544213562,-0.850023881));
#321=CARTESIAN_POINT('',(26.975501625,-91.683851928,-0.850023881));
#322=CARTESIAN_POINT('',(27.138859534,-91.792939225,-0.850023881));
#323=CARTESIAN_POINT('',(27.303132227,-91.902637397,-0.850023881));
#324=CARTESIAN_POINT('',(27.484633135,-91.977759065,-0.850023881));
#325=CARTESIAN_POINT('',(27.667150427,-92.053301405,-0.850023881));
#326=CARTESIAN_POINT('',(27.859819356,-92.091570561,-0.850023881));
#327=CARTESIAN_POINT('',(28.053567208,-92.130054019,-0.850023881));
#328=CARTESIAN_POINT('',(28.25,-92.13,-0.850023881));
#329=CARTESIAN_POINT('',(28.447532792,-92.129945678,-0.850023881));
#330=CARTESIAN_POINT('',(28.640180644,-92.091570561,-0.850023881));
#331=CARTESIAN_POINT('',(28.825715344,-92.054612371,-0.850023881));
#332=CARTESIAN_POINT('',(28.999998472,-91.984055219,-0.850023881));
#333=B_SPLINE_CURVE_WITH_KNOTS('',2,(#292,#293,#294,#295,#296,#297,#298,#299,#300,#301,#302,#303,#304,#305,#306,#307,#308,#309,#310,#311,#312,#313,#314,#315,#316,#317,
#318,#319,#320,#321,#322,#323,#324,#325,#326,#327,#328,#329,#330,#331,#332),.UNSPECIFIED.,.F.,.F.,(3,2,2,2,2,2,2,2,2,2,2,2,2,2,2,2,2,2,2,2,3),(0.188821443,0.218757716,0.250007716,0.281257716,0.312507716,0.343757716,0.375007716,0.406257716,0.437507716,0.468757716,0.500007716,0.531257716,0.562507716,0.593757716,0.625007716,0.656257716,0.687507716,0.718757716,0.750007716,0.781257716,0.811186274),.UNSPECIFIED.);
#334=EDGE_CURVE('',#91,#284,#333,.T.);
#335=ORIENTED_EDGE('',*,*,#334,.F.);
#336=EDGE_LOOP('',(#98,#106,#114,#122,#130,#138,#146,#154,#162,#170,#178,#186,#194,#202,#210,#218,#226,#234,#242,#250,#258,#266,#274,#282,#291,#335));
#337=FACE_BOUND('',#336,.T.);
#338=CARTESIAN_POINT('',(-28.75,-90.13,-0.850023881));
#339=VERTEX_POINT('',#338);
#340=CARTESIAN_POINT('',(-24.75,-90.13,-0.850023881));
#341=VERTEX_POINT('',#340);
#342=CARTESIAN_POINT('',(-26.75,-90.13,-0.850023881));
#343=DIRECTION('',(0.,0.,1.));
#344=DIRECTION('',(1.,0.,-0.));
#345=AXIS2_PLACEMENT_3D('',#342,#343,#344);
#346=CIRCLE('',#345,2.);
#347=EDGE_CURVE('',#339,#341,#346,.T.);
#348=ORIENTED_EDGE('',*,*,#347,.F.);
#349=CARTESIAN_POINT('',(-26.75,-90.13,-0.850023881));
#350=DIRECTION('',(0.,0.,1.));
#351=DIRECTION('',(1.,0.,-0.));
#352=AXIS2_PLACEMENT_3D('',#349,#350,#351);
#353=CIRCLE('',#352,2.);
#354=EDGE_CURVE('',#341,#339,#353,.T.);
#355=ORIENTED_EDGE('',*,*,#354,.F.);
#356=EDGE_LOOP('',(#348,#355));
#357=FACE_BOUND('',#356,.T.);
#358=CARTESIAN_POINT('',(-8.5,-88.13,-0.85001194));
#359=VERTEX_POINT('',#358);
#360=CARTESIAN_POINT('',(11.5,-88.13,-0.850023881));
#361=VERTEX_POINT('',#360);
#362=CARTESIAN_POINT('',(-8.5,-88.13,-0.850023881));
#363=DIRECTION('',(1.,0.,-0.));
#364=VECTOR('',#363,20.);
#365=LINE('',#362,#364);
#366=EDGE_CURVE('',#359,#361,#365,.T.);
#367=ORIENTED_EDGE('',*,*,#366,.T.);
#368=CARTESIAN_POINT('',(11.5,-92.13,-0.850023881));
#369=VERTEX_POINT('',#368);
#370=CARTESIAN_POINT('',(11.5,-90.13,-0.850023881));
#371=DIRECTION('',(0.,0.,1.));
#372=DIRECTION('',(1.,0.,-0.));
#373=AXIS2_PLACEMENT_3D('',#370,#371,#372);
#374=CIRCLE('',#373,2.);
#375=EDGE_CURVE('',#369,#361,#374,.T.);
#376=ORIENTED_EDGE('',*,*,#375,.F.);
#377=CARTESIAN_POINT('',(-8.5,-92.13,-0.85001194));
#378=VERTEX_POINT('',#377);
#379=CARTESIAN_POINT('',(11.5,-92.13,-0.850023881));
#380=DIRECTION('',(-1.,-0.,0.));
#381=VECTOR('',#380,20.);
#382=LINE('',#379,#381);
#383=EDGE_CURVE('',#369,#378,#382,.T.);
#384=ORIENTED_EDGE('',*,*,#383,.T.);
#385=CARTESIAN_POINT('',(-9.25,-92.13,-0.85001194));
#386=VERTEX_POINT('',#385);
#387=CARTESIAN_POINT('',(-8.5,-92.13,-0.850023881));
#388=DIRECTION('',(-1.,-0.,0.));
#389=VECTOR('',#388,0.75);
#390=LINE('',#387,#389);
#391=EDGE_CURVE('',#378,#386,#390,.T.);
#392=ORIENTED_EDGE('',*,*,#391,.T.);
#393=CARTESIAN_POINT('',(-11.25,-90.13,-0.85001194));
#394=VERTEX_POINT('',#393);
#395=CARTESIAN_POINT('',(-9.25,-92.13,-0.850023881));
#396=CARTESIAN_POINT('',(-9.446704755,-92.13,-0.850023881));
#397=CARTESIAN_POINT('',(-9.640180644,-92.091570561,-0.850023881));
#398=CARTESIAN_POINT('',(-9.832849573,-92.053301405,-0.850023881));
#399=CARTESIAN_POINT('',(-10.015366865,-91.977759065,-0.850023881));
#400=CARTESIAN_POINT('',(-10.196867773,-91.902637397,-0.850023881));
#401=CARTESIAN_POINT('',(-10.361140466,-91.792939225,-0.850023881));
#402=CARTESIAN_POINT('',(-10.524498375,-91.683851928,-0.850023881));
#403=CARTESIAN_POINT('',(-10.664213562,-91.544213562,-0.850023881));
#404=CARTESIAN_POINT('',(-10.803150719,-91.4053528,-0.850023881));
#405=CARTESIAN_POINT('',(-10.912939225,-91.241140466,-0.850023881));
#406=CARTESIAN_POINT('',(-11.022116352,-91.07784258,-0.850023881));
#407=CARTESIAN_POINT('',(-11.097759065,-90.895366865,-0.850023881));
#408=CARTESIAN_POINT('',(-11.172980547,-90.713907301,-0.850023881));
#409=CARTESIAN_POINT('',(-11.211570561,-90.520180644,-0.850023881));
#410=CARTESIAN_POINT('',(-11.25,-90.327260091,-0.850023881));
#411=CARTESIAN_POINT('',(-11.25,-90.13,-0.850023881));
#412=B_SPLINE_CURVE_WITH_KNOTS('',2,(#395,#396,#397,#398,#399,#400,#401,#402,#403,#404,#405,#406,#407,#408,#409,#410,#411),.UNSPECIFIED.,.F.,.F.,(3,2,2,2,2,2,2,2,3),(0.,0.125,0.25,0.375,0.5,0.625,0.75,0.875,1.),.UNSPECIFIED.);
#413=EDGE_CURVE('',#386,#394,#412,.T.);
#414=ORIENTED_EDGE('',*,*,#413,.T.);
#415=CARTESIAN_POINT('',(-9.25,-88.13,-0.85001194));
#416=VERTEX_POINT('',#415);
#417=CARTESIAN_POINT('',(-11.25,-90.13,-0.850023881));
#418=CARTESIAN_POINT('',(-11.25,-89.933295245,-0.850023881));
#419=CARTESIAN_POINT('',(-11.211570561,-89.739819356,-0.850023881));
#420=CARTESIAN_POINT('',(-11.173301405,-89.547150427,-0.850023881));
#421=CARTESIAN_POINT('',(-11.097759065,-89.364633135,-0.850023881));
#422=CARTESIAN_POINT('',(-11.022637397,-89.183132227,-0.850023881));
#423=CARTESIAN_POINT('',(-10.912939225,-89.018859534,-0.850023881));
#424=CARTESIAN_POINT('',(-10.803851928,-88.855501625,-0.850023881));
#425=CARTESIAN_POINT('',(-10.664213562,-88.715786438,-0.850023881));
#426=CARTESIAN_POINT('',(-10.5253528,-88.576849281,-0.850023881));
#427=CARTESIAN_POINT('',(-10.361140466,-88.467060775,-0.850023881));
#428=CARTESIAN_POINT('',(-10.19784258,-88.357883648,-0.850023881));
#429=CARTESIAN_POINT('',(-10.015366865,-88.282240935,-0.850023881));
#430=CARTESIAN_POINT('',(-9.833907301,-88.207019453,-0.850023881));
#431=CARTESIAN_POINT('',(-9.640180644,-88.168429439,-0.850023881));
#432=CARTESIAN_POINT('',(-9.447260091,-88.13,-0.850023881));
#433=CARTESIAN_POINT('',(-9.25,-88.13,-0.850023881));
#434=B_SPLINE_CURVE_WITH_KNOTS('',2,(#417,#418,#419,#420,#421,#422,#423,#424,#425,#426,#427,#428,#429,#430,#431,#432,#433),.UNSPECIFIED.,.F.,.F.,(3,2,2,2,2,2,2,2,3),(0.,0.125,0.25,0.375,0.5,0.625,0.75,0.875,1.),.UNSPECIFIED.);
#435=EDGE_CURVE('',#394,#416,#434,.T.);
#436=ORIENTED_EDGE('',*,*,#435,.T.);
#437=CARTESIAN_POINT('',(-9.25,-88.13,-0.850023881));
#438=DIRECTION('',(1.,0.,-0.));
#439=VECTOR('',#438,0.75);
#440=LINE('',#437,#439);
#441=EDGE_CURVE('',#416,#359,#440,.T.);
#442=ORIENTED_EDGE('',*,*,#441,.T.);
#443=EDGE_LOOP('',(#367,#376,#384,#392,#414,#436,#442));
#444=FACE_BOUND('',#443,.T.);
#445=ADVANCED_FACE('',(#337,#357,#444),#87,.T.);
#446=CARTESIAN_POINT('',(32.25,-89.88,-0.85));
#447=DIRECTION('',(-1.,0.,0.));
#448=DIRECTION('',(0.,0.,1.));
#449=AXIS2_PLACEMENT_3D('',#446,#447,#448);
#450=PLANE('',#449);
#451=CARTESIAN_POINT('',(32.25,-80.13,-4.35));
#452=VERTEX_POINT('',#451);
#453=CARTESIAN_POINT('',(32.25,-80.13,-4.35));
#454=DIRECTION('',(0.,0.,1.));
#455=VECTOR('',#454,3.499976119);
#456=LINE('',#453,#455);
#457=EDGE_CURVE('',#452,#132,#456,.T.);
#458=ORIENTED_EDGE('',*,*,#457,.F.);
#459=CARTESIAN_POINT('',(32.25,-5.63,-4.35));
#460=VERTEX_POINT('',#459);
#461=CARTESIAN_POINT('',(32.25,-80.13,-4.35));
#462=DIRECTION('',(0.,1.,0.));
#463=VECTOR('',#462,74.5);
#464=LINE('',#461,#463);
#465=EDGE_CURVE('',#452,#460,#464,.T.);
#466=ORIENTED_EDGE('',*,*,#465,.T.);
#467=CARTESIAN_POINT('',(32.25,-5.63,-4.35));
#468=DIRECTION('',(-0.,0.,1.));
#469=VECTOR('',#468,3.499976119);
#470=LINE('',#467,#469);
#471=EDGE_CURVE('',#460,#140,#470,.T.);
#472=ORIENTED_EDGE('',*,*,#471,.T.);
#473=ORIENTED_EDGE('',*,*,#145,.T.);
#474=EDGE_LOOP('',(#458,#466,#472,#473));
#475=FACE_BOUND('',#474,.T.);
#476=ADVANCED_FACE('',(#475),#450,.F.);
#477=CARTESIAN_POINT('',(0.,0.,-4.35));
#478=DIRECTION('',(0.,0.,-1.));
#479=DIRECTION('',(1.,0.,0.));
#480=AXIS2_PLACEMENT_3D('',#477,#478,#479);
#481=PLANE('',#480);
#482=CARTESIAN_POINT('',(27.75,-90.13,-4.35));
#483=VERTEX_POINT('',#482);
#484=CARTESIAN_POINT('',(29.75,-90.13,-4.35));
#485=DIRECTION('',(0.,0.,-1.));
#486=DIRECTION('',(-1.,0.,0.));
#487=AXIS2_PLACEMENT_3D('',#484,#485,#486);
#488=CIRCLE('',#487,2.);
#489=EDGE_CURVE('',#483,#483,#488,.T.);
#490=ORIENTED_EDGE('',*,*,#489,.F.);
#491=EDGE_LOOP('',(#490));
#492=FACE_BOUND('',#491,.T.);
#493=CARTESIAN_POINT('',(-10.5,-90.13,-4.35));
#494=VERTEX_POINT('',#493);
#495=CARTESIAN_POINT('',(-8.5,-88.13,-4.35));
#496=VERTEX_POINT('',#495);
#497=CARTESIAN_POINT('',(-8.5,-90.13,-4.35));
#498=DIRECTION('',(0.,0.,-1.));
#499=DIRECTION('',(-1.,0.,0.));
#500=AXIS2_PLACEMENT_3D('',#497,#498,#499);
#501=CIRCLE('',#500,2.);
#502=EDGE_CURVE('',#494,#496,#501,.T.);
#503=ORIENTED_EDGE('',*,*,#502,.F.);
#504=CARTESIAN_POINT('',(-8.5,-92.13,-4.35));
#505=VERTEX_POINT('',#504);
#506=CARTESIAN_POINT('',(-8.5,-90.13,-4.35));
#507=DIRECTION('',(0.,0.,-1.));
#508=DIRECTION('',(-1.,0.,0.));
#509=AXIS2_PLACEMENT_3D('',#506,#507,#508);
#510=CIRCLE('',#509,2.);
#511=EDGE_CURVE('',#505,#494,#510,.T.);
#512=ORIENTED_EDGE('',*,*,#511,.F.);
#513=CARTESIAN_POINT('',(11.5,-92.13,-4.35));
#514=VERTEX_POINT('',#513);
#515=CARTESIAN_POINT('',(-8.5,-92.13,-4.35));
#516=DIRECTION('',(1.,0.,-0.));
#517=VECTOR('',#516,20.);
#518=LINE('',#515,#517);
#519=EDGE_CURVE('',#505,#514,#518,.T.);
#520=ORIENTED_EDGE('',*,*,#519,.T.);
#521=CARTESIAN_POINT('',(11.5,-88.13,-4.35));
#522=VERTEX_POINT('',#521);
#523=CARTESIAN_POINT('',(11.5,-90.13,-4.35));
#524=DIRECTION('',(0.,0.,-1.));
#525=DIRECTION('',(-1.,0.,0.));
#526=AXIS2_PLACEMENT_3D('',#523,#524,#525);
#527=CIRCLE('',#526,2.);
#528=EDGE_CURVE('',#522,#514,#527,.T.);
#529=ORIENTED_EDGE('',*,*,#528,.F.);
#530=CARTESIAN_POINT('',(11.5,-88.13,-4.35));
#531=DIRECTION('',(-1.,0.,0.));
#532=VECTOR('',#531,20.);
#533=LINE('',#530,#532);
#534=EDGE_CURVE('',#522,#496,#533,.T.);
#535=ORIENTED_EDGE('',*,*,#534,.T.);
#536=EDGE_LOOP('',(#503,#512,#520,#529,#535));
#537=FACE_BOUND('',#536,.T.);
#538=CARTESIAN_POINT('',(-28.75,-90.13,-4.35));
#539=VERTEX_POINT('',#538);
#540=CARTESIAN_POINT('',(-26.75,-90.13,-4.35));
#541=DIRECTION('',(0.,0.,-1.));
#542=DIRECTION('',(-1.,0.,0.));
#543=AXIS2_PLACEMENT_3D('',#540,#541,#542);
#544=CIRCLE('',#543,2.);
#545=EDGE_CURVE('',#539,#539,#544,.T.);
#546=ORIENTED_EDGE('',*,*,#545,.F.);
#547=EDGE_LOOP('',(#546));
#548=FACE_BOUND('',#547,.T.);
#549=CARTESIAN_POINT('',(-20.,1.27,-4.35));
#550=VERTEX_POINT('',#549);
#551=CARTESIAN_POINT('',(-20.,0.27,-4.35));
#552=VERTEX_POINT('',#551);
#553=CARTESIAN_POINT('',(-20.,1.27,-4.35));
#554=DIRECTION('',(0.,-1.,0.));
#555=VECTOR('',#554,1.);
#556=LINE('',#553,#555);
#557=EDGE_CURVE('',#550,#552,#556,.T.);
#558=ORIENTED_EDGE('',*,*,#557,.T.);
#559=CARTESIAN_POINT('',(-21.,-0.73,-4.35));
#560=VERTEX_POINT('',#559);
#561=CARTESIAN_POINT('',(-21.,0.27,-4.35));
#562=DIRECTION('',(0.,0.,-1.));
#563=DIRECTION('',(-1.,0.,0.));
#564=AXIS2_PLACEMENT_3D('',#561,#562,#563);
#565=CIRCLE('',#564,1.);
#566=EDGE_CURVE('',#552,#560,#565,.T.);
#567=ORIENTED_EDGE('',*,*,#566,.T.);
#568=CARTESIAN_POINT('',(-29.25,-0.73,-4.35));
#569=VERTEX_POINT('',#568);
#570=CARTESIAN_POINT('',(-29.25,-0.73,-4.35));
#571=DIRECTION('',(1.,0.,0.));
#572=VECTOR('',#571,8.25);
#573=LINE('',#570,#572);
#574=EDGE_CURVE('',#569,#560,#573,.T.);
#575=ORIENTED_EDGE('',*,*,#574,.F.);
#576=CARTESIAN_POINT('',(-29.25,-87.5,-4.35));
#577=VERTEX_POINT('',#576);
#578=CARTESIAN_POINT('',(-29.25,-87.5,-4.35));
#579=DIRECTION('',(0.,1.,0.));
#580=VECTOR('',#579,86.77);
#581=LINE('',#578,#580);
#582=EDGE_CURVE('',#577,#569,#581,.T.);
#583=ORIENTED_EDGE('',*,*,#582,.F.);
#584=CARTESIAN_POINT('',(29.25,-87.5,-4.35));
#585=VERTEX_POINT('',#584);
#586=CARTESIAN_POINT('',(-29.25,-87.5,-4.35));
#587=DIRECTION('',(1.,0.,-0.));
#588=VECTOR('',#587,58.5);
#589=LINE('',#586,#588);
#590=EDGE_CURVE('',#577,#585,#589,.T.);
#591=ORIENTED_EDGE('',*,*,#590,.T.);
#592=CARTESIAN_POINT('',(29.25,-0.73,-4.35));
#593=VERTEX_POINT('',#592);
#594=CARTESIAN_POINT('',(29.25,-87.5,-4.35));
#595=DIRECTION('',(0.,1.,0.));
#596=VECTOR('',#595,86.77);
#597=LINE('',#594,#596);
#598=EDGE_CURVE('',#585,#593,#597,.T.);
#599=ORIENTED_EDGE('',*,*,#598,.T.);
#600=CARTESIAN_POINT('',(21.,-0.73,-4.35));
#601=VERTEX_POINT('',#600);
#602=CARTESIAN_POINT('',(21.,-0.73,-4.35));
#603=DIRECTION('',(1.,0.,0.));
#604=VECTOR('',#603,8.25);
#605=LINE('',#602,#604);
#606=EDGE_CURVE('',#601,#593,#605,.T.);
#607=ORIENTED_EDGE('',*,*,#606,.F.);
#608=CARTESIAN_POINT('',(20.,0.27,-4.35));
#609=VERTEX_POINT('',#608);
#610=CARTESIAN_POINT('',(21.,0.27,-4.35));
#611=DIRECTION('',(0.,0.,-1.));
#612=DIRECTION('',(-1.,0.,0.));
#613=AXIS2_PLACEMENT_3D('',#610,#611,#612);
#614=CIRCLE('',#613,1.);
#615=EDGE_CURVE('',#601,#609,#614,.T.);
#616=ORIENTED_EDGE('',*,*,#615,.T.);
#617=CARTESIAN_POINT('',(20.,1.27,-4.35));
#618=VERTEX_POINT('',#617);
#619=CARTESIAN_POINT('',(20.,1.27,-4.35));
#620=DIRECTION('',(0.,-1.,0.));
#621=VECTOR('',#620,1.);
#622=LINE('',#619,#621);
#623=EDGE_CURVE('',#618,#609,#622,.T.);
#624=ORIENTED_EDGE('',*,*,#623,.F.);
#625=CARTESIAN_POINT('',(17.,4.27,-4.35));
#626=VERTEX_POINT('',#625);
#627=CARTESIAN_POINT('',(17.,1.27,-4.35));
#628=DIRECTION('',(-0.,-0.,1.));
#629=DIRECTION('',(-1.,0.,0.));
#630=AXIS2_PLACEMENT_3D('',#627,#628,#629);
#631=CIRCLE('',#630,3.);
#632=EDGE_CURVE('',#618,#626,#631,.T.);
#633=ORIENTED_EDGE('',*,*,#632,.T.);
#634=CARTESIAN_POINT('',(-17.,4.27,-4.35));
#635=VERTEX_POINT('',#634);
#636=CARTESIAN_POINT('',(-17.,4.27,-4.35));
#637=DIRECTION('',(1.,0.,0.));
#638=VECTOR('',#637,34.);
#639=LINE('',#636,#638);
#640=EDGE_CURVE('',#635,#626,#639,.T.);
#641=ORIENTED_EDGE('',*,*,#640,.F.);
#642=CARTESIAN_POINT('',(-17.,1.27,-4.35));
#643=DIRECTION('',(-0.,-0.,1.));
#644=DIRECTION('',(-1.,0.,0.));
#645=AXIS2_PLACEMENT_3D('',#642,#643,#644);
#646=CIRCLE('',#645,3.);
#647=EDGE_CURVE('',#635,#550,#646,.T.);
#648=ORIENTED_EDGE('',*,*,#647,.T.);
#649=EDGE_LOOP('',(#558,#567,#575,#583,#591,#599,#607,#616,#624,#633,#641,#648));
#650=FACE_BOUND('',#649,.T.);
#651=CARTESIAN_POINT('',(-32.25,37.87,-4.35));
#652=VERTEX_POINT('',#651);
#653=CARTESIAN_POINT('',(31.75,37.87,-4.35));
#654=VERTEX_POINT('',#653);
#655=CARTESIAN_POINT('',(-32.25,37.87,-4.35));
#656=DIRECTION('',(1.,0.,0.));
#657=VECTOR('',#656,64.);
#658=LINE('',#655,#657);
#659=EDGE_CURVE('',#652,#654,#658,.T.);
#660=ORIENTED_EDGE('',*,*,#659,.T.);
#661=CARTESIAN_POINT('',(33.75,35.87,-4.35));
#662=VERTEX_POINT('',#661);
#663=CARTESIAN_POINT('',(31.75,37.87,-4.35));
#664=DIRECTION('',(0.707106781,-0.707106781,-0.));
#665=VECTOR('',#664,2.828427125);
#666=LINE('',#663,#665);
#667=EDGE_CURVE('',#654,#662,#666,.T.);
#668=ORIENTED_EDGE('',*,*,#667,.T.);
#669=CARTESIAN_POINT('',(33.75,-4.13,-4.35));
#670=VERTEX_POINT('',#669);
#671=CARTESIAN_POINT('',(33.75,35.87,-4.35));
#672=DIRECTION('',(0.,-1.,0.));
#673=VECTOR('',#672,40.);
#674=LINE('',#671,#673);
#675=EDGE_CURVE('',#662,#670,#674,.T.);
#676=ORIENTED_EDGE('',*,*,#675,.T.);
#677=CARTESIAN_POINT('',(33.75,-4.13,-4.35));
#678=DIRECTION('',(-0.707106781,-0.707106781,-0.));
#679=VECTOR('',#678,2.121320344);
#680=LINE('',#677,#679);
#681=EDGE_CURVE('',#670,#460,#680,.T.);
#682=ORIENTED_EDGE('',*,*,#681,.T.);
#683=ORIENTED_EDGE('',*,*,#465,.F.);
#684=CARTESIAN_POINT('',(33.75,-81.63,-4.35));
#685=VERTEX_POINT('',#684);
#686=CARTESIAN_POINT('',(32.25,-80.13,-4.35));
#687=DIRECTION('',(0.707106781,-0.707106781,0.));
#688=VECTOR('',#687,2.121320344);
#689=LINE('',#686,#688);
#690=EDGE_CURVE('',#452,#685,#689,.T.);
#691=ORIENTED_EDGE('',*,*,#690,.T.);
#692=CARTESIAN_POINT('',(33.75,-94.13,-4.35));
#693=VERTEX_POINT('',#692);
#694=CARTESIAN_POINT('',(33.75,-94.13,-4.35));
#695=DIRECTION('',(0.,1.,0.));
#696=VECTOR('',#695,12.5);
#697=LINE('',#694,#696);
#698=EDGE_CURVE('',#693,#685,#697,.T.);
#699=ORIENTED_EDGE('',*,*,#698,.F.);
#700=CARTESIAN_POINT('',(-32.25,-94.13,-4.35));
#701=VERTEX_POINT('',#700);
#702=CARTESIAN_POINT('',(-32.25,-94.13,-4.35));
#703=DIRECTION('',(1.,0.,-0.));
#704=VECTOR('',#703,66.);
#705=LINE('',#702,#704);
#706=EDGE_CURVE('',#701,#693,#705,.T.);
#707=ORIENTED_EDGE('',*,*,#706,.F.);
#708=CARTESIAN_POINT('',(-32.25,37.87,-4.35));
#709=DIRECTION('',(0.,-1.,0.));
#710=VECTOR('',#709,132.);
#711=LINE('',#708,#710);
#712=EDGE_CURVE('',#652,#701,#711,.T.);
#713=ORIENTED_EDGE('',*,*,#712,.F.);
#714=EDGE_LOOP('',(#660,#668,#676,#682,#683,#691,#699,#707,#713));
#715=FACE_BOUND('',#714,.T.);
#716=ADVANCED_FACE('',(#492,#537,#548,#650,#715),#481,.T.);
#717=COLOUR_RGB('',0.627451003,0.627451003,0.643137276);
#718=FILL_AREA_STYLE_COLOUR('',#717);
#719=FILL_AREA_STYLE('',(#718));
#720=SURFACE_STYLE_FILL_AREA(#719);
#721=SURFACE_SIDE_STYLE('',(#720));
#722=SURFACE_STYLE_USAGE(.BOTH.,#721);
#723=PRESENTATION_STYLE_ASSIGNMENT((#722));
#724=OVER_RIDING_STYLED_ITEM('',(#723),#716,#82);
#725=CARTESIAN_POINT('',(-0.,37.87,-3.7));
#726=DIRECTION('',(-0.,1.,0.));
#727=DIRECTION('',(-1.,-0.,0.));
#728=AXIS2_PLACEMENT_3D('',#725,#726,#727);
#729=PLANE('',#728);
#730=CARTESIAN_POINT('',(31.75,37.87,-0.850023881));
#731=VERTEX_POINT('',#730);
#732=CARTESIAN_POINT('',(-32.25,37.87,-0.850023881));
#733=VERTEX_POINT('',#732);
#734=CARTESIAN_POINT('',(31.75,37.87,-0.850023881));
#735=DIRECTION('',(-1.,-0.,0.));
#736=VECTOR('',#735,64.);
#737=LINE('',#734,#736);
#738=EDGE_CURVE('',#731,#733,#737,.T.);
#739=ORIENTED_EDGE('',*,*,#738,.F.);
#740=CARTESIAN_POINT('',(31.75,37.87,-0.850023881));
#741=DIRECTION('',(0.,0.,-1.));
#742=VECTOR('',#741,3.499976119);
#743=LINE('',#740,#742);
#744=EDGE_CURVE('',#731,#654,#743,.T.);
#745=ORIENTED_EDGE('',*,*,#744,.T.);
#746=ORIENTED_EDGE('',*,*,#659,.F.);
#747=CARTESIAN_POINT('',(-32.25,37.87,-0.850023881));
#748=DIRECTION('',(0.,0.,-1.));
#749=VECTOR('',#748,3.499976119);
#750=LINE('',#747,#749);
#751=EDGE_CURVE('',#733,#652,#750,.T.);
#752=ORIENTED_EDGE('',*,*,#751,.F.);
#753=EDGE_LOOP('',(#739,#745,#746,#752));
#754=FACE_BOUND('',#753,.T.);
#755=ADVANCED_FACE('',(#754),#729,.T.);
#756=CARTESIAN_POINT('',(0.,0.,-0.850023881));
#757=DIRECTION('',(0.,0.,1.));
#758=DIRECTION('',(1.,0.,0.));
#759=AXIS2_PLACEMENT_3D('',#756,#757,#758);
#760=PLANE('',#759);
#761=CARTESIAN_POINT('',(33.75,35.87,-0.850023881));
#762=VERTEX_POINT('',#761);
#763=CARTESIAN_POINT('',(33.75,31.387294231,-0.850023881));
#764=VERTEX_POINT('',#763);
#765=CARTESIAN_POINT('',(33.75,35.87,-0.850023881));
#766=DIRECTION('',(0.,-1.,0.));
#767=VECTOR('',#766,4.482705769);
#768=LINE('',#765,#767);
#769=EDGE_CURVE('',#762,#764,#768,.T.);
#770=ORIENTED_EDGE('',*,*,#769,.F.);
#771=CARTESIAN_POINT('',(33.75,35.87,-0.850023881));
#772=DIRECTION('',(-0.707106781,0.707106781,-0.));
#773=VECTOR('',#772,2.828427125);
#774=LINE('',#771,#773);
#775=EDGE_CURVE('',#762,#731,#774,.T.);
#776=ORIENTED_EDGE('',*,*,#775,.T.);
#777=ORIENTED_EDGE('',*,*,#738,.T.);
#778=CARTESIAN_POINT('',(-32.25,31.387345031,-0.850023881));
#779=VERTEX_POINT('',#778);
#780=CARTESIAN_POINT('',(-32.25,31.387345031,-0.850023881));
#781=DIRECTION('',(0.,1.,0.));
#782=VECTOR('',#781,6.482654969);
#783=LINE('',#780,#782);
#784=EDGE_CURVE('',#779,#733,#783,.T.);
#785=ORIENTED_EDGE('',*,*,#784,.F.);
#786=CARTESIAN_POINT('',(-29.25,31.387345031,-0.850023881));
#787=VERTEX_POINT('',#786);
#788=CARTESIAN_POINT('',(-32.25,31.387345031,-0.850023881));
#789=DIRECTION('',(1.,0.,-0.));
#790=VECTOR('',#789,3.);
#791=LINE('',#788,#790);
#792=EDGE_CURVE('',#779,#787,#791,.T.);
#793=ORIENTED_EDGE('',*,*,#792,.T.);
#794=CARTESIAN_POINT('',(-29.25,33.187345031,-0.850023881));
#795=VERTEX_POINT('',#794);
#796=CARTESIAN_POINT('',(-29.25,31.387345031,-0.850023881));
#797=DIRECTION('',(-0.,1.,0.));
#798=VECTOR('',#797,1.8);
#799=LINE('',#796,#798);
#800=EDGE_CURVE('',#787,#795,#799,.T.);
#801=ORIENTED_EDGE('',*,*,#800,.T.);
#802=CARTESIAN_POINT('',(-28.35,33.187345031,-0.850023881));
#803=VERTEX_POINT('',#802);
#804=CARTESIAN_POINT('',(-28.35,33.187345031,-0.850023881));
#805=DIRECTION('',(-1.,-0.,0.));
#806=VECTOR('',#805,0.9);
#807=LINE('',#804,#806);
#808=EDGE_CURVE('',#803,#795,#807,.T.);
#809=ORIENTED_EDGE('',*,*,#808,.F.);
#810=CARTESIAN_POINT('',(-28.35,36.37,-0.850023881));
#811=VERTEX_POINT('',#810);
#812=CARTESIAN_POINT('',(-28.35,36.37,-0.850023881));
#813=DIRECTION('',(0.,-1.,0.));
#814=VECTOR('',#813,3.182654969);
#815=LINE('',#812,#814);
#816=EDGE_CURVE('',#811,#803,#815,.T.);
#817=ORIENTED_EDGE('',*,*,#816,.F.);
#818=CARTESIAN_POINT('',(28.35,36.37,-0.850023881));
#819=VERTEX_POINT('',#818);
#820=CARTESIAN_POINT('',(-28.35,36.37,-0.850023881));
#821=DIRECTION('',(1.,0.,0.));
#822=VECTOR('',#821,56.7);
#823=LINE('',#820,#822);
#824=EDGE_CURVE('',#811,#819,#823,.T.);
#825=ORIENTED_EDGE('',*,*,#824,.T.);
#826=CARTESIAN_POINT('',(28.35,33.187294231,-0.850023881));
#827=VERTEX_POINT('',#826);
#828=CARTESIAN_POINT('',(28.35,36.37,-0.850023881));
#829=DIRECTION('',(0.,-1.,0.));
#830=VECTOR('',#829,3.182705769);
#831=LINE('',#828,#830);
#832=EDGE_CURVE('',#819,#827,#831,.T.);
#833=ORIENTED_EDGE('',*,*,#832,.T.);
#834=CARTESIAN_POINT('',(29.25,33.187294231,-0.850023881));
#835=VERTEX_POINT('',#834);
#836=CARTESIAN_POINT('',(29.25,33.187294231,-0.850023881));
#837=DIRECTION('',(-1.,-0.,0.));
#838=VECTOR('',#837,0.9);
#839=LINE('',#836,#838);
#840=EDGE_CURVE('',#835,#827,#839,.T.);
#841=ORIENTED_EDGE('',*,*,#840,.F.);
#842=CARTESIAN_POINT('',(29.25,31.387294231,-0.850023881));
#843=VERTEX_POINT('',#842);
#844=CARTESIAN_POINT('',(29.25,31.387294231,-0.850023881));
#845=DIRECTION('',(-0.,1.,0.));
#846=VECTOR('',#845,1.8);
#847=LINE('',#844,#846);
#848=EDGE_CURVE('',#843,#835,#847,.T.);
#849=ORIENTED_EDGE('',*,*,#848,.F.);
#850=CARTESIAN_POINT('',(29.25,31.387294231,-0.850023881));
#851=DIRECTION('',(1.,0.,-0.));
#852=VECTOR('',#851,4.5);
#853=LINE('',#850,#852);
#854=EDGE_CURVE('',#843,#764,#853,.T.);
#855=ORIENTED_EDGE('',*,*,#854,.T.);
#856=EDGE_LOOP('',(#770,#776,#777,#785,#793,#801,#809,#817,#825,#833,#841,#849,#855));
#857=FACE_BOUND('',#856,.T.);
#858=ADVANCED_FACE('',(#857),#760,.T.);
#859=CARTESIAN_POINT('',(31.5,-94.13,-0.85));
#860=DIRECTION('',(0.,1.,0.));
#861=DIRECTION('',(0.,0.,1.));
#862=AXIS2_PLACEMENT_3D('',#859,#860,#861);
#863=PLANE('',#862);
#864=ORIENTED_EDGE('',*,*,#706,.T.);
#865=CARTESIAN_POINT('',(33.75,-94.13,-0.85));
#866=VERTEX_POINT('',#865);
#867=CARTESIAN_POINT('',(33.75,-94.13,-0.85));
#868=DIRECTION('',(0.,0.,-1.));
#869=VECTOR('',#868,3.5);
#870=LINE('',#867,#869);
#871=EDGE_CURVE('',#866,#693,#870,.T.);
#872=ORIENTED_EDGE('',*,*,#871,.F.);
#873=CARTESIAN_POINT('',(30.75,-94.13,-0.85));
#874=DIRECTION('',(1.,0.,-0.));
#875=VECTOR('',#874,3.);
#876=LINE('',#873,#875);
#877=EDGE_CURVE('',#268,#866,#876,.T.);
#878=ORIENTED_EDGE('',*,*,#877,.F.);
#879=ORIENTED_EDGE('',*,*,#273,.T.);
#880=CARTESIAN_POINT('',(-32.25,-94.13,-0.850023881));
#881=DIRECTION('',(0.,0.,-1.));
#882=VECTOR('',#881,3.499976119);
#883=LINE('',#880,#882);
#884=EDGE_CURVE('',#260,#701,#883,.T.);
#885=ORIENTED_EDGE('',*,*,#884,.T.);
#886=EDGE_LOOP('',(#864,#872,#878,#879,#885));
#887=FACE_BOUND('',#886,.T.);
#888=ADVANCED_FACE('',(#887),#863,.F.);
#889=CARTESIAN_POINT('',(31.5,-84.88,-0.85));
#890=DIRECTION('',(0.707106781,0.707106781,0.));
#891=DIRECTION('',(-0.707106781,0.707106781,0.));
#892=AXIS2_PLACEMENT_3D('',#889,#890,#891);
#893=PLANE('',#892);
#894=CARTESIAN_POINT('',(30.75,-84.13,-0.85));
#895=DIRECTION('',(0.707106781,-0.707106781,0.));
#896=VECTOR('',#895,2.121320344);
#897=LINE('',#894,#896);
#898=EDGE_CURVE('',#100,#108,#897,.T.);
#899=ORIENTED_EDGE('',*,*,#898,.T.);
#900=ORIENTED_EDGE('',*,*,#113,.T.);
#901=EDGE_LOOP('',(#899,#900));
#902=FACE_BOUND('',#901,.T.);
#903=ADVANCED_FACE('',(#902),#893,.T.);
#904=CARTESIAN_POINT('',(0.,0.,-0.85));
#905=DIRECTION('',(0.,0.,-1.));
#906=DIRECTION('',(1.,0.,0.));
#907=AXIS2_PLACEMENT_3D('',#904,#905,#906);
#908=PLANE('',#907);
#909=ORIENTED_EDGE('',*,*,#105,.F.);
#910=CARTESIAN_POINT('',(29.75,-90.13,-0.85));
#911=DIRECTION('',(0.,0.,-1.));
#912=DIRECTION('',(-1.,0.,0.));
#913=AXIS2_PLACEMENT_3D('',#910,#911,#912);
#914=CIRCLE('',#913,2.);
#915=EDGE_CURVE('',#89,#276,#914,.T.);
#916=ORIENTED_EDGE('',*,*,#915,.T.);
#917=ORIENTED_EDGE('',*,*,#281,.F.);
#918=ORIENTED_EDGE('',*,*,#877,.T.);
#919=CARTESIAN_POINT('',(33.75,-94.13,-0.85));
#920=DIRECTION('',(0.,1.,0.));
#921=VECTOR('',#920,8.5);
#922=LINE('',#919,#921);
#923=EDGE_CURVE('',#866,#116,#922,.T.);
#924=ORIENTED_EDGE('',*,*,#923,.T.);
#925=ORIENTED_EDGE('',*,*,#121,.T.);
#926=ORIENTED_EDGE('',*,*,#898,.F.);
#927=EDGE_LOOP('',(#909,#916,#917,#918,#924,#925,#926));
#928=FACE_BOUND('',#927,.T.);
#929=ADVANCED_FACE('',(#928),#908,.F.);
#930=CARTESIAN_POINT('',(0.,-86.,0.));
#931=DIRECTION('',(0.,1.,0.));
#932=DIRECTION('',(-1.,0.,0.));
#933=AXIS2_PLACEMENT_3D('',#930,#931,#932);
#934=PLANE('',#933);
#935=ORIENTED_EDGE('',*,*,#217,.F.);
#936=CARTESIAN_POINT('',(27.75,-86.,-3.150023881));
#937=VERTEX_POINT('',#936);
#938=CARTESIAN_POINT('',(27.75,-86.,-0.850023881));
#939=DIRECTION('',(0.,0.,-1.));
#940=VECTOR('',#939,2.3);
#941=LINE('',#938,#940);
#942=EDGE_CURVE('',#204,#937,#941,.T.);
#943=ORIENTED_EDGE('',*,*,#942,.T.);
#944=CARTESIAN_POINT('',(-27.75,-86.,-3.150023881));
#945=VERTEX_POINT('',#944);
#946=CARTESIAN_POINT('',(27.75,-86.,-3.150023881));
#947=DIRECTION('',(-1.,0.,0.));
#948=VECTOR('',#947,55.5);
#949=LINE('',#946,#948);
#950=EDGE_CURVE('',#937,#945,#949,.T.);
#951=ORIENTED_EDGE('',*,*,#950,.T.);
#952=CARTESIAN_POINT('',(-27.75,-86.,-0.850023881));
#953=DIRECTION('',(0.,0.,-1.));
#954=VECTOR('',#953,2.3);
#955=LINE('',#952,#954);
#956=EDGE_CURVE('',#212,#945,#955,.T.);
#957=ORIENTED_EDGE('',*,*,#956,.F.);
#958=EDGE_LOOP('',(#935,#943,#951,#957));
#959=FACE_BOUND('',#958,.T.);
#960=ADVANCED_FACE('',(#959),#934,.T.);
#961=CARTESIAN_POINT('',(0.,-0.73,-3.7));
#962=DIRECTION('',(-0.,1.,0.));
#963=DIRECTION('',(-1.,-0.,0.));
#964=AXIS2_PLACEMENT_3D('',#961,#962,#963);
#965=PLANE('',#964);
#966=CARTESIAN_POINT('',(28.35,-0.73,-3.150023881));
#967=VERTEX_POINT('',#966);
#968=CARTESIAN_POINT('',(29.25,-0.73,-3.150023881));
#969=VERTEX_POINT('',#968);
#970=CARTESIAN_POINT('',(28.35,-0.73,-3.150023881));
#971=DIRECTION('',(1.,0.,0.));
#972=VECTOR('',#971,0.9);
#973=LINE('',#970,#972);
#974=EDGE_CURVE('',#967,#969,#973,.T.);
#975=ORIENTED_EDGE('',*,*,#974,.F.);
#976=CARTESIAN_POINT('',(28.35,-0.73,-3.85));
#977=VERTEX_POINT('',#976);
#978=CARTESIAN_POINT('',(28.35,-0.73,-3.85));
#979=DIRECTION('',(0.,0.,1.));
#980=VECTOR('',#979,0.699976119);
#981=LINE('',#978,#980);
#982=EDGE_CURVE('',#977,#967,#981,.T.);
#983=ORIENTED_EDGE('',*,*,#982,.F.);
#984=CARTESIAN_POINT('',(21.,-0.73,-3.85));
#985=VERTEX_POINT('',#984);
#986=CARTESIAN_POINT('',(28.35,-0.73,-3.85));
#987=DIRECTION('',(-1.,-0.,0.));
#988=VECTOR('',#987,7.35);
#989=LINE('',#986,#988);
#990=EDGE_CURVE('',#977,#985,#989,.T.);
#991=ORIENTED_EDGE('',*,*,#990,.T.);
#992=CARTESIAN_POINT('',(21.,-0.73,-3.85));
#993=DIRECTION('',(-0.,-0.,-1.));
#994=VECTOR('',#993,0.5);
#995=LINE('',#992,#994);
#996=EDGE_CURVE('',#985,#601,#995,.T.);
#997=ORIENTED_EDGE('',*,*,#996,.T.);
#998=ORIENTED_EDGE('',*,*,#606,.T.);
#999=CARTESIAN_POINT('',(29.25,-0.73,-4.35));
#1000=DIRECTION('',(0.,0.,1.));
#1001=VECTOR('',#1000,1.199976119);
#1002=LINE('',#999,#1001);
#1003=EDGE_CURVE('',#593,#969,#1002,.T.);
#1004=ORIENTED_EDGE('',*,*,#1003,.T.);
#1005=EDGE_LOOP('',(#975,#983,#991,#997,#998,#1004));
#1006=FACE_BOUND('',#1005,.T.);
#1007=ADVANCED_FACE('',(#1006),#965,.F.);
#1008=CARTESIAN_POINT('',(-27.75,-43.865,-7.850023881));
#1009=DIRECTION('',(1.,0.,0.));
#1010=DIRECTION('',(0.,0.,-1.));
#1011=AXIS2_PLACEMENT_3D('',#1008,#1009,#1010);
#1012=PLANE('',#1011);
#1013=ORIENTED_EDGE('',*,*,#225,.T.);
#1014=ORIENTED_EDGE('',*,*,#956,.T.);
#1015=CARTESIAN_POINT('',(-27.75,-0.73,-3.150023881));
#1016=VERTEX_POINT('',#1015);
#1017=CARTESIAN_POINT('',(-27.75,-86.,-3.150023881));
#1018=DIRECTION('',(0.,1.,0.));
#1019=VECTOR('',#1018,85.27);
#1020=LINE('',#1017,#1019);
#1021=EDGE_CURVE('',#945,#1016,#1020,.T.);
#1022=ORIENTED_EDGE('',*,*,#1021,.T.);
#1023=CARTESIAN_POINT('',(-27.75,-0.73,-0.850023881));
#1024=DIRECTION('',(0.,0.,-1.));
#1025=VECTOR('',#1024,2.3);
#1026=LINE('',#1023,#1025);
#1027=EDGE_CURVE('',#220,#1016,#1026,.T.);
#1028=ORIENTED_EDGE('',*,*,#1027,.F.);
#1029=EDGE_LOOP('',(#1013,#1014,#1022,#1028));
#1030=FACE_BOUND('',#1029,.T.);
#1031=ADVANCED_FACE('',(#1030),#1012,.T.);
#1032=CARTESIAN_POINT('',(-29.25,-43.865,-7.850023881));
#1033=DIRECTION('',(-1.,0.,0.));
#1034=DIRECTION('',(0.,0.,1.));
#1035=AXIS2_PLACEMENT_3D('',#1032,#1033,#1034);
#1036=PLANE('',#1035);
#1037=CARTESIAN_POINT('',(-29.25,-87.5,-3.150023881));
#1038=VERTEX_POINT('',#1037);
#1039=CARTESIAN_POINT('',(-29.25,-0.73,-3.150023881));
#1040=VERTEX_POINT('',#1039);
#1041=CARTESIAN_POINT('',(-29.25,-87.5,-3.150023881));
#1042=DIRECTION('',(0.,1.,0.));
#1043=VECTOR('',#1042,86.77);
#1044=LINE('',#1041,#1043);
#1045=EDGE_CURVE('',#1038,#1040,#1044,.T.);
#1046=ORIENTED_EDGE('',*,*,#1045,.F.);
#1047=CARTESIAN_POINT('',(-29.25,-87.5,-4.35));
#1048=DIRECTION('',(0.,0.,1.));
#1049=VECTOR('',#1048,1.199976119);
#1050=LINE('',#1047,#1049);
#1051=EDGE_CURVE('',#577,#1038,#1050,.T.);
#1052=ORIENTED_EDGE('',*,*,#1051,.F.);
#1053=ORIENTED_EDGE('',*,*,#582,.T.);
#1054=CARTESIAN_POINT('',(-29.25,-0.73,-4.35));
#1055=DIRECTION('',(0.,0.,1.));
#1056=VECTOR('',#1055,1.199976119);
#1057=LINE('',#1054,#1056);
#1058=EDGE_CURVE('',#569,#1040,#1057,.T.);
#1059=ORIENTED_EDGE('',*,*,#1058,.T.);
#1060=EDGE_LOOP('',(#1046,#1052,#1053,#1059));
#1061=FACE_BOUND('',#1060,.T.);
#1062=ADVANCED_FACE('',(#1061),#1036,.F.);
#1063=CARTESIAN_POINT('',(0.,-0.73,-3.7));
#1064=DIRECTION('',(-0.,1.,0.));
#1065=DIRECTION('',(-1.,-0.,0.));
#1066=AXIS2_PLACEMENT_3D('',#1063,#1064,#1065);
#1067=PLANE('',#1066);
#1068=ORIENTED_EDGE('',*,*,#241,.F.);
#1069=CARTESIAN_POINT('',(-28.35,-0.73,-0.85));
#1070=VERTEX_POINT('',#1069);
#1071=CARTESIAN_POINT('',(-28.35,-0.73,-0.850023881));
#1072=DIRECTION('',(0.,0.,1.));
#1073=VECTOR('',#1072,0.000023881);
#1074=LINE('',#1071,#1073);
#1075=EDGE_CURVE('',#228,#1070,#1074,.T.);
#1076=ORIENTED_EDGE('',*,*,#1075,.T.);
#1077=CARTESIAN_POINT('',(-29.25,-0.73,-0.85));
#1078=VERTEX_POINT('',#1077);
#1079=CARTESIAN_POINT('',(-29.25,-0.73,-0.85));
#1080=DIRECTION('',(1.,0.,0.));
#1081=VECTOR('',#1080,0.9);
#1082=LINE('',#1079,#1081);
#1083=EDGE_CURVE('',#1078,#1070,#1082,.T.);
#1084=ORIENTED_EDGE('',*,*,#1083,.F.);
#1085=CARTESIAN_POINT('',(-29.25,-0.73,-0.85));
#1086=DIRECTION('',(0.,0.,-1.));
#1087=VECTOR('',#1086,0.000023881);
#1088=LINE('',#1085,#1087);
#1089=EDGE_CURVE('',#1078,#236,#1088,.T.);
#1090=ORIENTED_EDGE('',*,*,#1089,.T.);
#1091=EDGE_LOOP('',(#1068,#1076,#1084,#1090));
#1092=FACE_BOUND('',#1091,.T.);
#1093=ADVANCED_FACE('',(#1092),#1067,.F.);
#1094=CARTESIAN_POINT('',(0.,0.,-0.85));
#1095=DIRECTION('',(0.,0.,1.));
#1096=DIRECTION('',(0.,1.,0.));
#1097=AXIS2_PLACEMENT_3D('',#1094,#1095,#1096);
#1098=PLANE('',#1097);
#1099=CARTESIAN_POINT('',(-29.25,19.537332331,-0.85));
#1100=VERTEX_POINT('',#1099);
#1101=CARTESIAN_POINT('',(-29.25,13.207319631,-0.85));
#1102=VERTEX_POINT('',#1101);
#1103=CARTESIAN_POINT('',(-29.25,19.537332331,-0.85));
#1104=DIRECTION('',(0.,-1.,0.));
#1105=VECTOR('',#1104,6.3300127);
#1106=LINE('',#1103,#1105);
#1107=EDGE_CURVE('',#1100,#1102,#1106,.T.);
#1108=ORIENTED_EDGE('',*,*,#1107,.T.);
#1109=CARTESIAN_POINT('',(-28.35,13.207319631,-0.85));
#1110=VERTEX_POINT('',#1109);
#1111=CARTESIAN_POINT('',(-29.25,13.207319631,-0.85));
#1112=DIRECTION('',(1.,0.,-0.));
#1113=VECTOR('',#1112,0.9);
#1114=LINE('',#1111,#1113);
#1115=EDGE_CURVE('',#1102,#1110,#1114,.T.);
#1116=ORIENTED_EDGE('',*,*,#1115,.T.);
#1117=CARTESIAN_POINT('',(-28.35,19.537332331,-0.85));
#1118=VERTEX_POINT('',#1117);
#1119=CARTESIAN_POINT('',(-28.35,19.537332331,-0.85));
#1120=DIRECTION('',(0.,-1.,0.));
#1121=VECTOR('',#1120,6.3300127);
#1122=LINE('',#1119,#1121);
#1123=EDGE_CURVE('',#1118,#1110,#1122,.T.);
#1124=ORIENTED_EDGE('',*,*,#1123,.F.);
#1125=CARTESIAN_POINT('',(-29.25,19.537332331,-0.85));
#1126=DIRECTION('',(1.,0.,-0.));
#1127=VECTOR('',#1126,0.9);
#1128=LINE('',#1125,#1127);
#1129=EDGE_CURVE('',#1100,#1118,#1128,.T.);
#1130=ORIENTED_EDGE('',*,*,#1129,.F.);
#1131=EDGE_LOOP('',(#1108,#1116,#1124,#1130));
#1132=FACE_BOUND('',#1131,.T.);
#1133=ADVANCED_FACE('',(#1132),#1098,.T.);
#1134=CARTESIAN_POINT('',(-28.35,43.27,-3.7));
#1135=DIRECTION('',(1.,0.,0.));
#1136=DIRECTION('',(-0.,1.,0.));
#1137=AXIS2_PLACEMENT_3D('',#1134,#1135,#1136);
#1138=PLANE('',#1137);
#1139=ORIENTED_EDGE('',*,*,#1123,.T.);
#1140=CARTESIAN_POINT('',(-28.35,13.207319631,-0.850023881));
#1141=VERTEX_POINT('',#1140);
#1142=CARTESIAN_POINT('',(-28.35,13.207319631,-0.850023881));
#1143=DIRECTION('',(0.,0.,1.));
#1144=VECTOR('',#1143,0.000023881);
#1145=LINE('',#1142,#1144);
#1146=EDGE_CURVE('',#1141,#1110,#1145,.T.);
#1147=ORIENTED_EDGE('',*,*,#1146,.F.);
#1148=CARTESIAN_POINT('',(-28.35,14.457319631,-2.100023881));
#1149=VERTEX_POINT('',#1148);
#1150=CARTESIAN_POINT('',(-28.35,13.207319631,-2.100023881));
#1151=DIRECTION('',(1.,0.,0.));
#1152=DIRECTION('',(-0.,1.,0.));
#1153=AXIS2_PLACEMENT_3D('',#1150,#1151,#1152);
#1154=CIRCLE('',#1153,1.25);
#1155=EDGE_CURVE('',#1149,#1141,#1154,.T.);
#1156=ORIENTED_EDGE('',*,*,#1155,.F.);
#1157=CARTESIAN_POINT('',(-28.35,14.457319631,-2.760023881));
#1158=VERTEX_POINT('',#1157);
#1159=CARTESIAN_POINT('',(-28.35,14.457319631,-2.100023881));
#1160=DIRECTION('',(0.,0.,-1.));
#1161=VECTOR('',#1160,0.66);
#1162=LINE('',#1159,#1161);
#1163=EDGE_CURVE('',#1149,#1158,#1162,.T.);
#1164=ORIENTED_EDGE('',*,*,#1163,.T.);
#1165=CARTESIAN_POINT('',(-28.35,13.207319631,-4.010023881));
#1166=VERTEX_POINT('',#1165);
#1167=CARTESIAN_POINT('',(-28.35,13.207319631,-2.760023881));
#1168=DIRECTION('',(1.,0.,0.));
#1169=DIRECTION('',(-0.,1.,0.));
#1170=AXIS2_PLACEMENT_3D('',#1167,#1168,#1169);
#1171=CIRCLE('',#1170,1.25);
#1172=EDGE_CURVE('',#1166,#1158,#1171,.T.);
#1173=ORIENTED_EDGE('',*,*,#1172,.F.);
#1174=CARTESIAN_POINT('',(-28.35,6.767319631,-4.010023881));
#1175=VERTEX_POINT('',#1174);
#1176=CARTESIAN_POINT('',(-28.35,6.767319631,-4.010023881));
#1177=DIRECTION('',(-0.,1.,0.));
#1178=VECTOR('',#1177,6.44);
#1179=LINE('',#1176,#1178);
#1180=EDGE_CURVE('',#1175,#1166,#1179,.T.);
#1181=ORIENTED_EDGE('',*,*,#1180,.F.);
#1182=CARTESIAN_POINT('',(-28.35,5.517319631,-2.760023881));
#1183=VERTEX_POINT('',#1182);
#1184=CARTESIAN_POINT('',(-28.35,6.767319631,-2.760023881));
#1185=DIRECTION('',(1.,0.,0.));
#1186=DIRECTION('',(-0.,1.,0.));
#1187=AXIS2_PLACEMENT_3D('',#1184,#1185,#1186);
#1188=CIRCLE('',#1187,1.25);
#1189=EDGE_CURVE('',#1183,#1175,#1188,.T.);
#1190=ORIENTED_EDGE('',*,*,#1189,.F.);
#1191=CARTESIAN_POINT('',(-28.35,5.517319631,-2.100023881));
#1192=VERTEX_POINT('',#1191);
#1193=CARTESIAN_POINT('',(-28.35,5.517319631,-2.760023881));
#1194=DIRECTION('',(0.,0.,1.));
#1195=VECTOR('',#1194,0.66);
#1196=LINE('',#1193,#1195);
#1197=EDGE_CURVE('',#1183,#1192,#1196,.T.);
#1198=ORIENTED_EDGE('',*,*,#1197,.T.);
#1199=CARTESIAN_POINT('',(-28.35,6.767319631,-0.850023881));
#1200=VERTEX_POINT('',#1199);
#1201=CARTESIAN_POINT('',(-28.35,6.767319631,-2.100023881));
#1202=DIRECTION('',(1.,0.,0.));
#1203=DIRECTION('',(-0.,1.,0.));
#1204=AXIS2_PLACEMENT_3D('',#1201,#1202,#1203);
#1205=CIRCLE('',#1204,1.25);
#1206=EDGE_CURVE('',#1200,#1192,#1205,.T.);
#1207=ORIENTED_EDGE('',*,*,#1206,.F.);
#1208=CARTESIAN_POINT('',(-28.35,6.767319631,-0.85));
#1209=VERTEX_POINT('',#1208);
#1210=CARTESIAN_POINT('',(-28.35,6.767319631,-0.850023881));
#1211=DIRECTION('',(0.,0.,1.));
#1212=VECTOR('',#1211,0.000023881);
#1213=LINE('',#1210,#1212);
#1214=EDGE_CURVE('',#1200,#1209,#1213,.T.);
#1215=ORIENTED_EDGE('',*,*,#1214,.T.);
#1216=CARTESIAN_POINT('',(-28.35,6.767319631,-0.85));
#1217=DIRECTION('',(0.,-1.,0.));
#1218=VECTOR('',#1217,7.497319631);
#1219=LINE('',#1216,#1218);
#1220=EDGE_CURVE('',#1209,#1070,#1219,.T.);
#1221=ORIENTED_EDGE('',*,*,#1220,.T.);
#1222=ORIENTED_EDGE('',*,*,#1075,.F.);
#1223=CARTESIAN_POINT('',(-28.35,-0.73,-3.150023881));
#1224=VERTEX_POINT('',#1223);
#1225=CARTESIAN_POINT('',(-28.35,-0.73,-3.150023881));
#1226=DIRECTION('',(0.,0.,1.));
#1227=VECTOR('',#1226,2.3);
#1228=LINE('',#1225,#1227);
#1229=EDGE_CURVE('',#1224,#228,#1228,.T.);
#1230=ORIENTED_EDGE('',*,*,#1229,.F.);
#1231=CARTESIAN_POINT('',(-28.35,-0.73,-3.85));
#1232=VERTEX_POINT('',#1231);
#1233=CARTESIAN_POINT('',(-28.35,-0.73,-3.85));
#1234=DIRECTION('',(0.,0.,1.));
#1235=VECTOR('',#1234,0.699976119);
#1236=LINE('',#1233,#1235);
#1237=EDGE_CURVE('',#1232,#1224,#1236,.T.);
#1238=ORIENTED_EDGE('',*,*,#1237,.F.);
#1239=CARTESIAN_POINT('',(-28.35,5.374619606,-3.85));
#1240=VERTEX_POINT('',#1239);
#1241=CARTESIAN_POINT('',(-28.35,-0.73,-3.85));
#1242=DIRECTION('',(-0.,1.,0.));
#1243=VECTOR('',#1242,6.104619606);
#1244=LINE('',#1241,#1243);
#1245=EDGE_CURVE('',#1232,#1240,#1244,.T.);
#1246=ORIENTED_EDGE('',*,*,#1245,.T.);
#1247=CARTESIAN_POINT('',(-28.35,5.374619606,-4.05));
#1248=VERTEX_POINT('',#1247);
#1249=CARTESIAN_POINT('',(-28.35,5.374619606,-4.05));
#1250=DIRECTION('',(0.,0.,1.));
#1251=VECTOR('',#1250,0.2);
#1252=LINE('',#1249,#1251);
#1253=EDGE_CURVE('',#1248,#1240,#1252,.T.);
#1254=ORIENTED_EDGE('',*,*,#1253,.F.);
#1255=CARTESIAN_POINT('',(-28.35,14.600019657,-4.05));
#1256=VERTEX_POINT('',#1255);
#1257=CARTESIAN_POINT('',(-28.35,14.600019657,-4.05));
#1258=DIRECTION('',(0.,-1.,0.));
#1259=VECTOR('',#1258,9.225400051);
#1260=LINE('',#1257,#1259);
#1261=EDGE_CURVE('',#1256,#1248,#1260,.T.);
#1262=ORIENTED_EDGE('',*,*,#1261,.F.);
#1263=CARTESIAN_POINT('',(-28.35,14.600019657,-3.85));
#1264=VERTEX_POINT('',#1263);
#1265=CARTESIAN_POINT('',(-28.35,14.600019657,-4.05));
#1266=DIRECTION('',(0.,0.,1.));
#1267=VECTOR('',#1266,0.2);
#1268=LINE('',#1265,#1267);
#1269=EDGE_CURVE('',#1256,#1264,#1268,.T.);
#1270=ORIENTED_EDGE('',*,*,#1269,.T.);
#1271=CARTESIAN_POINT('',(-28.35,36.37,-3.85));
#1272=VERTEX_POINT('',#1271);
#1273=CARTESIAN_POINT('',(-28.35,14.600019657,-3.85));
#1274=DIRECTION('',(-0.,1.,0.));
#1275=VECTOR('',#1274,21.769980343);
#1276=LINE('',#1273,#1275);
#1277=EDGE_CURVE('',#1264,#1272,#1276,.T.);
#1278=ORIENTED_EDGE('',*,*,#1277,.T.);
#1279=CARTESIAN_POINT('',(-28.35,36.37,-0.850023881));
#1280=DIRECTION('',(0.,0.,-1.));
#1281=VECTOR('',#1280,2.999976119);
#1282=LINE('',#1279,#1281);
#1283=EDGE_CURVE('',#811,#1272,#1282,.T.);
#1284=ORIENTED_EDGE('',*,*,#1283,.F.);
#1285=ORIENTED_EDGE('',*,*,#816,.T.);
#1286=CARTESIAN_POINT('',(-28.35,33.187345031,-3.250026102));
#1287=VERTEX_POINT('',#1286);
#1288=CARTESIAN_POINT('',(-28.35,33.187345031,-0.850023881));
#1289=DIRECTION('',(0.,0.,-1.));
#1290=VECTOR('',#1289,2.400002221);
#1291=LINE('',#1288,#1290);
#1292=EDGE_CURVE('',#803,#1287,#1291,.T.);
#1293=ORIENTED_EDGE('',*,*,#1292,.T.);
#1294=CARTESIAN_POINT('',(-28.35,25.787345031,-3.250026102));
#1295=VERTEX_POINT('',#1294);
#1296=CARTESIAN_POINT('',(-28.35,25.787345031,-3.250026102));
#1297=DIRECTION('',(-0.,1.,-0.));
#1298=VECTOR('',#1297,7.4);
#1299=LINE('',#1296,#1298);
#1300=EDGE_CURVE('',#1295,#1287,#1299,.T.);
#1301=ORIENTED_EDGE('',*,*,#1300,.F.);
#1302=CARTESIAN_POINT('',(-28.35,25.787345031,-0.850023881));
#1303=VERTEX_POINT('',#1302);
#1304=CARTESIAN_POINT('',(-28.35,25.787345031,-3.250026102));
#1305=DIRECTION('',(0.,0.,1.));
#1306=VECTOR('',#1305,2.400002221);
#1307=LINE('',#1304,#1306);
#1308=EDGE_CURVE('',#1295,#1303,#1307,.T.);
#1309=ORIENTED_EDGE('',*,*,#1308,.T.);
#1310=CARTESIAN_POINT('',(-28.35,23.337332331,-0.850023881));
#1311=VERTEX_POINT('',#1310);
#1312=CARTESIAN_POINT('',(-28.35,25.787345031,-0.850023881));
#1313=DIRECTION('',(0.,-1.,0.));
#1314=VECTOR('',#1313,2.4500127);
#1315=LINE('',#1312,#1314);
#1316=EDGE_CURVE('',#1303,#1311,#1315,.T.);
#1317=ORIENTED_EDGE('',*,*,#1316,.T.);
#1318=CARTESIAN_POINT('',(-28.35,23.337332331,-3.050025388));
#1319=VERTEX_POINT('',#1318);
#1320=CARTESIAN_POINT('',(-28.35,23.337332331,-3.050025388));
#1321=DIRECTION('',(0.,0.,1.));
#1322=VECTOR('',#1321,2.200001507);
#1323=LINE('',#1320,#1322);
#1324=EDGE_CURVE('',#1319,#1311,#1323,.T.);
#1325=ORIENTED_EDGE('',*,*,#1324,.F.);
#1326=CARTESIAN_POINT('',(-28.35,19.537332331,-3.050025388));
#1327=VERTEX_POINT('',#1326);
#1328=CARTESIAN_POINT('',(-28.35,19.537332331,-3.050025388));
#1329=DIRECTION('',(-0.,1.,0.));
#1330=VECTOR('',#1329,3.8);
#1331=LINE('',#1328,#1330);
#1332=EDGE_CURVE('',#1327,#1319,#1331,.T.);
#1333=ORIENTED_EDGE('',*,*,#1332,.F.);
#1334=CARTESIAN_POINT('',(-28.35,19.537332331,-0.85));
#1335=DIRECTION('',(0.,0.,-1.));
#1336=VECTOR('',#1335,2.200025388);
#1337=LINE('',#1334,#1336);
#1338=EDGE_CURVE('',#1118,#1327,#1337,.T.);
#1339=ORIENTED_EDGE('',*,*,#1338,.F.);
#1340=EDGE_LOOP('',(#1139,#1147,#1156,#1164,#1173,#1181,#1190,#1198,#1207,#1215,#1221,#1222,#1230,#1238,#1246,#1254,#1262,#1270,#1278,#1284,#1285,#1293,#1301,#1309,#1317,#1325,
#1333,#1339));
#1341=FACE_BOUND('',#1340,.T.);
#1342=ADVANCED_FACE('',(#1341),#1138,.T.);
#1343=CARTESIAN_POINT('',(-29.25,43.27,-3.7));
#1344=DIRECTION('',(1.,0.,0.));
#1345=DIRECTION('',(-0.,1.,0.));
#1346=AXIS2_PLACEMENT_3D('',#1343,#1344,#1345);
#1347=PLANE('',#1346);
#1348=CARTESIAN_POINT('',(-29.25,13.207319631,-0.850023881));
#1349=VERTEX_POINT('',#1348);
#1350=CARTESIAN_POINT('',(-29.25,13.207319631,-0.850023881));
#1351=DIRECTION('',(0.,0.,1.));
#1352=VECTOR('',#1351,0.000023881);
#1353=LINE('',#1350,#1352);
#1354=EDGE_CURVE('',#1349,#1102,#1353,.T.);
#1355=ORIENTED_EDGE('',*,*,#1354,.T.);
#1356=ORIENTED_EDGE('',*,*,#1107,.F.);
#1357=CARTESIAN_POINT('',(-29.25,19.537332331,-0.850023881));
#1358=VERTEX_POINT('',#1357);
#1359=CARTESIAN_POINT('',(-29.25,19.537332331,-0.850023881));
#1360=DIRECTION('',(0.,0.,1.));
#1361=VECTOR('',#1360,0.000023881);
#1362=LINE('',#1359,#1361);
#1363=EDGE_CURVE('',#1358,#1100,#1362,.T.);
#1364=ORIENTED_EDGE('',*,*,#1363,.F.);
#1365=CARTESIAN_POINT('',(-29.25,13.207319631,-0.850023881));
#1366=DIRECTION('',(-0.,1.,0.));
#1367=VECTOR('',#1366,6.3300127);
#1368=LINE('',#1365,#1367);
#1369=EDGE_CURVE('',#1349,#1358,#1368,.T.);
#1370=ORIENTED_EDGE('',*,*,#1369,.F.);
#1371=EDGE_LOOP('',(#1355,#1356,#1364,#1370));
#1372=FACE_BOUND('',#1371,.T.);
#1373=ADVANCED_FACE('',(#1372),#1347,.F.);
#1374=CARTESIAN_POINT('',(0.,0.,-0.850023881));
#1375=DIRECTION('',(0.,0.,1.));
#1376=DIRECTION('',(1.,0.,0.));
#1377=AXIS2_PLACEMENT_3D('',#1374,#1375,#1376);
#1378=PLANE('',#1377);
#1379=CARTESIAN_POINT('',(29.25,19.387294231,-0.850023881));
#1380=VERTEX_POINT('',#1379);
#1381=CARTESIAN_POINT('',(29.25,21.187294231,-0.850023881));
#1382=VERTEX_POINT('',#1381);
#1383=CARTESIAN_POINT('',(29.25,19.387294231,-0.850023881));
#1384=DIRECTION('',(-0.,1.,0.));
#1385=VECTOR('',#1384,1.8);
#1386=LINE('',#1383,#1385);
#1387=EDGE_CURVE('',#1380,#1382,#1386,.T.);
#1388=ORIENTED_EDGE('',*,*,#1387,.F.);
#1389=CARTESIAN_POINT('',(33.75,19.387294231,-0.850023881));
#1390=VERTEX_POINT('',#1389);
#1391=CARTESIAN_POINT('',(29.25,19.387294231,-0.850023881));
#1392=DIRECTION('',(1.,0.,-0.));
#1393=VECTOR('',#1392,4.5);
#1394=LINE('',#1391,#1393);
#1395=EDGE_CURVE('',#1380,#1390,#1394,.T.);
#1396=ORIENTED_EDGE('',*,*,#1395,.T.);
#1397=CARTESIAN_POINT('',(33.75,27.587294231,-0.850023881));
#1398=VERTEX_POINT('',#1397);
#1399=CARTESIAN_POINT('',(33.75,27.587294231,-0.850023881));
#1400=DIRECTION('',(0.,-1.,0.));
#1401=VECTOR('',#1400,8.2);
#1402=LINE('',#1399,#1401);
#1403=EDGE_CURVE('',#1398,#1390,#1402,.T.);
#1404=ORIENTED_EDGE('',*,*,#1403,.F.);
#1405=CARTESIAN_POINT('',(29.25,27.587294231,-0.850023881));
#1406=VERTEX_POINT('',#1405);
#1407=CARTESIAN_POINT('',(33.75,27.587294231,-0.850023881));
#1408=DIRECTION('',(-1.,0.,0.));
#1409=VECTOR('',#1408,4.5);
#1410=LINE('',#1407,#1409);
#1411=EDGE_CURVE('',#1398,#1406,#1410,.T.);
#1412=ORIENTED_EDGE('',*,*,#1411,.T.);
#1413=CARTESIAN_POINT('',(29.25,25.787294231,-0.850023881));
#1414=VERTEX_POINT('',#1413);
#1415=CARTESIAN_POINT('',(29.25,25.787294231,-0.850023881));
#1416=DIRECTION('',(-0.,1.,0.));
#1417=VECTOR('',#1416,1.8);
#1418=LINE('',#1415,#1417);
#1419=EDGE_CURVE('',#1414,#1406,#1418,.T.);
#1420=ORIENTED_EDGE('',*,*,#1419,.F.);
#1421=CARTESIAN_POINT('',(28.35,25.787294231,-0.850023881));
#1422=VERTEX_POINT('',#1421);
#1423=CARTESIAN_POINT('',(28.35,25.787294231,-0.850023881));
#1424=DIRECTION('',(1.,0.,0.));
#1425=VECTOR('',#1424,0.9);
#1426=LINE('',#1423,#1425);
#1427=EDGE_CURVE('',#1422,#1414,#1426,.T.);
#1428=ORIENTED_EDGE('',*,*,#1427,.F.);
#1429=CARTESIAN_POINT('',(28.35,21.187294231,-0.850023881));
#1430=VERTEX_POINT('',#1429);
#1431=CARTESIAN_POINT('',(28.35,25.787294231,-0.850023881));
#1432=DIRECTION('',(0.,-1.,0.));
#1433=VECTOR('',#1432,4.6);
#1434=LINE('',#1431,#1433);
#1435=EDGE_CURVE('',#1422,#1430,#1434,.T.);
#1436=ORIENTED_EDGE('',*,*,#1435,.T.);
#1437=CARTESIAN_POINT('',(28.35,21.187294231,-0.850023881));
#1438=DIRECTION('',(1.,0.,0.));
#1439=VECTOR('',#1438,0.9);
#1440=LINE('',#1437,#1439);
#1441=EDGE_CURVE('',#1430,#1382,#1440,.T.);
#1442=ORIENTED_EDGE('',*,*,#1441,.T.);
#1443=EDGE_LOOP('',(#1388,#1396,#1404,#1412,#1420,#1428,#1436,#1442));
#1444=FACE_BOUND('',#1443,.T.);
#1445=ADVANCED_FACE('',(#1444),#1378,.T.);
#1446=CARTESIAN_POINT('',(29.25,43.27,-3.7));
#1447=DIRECTION('',(-1.,-0.,0.));
#1448=DIRECTION('',(0.,-1.,0.));
#1449=AXIS2_PLACEMENT_3D('',#1446,#1447,#1448);
#1450=PLANE('',#1449);
#1451=CARTESIAN_POINT('',(29.25,19.387294231,-1.));
#1452=VERTEX_POINT('',#1451);
#1453=CARTESIAN_POINT('',(29.25,20.387294231,-2.));
#1454=VERTEX_POINT('',#1453);
#1455=CARTESIAN_POINT('',(29.25,19.387294231,-2.));
#1456=DIRECTION('',(-1.,-0.,0.));
#1457=DIRECTION('',(0.,-1.,0.));
#1458=AXIS2_PLACEMENT_3D('',#1455,#1456,#1457);
#1459=CIRCLE('',#1458,1.);
#1460=EDGE_CURVE('',#1452,#1454,#1459,.T.);
#1461=ORIENTED_EDGE('',*,*,#1460,.F.);
#1462=CARTESIAN_POINT('',(29.25,19.387294231,-1.));
#1463=DIRECTION('',(0.,0.,1.));
#1464=VECTOR('',#1463,0.149976119);
#1465=LINE('',#1462,#1464);
#1466=EDGE_CURVE('',#1452,#1380,#1465,.T.);
#1467=ORIENTED_EDGE('',*,*,#1466,.T.);
#1468=ORIENTED_EDGE('',*,*,#1387,.T.);
#1469=CARTESIAN_POINT('',(29.25,21.187294231,-3.250026102));
#1470=VERTEX_POINT('',#1469);
#1471=CARTESIAN_POINT('',(29.25,21.187294231,-0.850023881));
#1472=DIRECTION('',(0.,0.,-1.));
#1473=VECTOR('',#1472,2.400002221);
#1474=LINE('',#1471,#1473);
#1475=EDGE_CURVE('',#1382,#1470,#1474,.T.);
#1476=ORIENTED_EDGE('',*,*,#1475,.T.);
#1477=CARTESIAN_POINT('',(29.25,19.387294231,-3.250026102));
#1478=VERTEX_POINT('',#1477);
#1479=CARTESIAN_POINT('',(29.25,21.187294231,-3.250026102));
#1480=DIRECTION('',(0.,-1.,0.));
#1481=VECTOR('',#1480,1.8);
#1482=LINE('',#1479,#1481);
#1483=EDGE_CURVE('',#1470,#1478,#1482,.T.);
#1484=ORIENTED_EDGE('',*,*,#1483,.T.);
#1485=CARTESIAN_POINT('',(29.25,20.387294231,-2.250026102));
#1486=VERTEX_POINT('',#1485);
#1487=CARTESIAN_POINT('',(29.25,19.387294231,-2.250026102));
#1488=DIRECTION('',(-1.,-0.,0.));
#1489=DIRECTION('',(0.,-1.,0.));
#1490=AXIS2_PLACEMENT_3D('',#1487,#1488,#1489);
#1491=CIRCLE('',#1490,1.);
#1492=EDGE_CURVE('',#1486,#1478,#1491,.T.);
#1493=ORIENTED_EDGE('',*,*,#1492,.F.);
#1494=CARTESIAN_POINT('',(29.25,20.387294231,-2.));
#1495=DIRECTION('',(0.,0.,-1.));
#1496=VECTOR('',#1495,0.250026102);
#1497=LINE('',#1494,#1496);
#1498=EDGE_CURVE('',#1454,#1486,#1497,.T.);
#1499=ORIENTED_EDGE('',*,*,#1498,.F.);
#1500=EDGE_LOOP('',(#1461,#1467,#1468,#1476,#1484,#1493,#1499));
#1501=FACE_BOUND('',#1500,.T.);
#1502=ADVANCED_FACE('',(#1501),#1450,.T.);
#1503=CARTESIAN_POINT('',(29.25,43.27,-3.7));
#1504=DIRECTION('',(-1.,-0.,0.));
#1505=DIRECTION('',(0.,-1.,0.));
#1506=AXIS2_PLACEMENT_3D('',#1503,#1504,#1505);
#1507=PLANE('',#1506);
#1508=CARTESIAN_POINT('',(29.25,31.387294231,-1.));
#1509=VERTEX_POINT('',#1508);
#1510=CARTESIAN_POINT('',(29.25,32.387294231,-2.));
#1511=VERTEX_POINT('',#1510);
#1512=CARTESIAN_POINT('',(29.25,31.387294231,-2.));
#1513=DIRECTION('',(-1.,-0.,0.));
#1514=DIRECTION('',(0.,-1.,0.));
#1515=AXIS2_PLACEMENT_3D('',#1512,#1513,#1514);
#1516=CIRCLE('',#1515,1.);
#1517=EDGE_CURVE('',#1509,#1511,#1516,.T.);
#1518=ORIENTED_EDGE('',*,*,#1517,.F.);
#1519=CARTESIAN_POINT('',(29.25,31.387294231,-1.));
#1520=DIRECTION('',(0.,0.,1.));
#1521=VECTOR('',#1520,0.149976119);
#1522=LINE('',#1519,#1521);
#1523=EDGE_CURVE('',#1509,#843,#1522,.T.);
#1524=ORIENTED_EDGE('',*,*,#1523,.T.);
#1525=ORIENTED_EDGE('',*,*,#848,.T.);
#1526=CARTESIAN_POINT('',(29.25,33.187294231,-3.250026102));
#1527=VERTEX_POINT('',#1526);
#1528=CARTESIAN_POINT('',(29.25,33.187294231,-3.250026102));
#1529=DIRECTION('',(0.,0.,1.));
#1530=VECTOR('',#1529,2.400002221);
#1531=LINE('',#1528,#1530);
#1532=EDGE_CURVE('',#1527,#835,#1531,.T.);
#1533=ORIENTED_EDGE('',*,*,#1532,.F.);
#1534=CARTESIAN_POINT('',(29.25,31.387294231,-3.250026102));
#1535=VERTEX_POINT('',#1534);
#1536=CARTESIAN_POINT('',(29.25,31.387294231,-3.250026102));
#1537=DIRECTION('',(-0.,1.,0.));
#1538=VECTOR('',#1537,1.8);
#1539=LINE('',#1536,#1538);
#1540=EDGE_CURVE('',#1535,#1527,#1539,.T.);
#1541=ORIENTED_EDGE('',*,*,#1540,.F.);
#1542=CARTESIAN_POINT('',(29.25,32.387294231,-2.250026102));
#1543=VERTEX_POINT('',#1542);
#1544=CARTESIAN_POINT('',(29.25,31.387294231,-2.250026102));
#1545=DIRECTION('',(-1.,-0.,0.));
#1546=DIRECTION('',(0.,-1.,0.));
#1547=AXIS2_PLACEMENT_3D('',#1544,#1545,#1546);
#1548=CIRCLE('',#1547,1.);
#1549=EDGE_CURVE('',#1543,#1535,#1548,.T.);
#1550=ORIENTED_EDGE('',*,*,#1549,.F.);
#1551=CARTESIAN_POINT('',(29.25,32.387294231,-2.));
#1552=DIRECTION('',(0.,0.,-1.));
#1553=VECTOR('',#1552,0.250026102);
#1554=LINE('',#1551,#1553);
#1555=EDGE_CURVE('',#1511,#1543,#1554,.T.);
#1556=ORIENTED_EDGE('',*,*,#1555,.F.);
#1557=EDGE_LOOP('',(#1518,#1524,#1525,#1533,#1541,#1550,#1556));
#1558=FACE_BOUND('',#1557,.T.);
#1559=ADVANCED_FACE('',(#1558),#1507,.T.);
#1560=CARTESIAN_POINT('',(0.,0.,-0.850023881));
#1561=DIRECTION('',(0.,0.,1.));
#1562=DIRECTION('',(1.,0.,0.));
#1563=AXIS2_PLACEMENT_3D('',#1560,#1561,#1562);
#1564=PLANE('',#1563);
#1565=CARTESIAN_POINT('',(-29.25,25.787345031,-0.850023881));
#1566=VERTEX_POINT('',#1565);
#1567=CARTESIAN_POINT('',(-29.25,27.587319631,-0.850023881));
#1568=VERTEX_POINT('',#1567);
#1569=CARTESIAN_POINT('',(-29.25,25.787345031,-0.850023881));
#1570=DIRECTION('',(-0.,1.,0.));
#1571=VECTOR('',#1570,1.7999746);
#1572=LINE('',#1569,#1571);
#1573=EDGE_CURVE('',#1566,#1568,#1572,.T.);
#1574=ORIENTED_EDGE('',*,*,#1573,.T.);
#1575=CARTESIAN_POINT('',(-32.25,27.587319631,-0.850023881));
#1576=VERTEX_POINT('',#1575);
#1577=CARTESIAN_POINT('',(-29.25,27.587319631,-0.850023881));
#1578=DIRECTION('',(-1.,-0.,0.));
#1579=VECTOR('',#1578,3.);
#1580=LINE('',#1577,#1579);
#1581=EDGE_CURVE('',#1568,#1576,#1580,.T.);
#1582=ORIENTED_EDGE('',*,*,#1581,.T.);
#1583=CARTESIAN_POINT('',(-32.25,23.337332331,-0.850023881));
#1584=VERTEX_POINT('',#1583);
#1585=CARTESIAN_POINT('',(-32.25,23.337332331,-0.850023881));
#1586=DIRECTION('',(0.,1.,0.));
#1587=VECTOR('',#1586,4.2499873);
#1588=LINE('',#1585,#1587);
#1589=EDGE_CURVE('',#1584,#1576,#1588,.T.);
#1590=ORIENTED_EDGE('',*,*,#1589,.F.);
#1591=CARTESIAN_POINT('',(-32.25,23.337332331,-0.850023881));
#1592=DIRECTION('',(1.,0.,0.));
#1593=VECTOR('',#1592,3.9);
#1594=LINE('',#1591,#1593);
#1595=EDGE_CURVE('',#1584,#1311,#1594,.T.);
#1596=ORIENTED_EDGE('',*,*,#1595,.T.);
#1597=ORIENTED_EDGE('',*,*,#1316,.F.);
#1598=CARTESIAN_POINT('',(-29.25,25.787345031,-0.850023881));
#1599=DIRECTION('',(1.,0.,0.));
#1600=VECTOR('',#1599,0.9);
#1601=LINE('',#1598,#1600);
#1602=EDGE_CURVE('',#1566,#1303,#1601,.T.);
#1603=ORIENTED_EDGE('',*,*,#1602,.F.);
#1604=EDGE_LOOP('',(#1574,#1582,#1590,#1596,#1597,#1603));
#1605=FACE_BOUND('',#1604,.T.);
#1606=ADVANCED_FACE('',(#1605),#1564,.T.);
#1607=CARTESIAN_POINT('',(-29.25,43.27,-3.7));
#1608=DIRECTION('',(1.,0.,0.));
#1609=DIRECTION('',(-0.,1.,0.));
#1610=AXIS2_PLACEMENT_3D('',#1607,#1608,#1609);
#1611=PLANE('',#1610);
#1612=CARTESIAN_POINT('',(-29.25,26.587319631,-2.));
#1613=VERTEX_POINT('',#1612);
#1614=CARTESIAN_POINT('',(-29.25,27.587319631,-1.));
#1615=VERTEX_POINT('',#1614);
#1616=CARTESIAN_POINT('',(-29.25,27.587319631,-2.));
#1617=DIRECTION('',(-1.,-0.,-0.));
#1618=DIRECTION('',(-0.,1.,0.));
#1619=AXIS2_PLACEMENT_3D('',#1616,#1617,#1618);
#1620=CIRCLE('',#1619,1.);
#1621=EDGE_CURVE('',#1613,#1615,#1620,.T.);
#1622=ORIENTED_EDGE('',*,*,#1621,.T.);
#1623=CARTESIAN_POINT('',(-29.25,27.587319631,-1.));
#1624=DIRECTION('',(0.,0.,1.));
#1625=VECTOR('',#1624,0.149976119);
#1626=LINE('',#1623,#1625);
#1627=EDGE_CURVE('',#1615,#1568,#1626,.T.);
#1628=ORIENTED_EDGE('',*,*,#1627,.T.);
#1629=ORIENTED_EDGE('',*,*,#1573,.F.);
#1630=CARTESIAN_POINT('',(-29.25,25.787345031,-3.250026102));
#1631=VERTEX_POINT('',#1630);
#1632=CARTESIAN_POINT('',(-29.25,25.787345031,-3.250026102));
#1633=DIRECTION('',(0.,0.,1.));
#1634=VECTOR('',#1633,2.400002221);
#1635=LINE('',#1632,#1634);
#1636=EDGE_CURVE('',#1631,#1566,#1635,.T.);
#1637=ORIENTED_EDGE('',*,*,#1636,.F.);
#1638=CARTESIAN_POINT('',(-29.25,27.587319631,-3.250026102));
#1639=VERTEX_POINT('',#1638);
#1640=CARTESIAN_POINT('',(-29.25,25.787345031,-3.250026102));
#1641=DIRECTION('',(-0.,1.,0.));
#1642=VECTOR('',#1641,1.7999746);
#1643=LINE('',#1640,#1642);
#1644=EDGE_CURVE('',#1631,#1639,#1643,.T.);
#1645=ORIENTED_EDGE('',*,*,#1644,.T.);
#1646=CARTESIAN_POINT('',(-29.25,26.587319631,-2.250026102));
#1647=VERTEX_POINT('',#1646);
#1648=CARTESIAN_POINT('',(-29.25,27.587319631,-2.250026102));
#1649=DIRECTION('',(-1.,-0.,-0.));
#1650=DIRECTION('',(-0.,1.,0.));
#1651=AXIS2_PLACEMENT_3D('',#1648,#1649,#1650);
#1652=CIRCLE('',#1651,1.);
#1653=EDGE_CURVE('',#1639,#1647,#1652,.T.);
#1654=ORIENTED_EDGE('',*,*,#1653,.T.);
#1655=CARTESIAN_POINT('',(-29.25,26.587319631,-2.250026102));
#1656=DIRECTION('',(0.,0.,1.));
#1657=VECTOR('',#1656,0.250026102);
#1658=LINE('',#1655,#1657);
#1659=EDGE_CURVE('',#1647,#1613,#1658,.T.);
#1660=ORIENTED_EDGE('',*,*,#1659,.T.);
#1661=EDGE_LOOP('',(#1622,#1628,#1629,#1637,#1645,#1654,#1660));
#1662=FACE_BOUND('',#1661,.T.);
#1663=ADVANCED_FACE('',(#1662),#1611,.T.);
#1664=CARTESIAN_POINT('',(-30.65,23.337332331,-2.300025388));
#1665=DIRECTION('',(-0.,1.,0.));
#1666=DIRECTION('',(-1.,-0.,0.));
#1667=AXIS2_PLACEMENT_3D('',#1664,#1665,#1666);
#1668=PLANE('',#1667);
#1669=ORIENTED_EDGE('',*,*,#1595,.F.);
#1670=CARTESIAN_POINT('',(-32.25,23.337332331,-3.050025388));
#1671=VERTEX_POINT('',#1670);
#1672=CARTESIAN_POINT('',(-32.25,23.337332331,-3.050025388));
#1673=DIRECTION('',(0.,0.,1.));
#1674=VECTOR('',#1673,2.200001507);
#1675=LINE('',#1672,#1674);
#1676=EDGE_CURVE('',#1671,#1584,#1675,.T.);
#1677=ORIENTED_EDGE('',*,*,#1676,.F.);
#1678=CARTESIAN_POINT('',(-32.25,23.337332331,-3.050025388));
#1679=DIRECTION('',(1.,0.,0.));
#1680=VECTOR('',#1679,3.9);
#1681=LINE('',#1678,#1680);
#1682=EDGE_CURVE('',#1671,#1319,#1681,.T.);
#1683=ORIENTED_EDGE('',*,*,#1682,.T.);
#1684=ORIENTED_EDGE('',*,*,#1324,.T.);
#1685=EDGE_LOOP('',(#1669,#1677,#1683,#1684));
#1686=FACE_BOUND('',#1685,.T.);
#1687=ADVANCED_FACE('',(#1686),#1668,.F.);
#1688=CARTESIAN_POINT('',(-29.15,25.787345031,-2.050026102));
#1689=DIRECTION('',(-0.,1.,0.));
#1690=DIRECTION('',(-1.,-0.,0.));
#1691=AXIS2_PLACEMENT_3D('',#1688,#1689,#1690);
#1692=PLANE('',#1691);
#1693=ORIENTED_EDGE('',*,*,#1636,.T.);
#1694=ORIENTED_EDGE('',*,*,#1602,.T.);
#1695=ORIENTED_EDGE('',*,*,#1308,.F.);
#1696=CARTESIAN_POINT('',(-29.25,25.787345031,-3.250026102));
#1697=DIRECTION('',(1.,0.,0.));
#1698=VECTOR('',#1697,0.9);
#1699=LINE('',#1696,#1698);
#1700=EDGE_CURVE('',#1631,#1295,#1699,.T.);
#1701=ORIENTED_EDGE('',*,*,#1700,.F.);
#1702=EDGE_LOOP('',(#1693,#1694,#1695,#1701));
#1703=FACE_BOUND('',#1702,.T.);
#1704=ADVANCED_FACE('',(#1703),#1692,.T.);
#1705=CARTESIAN_POINT('',(-29.15,33.187345031,-3.050026102));
#1706=DIRECTION('',(0.,-1.,0.));
#1707=DIRECTION('',(1.,0.,0.));
#1708=AXIS2_PLACEMENT_3D('',#1705,#1706,#1707);
#1709=PLANE('',#1708);
#1710=ORIENTED_EDGE('',*,*,#1292,.F.);
#1711=ORIENTED_EDGE('',*,*,#808,.T.);
#1712=CARTESIAN_POINT('',(-29.25,33.187345031,-3.250026102));
#1713=VERTEX_POINT('',#1712);
#1714=CARTESIAN_POINT('',(-29.25,33.187345031,-0.850023881));
#1715=DIRECTION('',(0.,0.,-1.));
#1716=VECTOR('',#1715,2.400002221);
#1717=LINE('',#1714,#1716);
#1718=EDGE_CURVE('',#795,#1713,#1717,.T.);
#1719=ORIENTED_EDGE('',*,*,#1718,.T.);
#1720=CARTESIAN_POINT('',(-29.25,33.187345031,-3.250026102));
#1721=DIRECTION('',(1.,0.,0.));
#1722=VECTOR('',#1721,0.9);
#1723=LINE('',#1720,#1722);
#1724=EDGE_CURVE('',#1713,#1287,#1723,.T.);
#1725=ORIENTED_EDGE('',*,*,#1724,.T.);
#1726=EDGE_LOOP('',(#1710,#1711,#1719,#1725));
#1727=FACE_BOUND('',#1726,.T.);
#1728=ADVANCED_FACE('',(#1727),#1709,.T.);
#1729=CARTESIAN_POINT('',(28.35,43.27,-3.7));
#1730=DIRECTION('',(1.,0.,0.));
#1731=DIRECTION('',(-0.,1.,0.));
#1732=AXIS2_PLACEMENT_3D('',#1729,#1730,#1731);
#1733=PLANE('',#1732);
#1734=ORIENTED_EDGE('',*,*,#1435,.F.);
#1735=CARTESIAN_POINT('',(28.35,25.787294231,-3.250026102));
#1736=VERTEX_POINT('',#1735);
#1737=CARTESIAN_POINT('',(28.35,25.787294231,-0.850023881));
#1738=DIRECTION('',(0.,0.,-1.));
#1739=VECTOR('',#1738,2.400002221);
#1740=LINE('',#1737,#1739);
#1741=EDGE_CURVE('',#1422,#1736,#1740,.T.);
#1742=ORIENTED_EDGE('',*,*,#1741,.T.);
#1743=CARTESIAN_POINT('',(28.35,33.187294231,-3.250026102));
#1744=VERTEX_POINT('',#1743);
#1745=CARTESIAN_POINT('',(28.35,25.787294231,-3.250026102));
#1746=DIRECTION('',(-0.,1.,-0.));
#1747=VECTOR('',#1746,7.4);
#1748=LINE('',#1745,#1747);
#1749=EDGE_CURVE('',#1736,#1744,#1748,.T.);
#1750=ORIENTED_EDGE('',*,*,#1749,.T.);
#1751=CARTESIAN_POINT('',(28.35,33.187294231,-3.250026102));
#1752=DIRECTION('',(0.,0.,1.));
#1753=VECTOR('',#1752,2.400002221);
#1754=LINE('',#1751,#1753);
#1755=EDGE_CURVE('',#1744,#827,#1754,.T.);
#1756=ORIENTED_EDGE('',*,*,#1755,.T.);
#1757=ORIENTED_EDGE('',*,*,#832,.F.);
#1758=CARTESIAN_POINT('',(28.35,36.37,-3.85));
#1759=VERTEX_POINT('',#1758);
#1760=CARTESIAN_POINT('',(28.35,36.37,-0.850023881));
#1761=DIRECTION('',(0.,0.,-1.));
#1762=VECTOR('',#1761,2.999976119);
#1763=LINE('',#1760,#1762);
#1764=EDGE_CURVE('',#819,#1759,#1763,.T.);
#1765=ORIENTED_EDGE('',*,*,#1764,.T.);
#1766=CARTESIAN_POINT('',(28.35,-0.73,-3.85));
#1767=DIRECTION('',(-0.,1.,0.));
#1768=VECTOR('',#1767,37.1);
#1769=LINE('',#1766,#1768);
#1770=EDGE_CURVE('',#977,#1759,#1769,.T.);
#1771=ORIENTED_EDGE('',*,*,#1770,.F.);
#1772=ORIENTED_EDGE('',*,*,#982,.T.);
#1773=CARTESIAN_POINT('',(28.35,-0.73,-3.150023881));
#1774=DIRECTION('',(0.,0.,1.));
#1775=VECTOR('',#1774,2.3);
#1776=LINE('',#1773,#1775);
#1777=EDGE_CURVE('',#967,#188,#1776,.T.);
#1778=ORIENTED_EDGE('',*,*,#1777,.T.);
#1779=ORIENTED_EDGE('',*,*,#193,.F.);
#1780=CARTESIAN_POINT('',(28.35,13.787294231,-3.250026102));
#1781=VERTEX_POINT('',#1780);
#1782=CARTESIAN_POINT('',(28.35,13.787294231,-0.850023881));
#1783=DIRECTION('',(0.,0.,-1.));
#1784=VECTOR('',#1783,2.400002221);
#1785=LINE('',#1782,#1784);
#1786=EDGE_CURVE('',#180,#1781,#1785,.T.);
#1787=ORIENTED_EDGE('',*,*,#1786,.T.);
#1788=CARTESIAN_POINT('',(28.35,21.187294231,-3.250026102));
#1789=VERTEX_POINT('',#1788);
#1790=CARTESIAN_POINT('',(28.35,21.187294231,-3.250026102));
#1791=DIRECTION('',(0.,-1.,0.));
#1792=VECTOR('',#1791,7.4);
#1793=LINE('',#1790,#1792);
#1794=EDGE_CURVE('',#1789,#1781,#1793,.T.);
#1795=ORIENTED_EDGE('',*,*,#1794,.F.);
#1796=CARTESIAN_POINT('',(28.35,21.187294231,-0.850023881));
#1797=DIRECTION('',(0.,0.,-1.));
#1798=VECTOR('',#1797,2.400002221);
#1799=LINE('',#1796,#1798);
#1800=EDGE_CURVE('',#1430,#1789,#1799,.T.);
#1801=ORIENTED_EDGE('',*,*,#1800,.F.);
#1802=EDGE_LOOP('',(#1734,#1742,#1750,#1756,#1757,#1765,#1771,#1772,#1778,#1779,#1787,#1795,#1801));
#1803=FACE_BOUND('',#1802,.T.);
#1804=ADVANCED_FACE('',(#1803),#1733,.F.);
#1805=CARTESIAN_POINT('',(29.15,25.787294231,-3.050026102));
#1806=DIRECTION('',(-0.,1.,0.));
#1807=DIRECTION('',(-1.,-0.,0.));
#1808=AXIS2_PLACEMENT_3D('',#1805,#1806,#1807);
#1809=PLANE('',#1808);
#1810=ORIENTED_EDGE('',*,*,#1741,.F.);
#1811=ORIENTED_EDGE('',*,*,#1427,.T.);
#1812=CARTESIAN_POINT('',(29.25,25.787294231,-3.250026102));
#1813=VERTEX_POINT('',#1812);
#1814=CARTESIAN_POINT('',(29.25,25.787294231,-0.850023881));
#1815=DIRECTION('',(0.,0.,-1.));
#1816=VECTOR('',#1815,2.400002221);
#1817=LINE('',#1814,#1816);
#1818=EDGE_CURVE('',#1414,#1813,#1817,.T.);
#1819=ORIENTED_EDGE('',*,*,#1818,.T.);
#1820=CARTESIAN_POINT('',(29.25,25.787294231,-3.250026102));
#1821=DIRECTION('',(-1.,-0.,0.));
#1822=VECTOR('',#1821,0.9);
#1823=LINE('',#1820,#1822);
#1824=EDGE_CURVE('',#1813,#1736,#1823,.T.);
#1825=ORIENTED_EDGE('',*,*,#1824,.T.);
#1826=EDGE_LOOP('',(#1810,#1811,#1819,#1825));
#1827=FACE_BOUND('',#1826,.T.);
#1828=ADVANCED_FACE('',(#1827),#1809,.T.);
#1829=CARTESIAN_POINT('',(29.15,21.187294231,-3.050026102));
#1830=DIRECTION('',(-0.,1.,0.));
#1831=DIRECTION('',(-1.,-0.,0.));
#1832=AXIS2_PLACEMENT_3D('',#1829,#1830,#1831);
#1833=PLANE('',#1832);
#1834=ORIENTED_EDGE('',*,*,#1441,.F.);
#1835=ORIENTED_EDGE('',*,*,#1800,.T.);
#1836=CARTESIAN_POINT('',(29.25,21.187294231,-3.250026102));
#1837=DIRECTION('',(-1.,-0.,0.));
#1838=VECTOR('',#1837,0.9);
#1839=LINE('',#1836,#1838);
#1840=EDGE_CURVE('',#1470,#1789,#1839,.T.);
#1841=ORIENTED_EDGE('',*,*,#1840,.F.);
#1842=ORIENTED_EDGE('',*,*,#1475,.F.);
#1843=EDGE_LOOP('',(#1834,#1835,#1841,#1842));
#1844=FACE_BOUND('',#1843,.T.);
#1845=ADVANCED_FACE('',(#1844),#1833,.F.);
#1846=CARTESIAN_POINT('',(29.15,33.187294231,-2.050026102));
#1847=DIRECTION('',(0.,-1.,0.));
#1848=DIRECTION('',(1.,0.,0.));
#1849=AXIS2_PLACEMENT_3D('',#1846,#1847,#1848);
#1850=PLANE('',#1849);
#1851=ORIENTED_EDGE('',*,*,#1532,.T.);
#1852=ORIENTED_EDGE('',*,*,#840,.T.);
#1853=ORIENTED_EDGE('',*,*,#1755,.F.);
#1854=CARTESIAN_POINT('',(29.25,33.187294231,-3.250026102));
#1855=DIRECTION('',(-1.,-0.,0.));
#1856=VECTOR('',#1855,0.9);
#1857=LINE('',#1854,#1856);
#1858=EDGE_CURVE('',#1527,#1744,#1857,.T.);
#1859=ORIENTED_EDGE('',*,*,#1858,.F.);
#1860=EDGE_LOOP('',(#1851,#1852,#1853,#1859));
#1861=FACE_BOUND('',#1860,.T.);
#1862=ADVANCED_FACE('',(#1861),#1850,.T.);
#1863=CARTESIAN_POINT('',(29.15,13.787294231,-3.050026102));
#1864=DIRECTION('',(-0.,1.,0.));
#1865=DIRECTION('',(-1.,-0.,0.));
#1866=AXIS2_PLACEMENT_3D('',#1863,#1864,#1865);
#1867=PLANE('',#1866);
#1868=ORIENTED_EDGE('',*,*,#1786,.F.);
#1869=ORIENTED_EDGE('',*,*,#185,.T.);
#1870=CARTESIAN_POINT('',(29.25,13.787294231,-3.250026102));
#1871=VERTEX_POINT('',#1870);
#1872=CARTESIAN_POINT('',(29.25,13.787294231,-0.850023881));
#1873=DIRECTION('',(0.,0.,-1.));
#1874=VECTOR('',#1873,2.400002221);
#1875=LINE('',#1872,#1874);
#1876=EDGE_CURVE('',#172,#1871,#1875,.T.);
#1877=ORIENTED_EDGE('',*,*,#1876,.T.);
#1878=CARTESIAN_POINT('',(29.25,13.787294231,-3.250026102));
#1879=DIRECTION('',(-1.,-0.,0.));
#1880=VECTOR('',#1879,0.9);
#1881=LINE('',#1878,#1880);
#1882=EDGE_CURVE('',#1871,#1781,#1881,.T.);
#1883=ORIENTED_EDGE('',*,*,#1882,.T.);
#1884=EDGE_LOOP('',(#1868,#1869,#1877,#1883));
#1885=FACE_BOUND('',#1884,.T.);
#1886=ADVANCED_FACE('',(#1885),#1867,.T.);
#1887=CARTESIAN_POINT('',(29.25,43.27,-3.7));
#1888=DIRECTION('',(-1.,-0.,0.));
#1889=DIRECTION('',(0.,-1.,0.));
#1890=AXIS2_PLACEMENT_3D('',#1887,#1888,#1889);
#1891=PLANE('',#1890);
#1892=CARTESIAN_POINT('',(29.25,27.587294231,-1.));
#1893=VERTEX_POINT('',#1892);
#1894=CARTESIAN_POINT('',(29.25,27.587294231,-1.));
#1895=DIRECTION('',(0.,0.,1.));
#1896=VECTOR('',#1895,0.149976119);
#1897=LINE('',#1894,#1896);
#1898=EDGE_CURVE('',#1893,#1406,#1897,.T.);
#1899=ORIENTED_EDGE('',*,*,#1898,.F.);
#1900=CARTESIAN_POINT('',(29.25,26.587294231,-2.));
#1901=VERTEX_POINT('',#1900);
#1902=CARTESIAN_POINT('',(29.25,27.587294231,-2.));
#1903=DIRECTION('',(-1.,-0.,0.));
#1904=DIRECTION('',(0.,-1.,0.));
#1905=AXIS2_PLACEMENT_3D('',#1902,#1903,#1904);
#1906=CIRCLE('',#1905,1.);
#1907=EDGE_CURVE('',#1901,#1893,#1906,.T.);
#1908=ORIENTED_EDGE('',*,*,#1907,.F.);
#1909=CARTESIAN_POINT('',(29.25,26.587294231,-2.250026102));
#1910=VERTEX_POINT('',#1909);
#1911=CARTESIAN_POINT('',(29.25,26.587294231,-2.));
#1912=DIRECTION('',(0.,0.,-1.));
#1913=VECTOR('',#1912,0.250026102);
#1914=LINE('',#1911,#1913);
#1915=EDGE_CURVE('',#1901,#1910,#1914,.T.);
#1916=ORIENTED_EDGE('',*,*,#1915,.T.);
#1917=CARTESIAN_POINT('',(29.25,27.587294231,-3.250026102));
#1918=VERTEX_POINT('',#1917);
#1919=CARTESIAN_POINT('',(29.25,27.587294231,-2.250026102));
#1920=DIRECTION('',(-1.,-0.,0.));
#1921=DIRECTION('',(0.,-1.,0.));
#1922=AXIS2_PLACEMENT_3D('',#1919,#1920,#1921);
#1923=CIRCLE('',#1922,1.);
#1924=EDGE_CURVE('',#1918,#1910,#1923,.T.);
#1925=ORIENTED_EDGE('',*,*,#1924,.F.);
#1926=CARTESIAN_POINT('',(29.25,25.787294231,-3.250026102));
#1927=DIRECTION('',(-0.,1.,0.));
#1928=VECTOR('',#1927,1.8);
#1929=LINE('',#1926,#1928);
#1930=EDGE_CURVE('',#1813,#1918,#1929,.T.);
#1931=ORIENTED_EDGE('',*,*,#1930,.F.);
#1932=ORIENTED_EDGE('',*,*,#1818,.F.);
#1933=ORIENTED_EDGE('',*,*,#1419,.T.);
#1934=EDGE_LOOP('',(#1899,#1908,#1916,#1925,#1931,#1932,#1933));
#1935=FACE_BOUND('',#1934,.T.);
#1936=ADVANCED_FACE('',(#1935),#1891,.T.);
#1937=CARTESIAN_POINT('',(0.,-0.73,-3.7));
#1938=DIRECTION('',(-0.,1.,0.));
#1939=DIRECTION('',(-1.,-0.,0.));
#1940=AXIS2_PLACEMENT_3D('',#1937,#1938,#1939);
#1941=PLANE('',#1940);
#1942=ORIENTED_EDGE('',*,*,#1237,.T.);
#1943=CARTESIAN_POINT('',(-28.35,-0.73,-3.150023881));
#1944=DIRECTION('',(-1.,-0.,0.));
#1945=VECTOR('',#1944,0.9);
#1946=LINE('',#1943,#1945);
#1947=EDGE_CURVE('',#1224,#1040,#1946,.T.);
#1948=ORIENTED_EDGE('',*,*,#1947,.T.);
#1949=ORIENTED_EDGE('',*,*,#1058,.F.);
#1950=ORIENTED_EDGE('',*,*,#574,.T.);
#1951=CARTESIAN_POINT('',(-21.,-0.73,-3.85));
#1952=VERTEX_POINT('',#1951);
#1953=CARTESIAN_POINT('',(-21.,-0.73,-4.35));
#1954=DIRECTION('',(0.,0.,1.));
#1955=VECTOR('',#1954,0.5);
#1956=LINE('',#1953,#1955);
#1957=EDGE_CURVE('',#560,#1952,#1956,.T.);
#1958=ORIENTED_EDGE('',*,*,#1957,.T.);
#1959=CARTESIAN_POINT('',(-21.,-0.73,-3.85));
#1960=DIRECTION('',(-1.,-0.,0.));
#1961=VECTOR('',#1960,7.35);
#1962=LINE('',#1959,#1961);
#1963=EDGE_CURVE('',#1952,#1232,#1962,.T.);
#1964=ORIENTED_EDGE('',*,*,#1963,.T.);
#1965=EDGE_LOOP('',(#1942,#1948,#1949,#1950,#1958,#1964));
#1966=FACE_BOUND('',#1965,.T.);
#1967=ADVANCED_FACE('',(#1966),#1941,.F.);
#1968=CARTESIAN_POINT('',(-29.25,43.27,-3.7));
#1969=DIRECTION('',(1.,0.,0.));
#1970=DIRECTION('',(-0.,1.,0.));
#1971=AXIS2_PLACEMENT_3D('',#1968,#1969,#1970);
#1972=PLANE('',#1971);
#1973=CARTESIAN_POINT('',(-29.25,6.767319631,-0.85));
#1974=VERTEX_POINT('',#1973);
#1975=CARTESIAN_POINT('',(-29.25,6.767319631,-0.85));
#1976=DIRECTION('',(0.,-1.,0.));
#1977=VECTOR('',#1976,7.497319631);
#1978=LINE('',#1975,#1977);
#1979=EDGE_CURVE('',#1974,#1078,#1978,.T.);
#1980=ORIENTED_EDGE('',*,*,#1979,.F.);
#1981=CARTESIAN_POINT('',(-29.25,6.767319631,-0.850023881));
#1982=DIRECTION('',(0.,0.,1.));
#1983=VECTOR('',#1982,0.000023881);
#1984=LINE('',#1981,#1983);
#1985=EDGE_CURVE('',#244,#1974,#1984,.T.);
#1986=ORIENTED_EDGE('',*,*,#1985,.F.);
#1987=ORIENTED_EDGE('',*,*,#249,.F.);
#1988=ORIENTED_EDGE('',*,*,#1089,.F.);
#1989=EDGE_LOOP('',(#1980,#1986,#1987,#1988));
#1990=FACE_BOUND('',#1989,.T.);
#1991=ADVANCED_FACE('',(#1990),#1972,.F.);
#1992=CARTESIAN_POINT('',(0.,0.,-0.850023881));
#1993=DIRECTION('',(0.,0.,1.));
#1994=DIRECTION('',(1.,0.,0.));
#1995=AXIS2_PLACEMENT_3D('',#1992,#1993,#1994);
#1996=PLANE('',#1995);
#1997=CARTESIAN_POINT('',(-32.25,19.537332331,-0.850023881));
#1998=VERTEX_POINT('',#1997);
#1999=CARTESIAN_POINT('',(-32.25,19.537332331,-0.850023881));
#2000=DIRECTION('',(1.,0.,-0.));
#2001=VECTOR('',#2000,3.);
#2002=LINE('',#1999,#2001);
#2003=EDGE_CURVE('',#1998,#1358,#2002,.T.);
#2004=ORIENTED_EDGE('',*,*,#2003,.F.);
#2005=CARTESIAN_POINT('',(-32.25,13.207319631,-0.850023881));
#2006=VERTEX_POINT('',#2005);
#2007=CARTESIAN_POINT('',(-32.25,13.207319631,-0.850023881));
#2008=DIRECTION('',(0.,1.,0.));
#2009=VECTOR('',#2008,6.3300127);
#2010=LINE('',#2007,#2009);
#2011=EDGE_CURVE('',#2006,#1998,#2010,.T.);
#2012=ORIENTED_EDGE('',*,*,#2011,.F.);
#2013=CARTESIAN_POINT('',(-32.25,13.207319631,-0.850023881));
#2014=DIRECTION('',(1.,0.,0.));
#2015=VECTOR('',#2014,3.);
#2016=LINE('',#2013,#2015);
#2017=EDGE_CURVE('',#2006,#1349,#2016,.T.);
#2018=ORIENTED_EDGE('',*,*,#2017,.T.);
#2019=ORIENTED_EDGE('',*,*,#1369,.T.);
#2020=EDGE_LOOP('',(#2004,#2012,#2018,#2019));
#2021=FACE_BOUND('',#2020,.T.);
#2022=ADVANCED_FACE('',(#2021),#1996,.T.);
#2023=CARTESIAN_POINT('',(-32.25,43.27,-3.7));
#2024=DIRECTION('',(1.,0.,0.));
#2025=DIRECTION('',(0.,0.,-1.));
#2026=AXIS2_PLACEMENT_3D('',#2023,#2024,#2025);
#2027=PLANE('',#2026);
#2028=CARTESIAN_POINT('',(-32.25,32.387345031,-2.));
#2029=VERTEX_POINT('',#2028);
#2030=CARTESIAN_POINT('',(-32.25,31.387345031,-1.));
#2031=VERTEX_POINT('',#2030);
#2032=CARTESIAN_POINT('',(-32.25,31.387345031,-2.));
#2033=DIRECTION('',(1.,0.,0.));
#2034=DIRECTION('',(0.,0.,-1.));
#2035=AXIS2_PLACEMENT_3D('',#2032,#2033,#2034);
#2036=CIRCLE('',#2035,1.);
#2037=EDGE_CURVE('',#2029,#2031,#2036,.T.);
#2038=ORIENTED_EDGE('',*,*,#2037,.T.);
#2039=CARTESIAN_POINT('',(-32.25,31.387345031,-1.));
#2040=DIRECTION('',(0.,0.,1.));
#2041=VECTOR('',#2040,0.149976119);
#2042=LINE('',#2039,#2041);
#2043=EDGE_CURVE('',#2031,#779,#2042,.T.);
#2044=ORIENTED_EDGE('',*,*,#2043,.T.);
#2045=ORIENTED_EDGE('',*,*,#784,.T.);
#2046=ORIENTED_EDGE('',*,*,#751,.T.);
#2047=ORIENTED_EDGE('',*,*,#712,.T.);
#2048=ORIENTED_EDGE('',*,*,#884,.F.);
#2049=ORIENTED_EDGE('',*,*,#265,.T.);
#2050=CARTESIAN_POINT('',(-32.25,5.517319631,-2.100023881));
#2051=VERTEX_POINT('',#2050);
#2052=CARTESIAN_POINT('',(-32.25,6.767319631,-2.100023881));
#2053=DIRECTION('',(1.,0.,0.));
#2054=DIRECTION('',(0.,0.,-1.));
#2055=AXIS2_PLACEMENT_3D('',#2052,#2053,#2054);
#2056=CIRCLE('',#2055,1.25);
#2057=EDGE_CURVE('',#252,#2051,#2056,.T.);
#2058=ORIENTED_EDGE('',*,*,#2057,.T.);
#2059=CARTESIAN_POINT('',(-32.25,5.517319631,-2.760023881));
#2060=VERTEX_POINT('',#2059);
#2061=CARTESIAN_POINT('',(-32.25,5.517319631,-2.760023881));
#2062=DIRECTION('',(0.,0.,1.));
#2063=VECTOR('',#2062,0.66);
#2064=LINE('',#2061,#2063);
#2065=EDGE_CURVE('',#2060,#2051,#2064,.T.);
#2066=ORIENTED_EDGE('',*,*,#2065,.F.);
#2067=CARTESIAN_POINT('',(-32.25,6.254528789,-3.9));
#2068=VERTEX_POINT('',#2067);
#2069=CARTESIAN_POINT('',(-32.25,6.767319631,-2.760023881));
#2070=DIRECTION('',(1.,0.,0.));
#2071=DIRECTION('',(0.,0.,-1.));
#2072=AXIS2_PLACEMENT_3D('',#2069,#2070,#2071);
#2073=CIRCLE('',#2072,1.25);
#2074=EDGE_CURVE('',#2060,#2068,#2073,.T.);
#2075=ORIENTED_EDGE('',*,*,#2074,.T.);
#2076=CARTESIAN_POINT('',(-32.25,6.767319631,-4.010023881));
#2077=VERTEX_POINT('',#2076);
#2078=CARTESIAN_POINT('',(-32.25,6.767319631,-2.760023881));
#2079=DIRECTION('',(-1.,-0.,-0.));
#2080=DIRECTION('',(0.,0.,-1.));
#2081=AXIS2_PLACEMENT_3D('',#2078,#2079,#2080);
#2082=CIRCLE('',#2081,1.25);
#2083=EDGE_CURVE('',#2077,#2068,#2082,.T.);
#2084=ORIENTED_EDGE('',*,*,#2083,.F.);
#2085=CARTESIAN_POINT('',(-32.25,13.207319631,-4.010023881));
#2086=VERTEX_POINT('',#2085);
#2087=CARTESIAN_POINT('',(-32.25,13.207319631,-4.010023881));
#2088=DIRECTION('',(0.,-1.,0.));
#2089=VECTOR('',#2088,6.44);
#2090=LINE('',#2087,#2089);
#2091=EDGE_CURVE('',#2086,#2077,#2090,.T.);
#2092=ORIENTED_EDGE('',*,*,#2091,.F.);
#2093=CARTESIAN_POINT('',(-32.25,13.720110473,-3.9));
#2094=VERTEX_POINT('',#2093);
#2095=CARTESIAN_POINT('',(-32.25,13.207319631,-2.760023881));
#2096=DIRECTION('',(-1.,-0.,-0.));
#2097=DIRECTION('',(0.,0.,-1.));
#2098=AXIS2_PLACEMENT_3D('',#2095,#2096,#2097);
#2099=CIRCLE('',#2098,1.25);
#2100=EDGE_CURVE('',#2094,#2086,#2099,.T.);
#2101=ORIENTED_EDGE('',*,*,#2100,.F.);
#2102=CARTESIAN_POINT('',(-32.25,14.457319631,-2.760023738));
#2103=VERTEX_POINT('',#2102);
#2104=CARTESIAN_POINT('',(-32.25,13.207319631,-2.760023881));
#2105=DIRECTION('',(1.,0.,0.));
#2106=DIRECTION('',(0.,0.,-1.));
#2107=AXIS2_PLACEMENT_3D('',#2104,#2105,#2106);
#2108=CIRCLE('',#2107,1.25);
#2109=EDGE_CURVE('',#2094,#2103,#2108,.T.);
#2110=ORIENTED_EDGE('',*,*,#2109,.T.);
#2111=CARTESIAN_POINT('',(-32.25,14.457319631,-2.100023881));
#2112=VERTEX_POINT('',#2111);
#2113=CARTESIAN_POINT('',(-32.25,14.457319631,-2.100023881));
#2114=DIRECTION('',(0.,0.,-1.));
#2115=VECTOR('',#2114,0.659999857);
#2116=LINE('',#2113,#2115);
#2117=EDGE_CURVE('',#2112,#2103,#2116,.T.);
#2118=ORIENTED_EDGE('',*,*,#2117,.F.);
#2119=CARTESIAN_POINT('',(-32.25,13.207319631,-2.100023881));
#2120=DIRECTION('',(1.,0.,0.));
#2121=DIRECTION('',(0.,0.,-1.));
#2122=AXIS2_PLACEMENT_3D('',#2119,#2120,#2121);
#2123=CIRCLE('',#2122,1.25);
#2124=EDGE_CURVE('',#2112,#2006,#2123,.T.);
#2125=ORIENTED_EDGE('',*,*,#2124,.T.);
#2126=ORIENTED_EDGE('',*,*,#2011,.T.);
#2127=CARTESIAN_POINT('',(-32.25,19.537332331,-3.050025388));
#2128=VERTEX_POINT('',#2127);
#2129=CARTESIAN_POINT('',(-32.25,19.537332331,-0.850023881));
#2130=DIRECTION('',(0.,0.,-1.));
#2131=VECTOR('',#2130,2.200001507);
#2132=LINE('',#2129,#2131);
#2133=EDGE_CURVE('',#1998,#2128,#2132,.T.);
#2134=ORIENTED_EDGE('',*,*,#2133,.T.);
#2135=CARTESIAN_POINT('',(-32.25,23.337332331,-3.050025388));
#2136=DIRECTION('',(0.,-1.,0.));
#2137=VECTOR('',#2136,3.8);
#2138=LINE('',#2135,#2137);
#2139=EDGE_CURVE('',#1671,#2128,#2138,.T.);
#2140=ORIENTED_EDGE('',*,*,#2139,.F.);
#2141=ORIENTED_EDGE('',*,*,#1676,.T.);
#2142=ORIENTED_EDGE('',*,*,#1589,.T.);
#2143=CARTESIAN_POINT('',(-32.25,27.587319631,-1.));
#2144=VERTEX_POINT('',#2143);
#2145=CARTESIAN_POINT('',(-32.25,27.587319631,-1.));
#2146=DIRECTION('',(0.,0.,1.));
#2147=VECTOR('',#2146,0.149976119);
#2148=LINE('',#2145,#2147);
#2149=EDGE_CURVE('',#2144,#1576,#2148,.T.);
#2150=ORIENTED_EDGE('',*,*,#2149,.F.);
#2151=CARTESIAN_POINT('',(-32.25,26.587319631,-2.));
#2152=VERTEX_POINT('',#2151);
#2153=CARTESIAN_POINT('',(-32.25,27.587319631,-2.));
#2154=DIRECTION('',(1.,0.,0.));
#2155=DIRECTION('',(0.,0.,-1.));
#2156=AXIS2_PLACEMENT_3D('',#2153,#2154,#2155);
#2157=CIRCLE('',#2156,1.);
#2158=EDGE_CURVE('',#2144,#2152,#2157,.T.);
#2159=ORIENTED_EDGE('',*,*,#2158,.T.);
#2160=CARTESIAN_POINT('',(-32.25,26.587319631,-2.250026102));
#2161=VERTEX_POINT('',#2160);
#2162=CARTESIAN_POINT('',(-32.25,26.587319631,-2.));
#2163=DIRECTION('',(0.,0.,-1.));
#2164=VECTOR('',#2163,0.250026102);
#2165=LINE('',#2162,#2164);
#2166=EDGE_CURVE('',#2152,#2161,#2165,.T.);
#2167=ORIENTED_EDGE('',*,*,#2166,.T.);
#2168=CARTESIAN_POINT('',(-32.25,27.587319631,-3.250026102));
#2169=VERTEX_POINT('',#2168);
#2170=CARTESIAN_POINT('',(-32.25,27.587319631,-2.250026102));
#2171=DIRECTION('',(1.,0.,0.));
#2172=DIRECTION('',(0.,0.,-1.));
#2173=AXIS2_PLACEMENT_3D('',#2170,#2171,#2172);
#2174=CIRCLE('',#2173,1.);
#2175=EDGE_CURVE('',#2161,#2169,#2174,.T.);
#2176=ORIENTED_EDGE('',*,*,#2175,.T.);
#2177=CARTESIAN_POINT('',(-32.25,31.387345031,-3.250026102));
#2178=VERTEX_POINT('',#2177);
#2179=CARTESIAN_POINT('',(-32.25,31.387345031,-3.250026102));
#2180=DIRECTION('',(0.,-1.,0.));
#2181=VECTOR('',#2180,3.8000254);
#2182=LINE('',#2179,#2181);
#2183=EDGE_CURVE('',#2178,#2169,#2182,.T.);
#2184=ORIENTED_EDGE('',*,*,#2183,.F.);
#2185=CARTESIAN_POINT('',(-32.25,32.387345031,-2.250026102));
#2186=VERTEX_POINT('',#2185);
#2187=CARTESIAN_POINT('',(-32.25,31.387345031,-2.250026102));
#2188=DIRECTION('',(1.,0.,0.));
#2189=DIRECTION('',(0.,0.,-1.));
#2190=AXIS2_PLACEMENT_3D('',#2187,#2188,#2189);
#2191=CIRCLE('',#2190,1.);
#2192=EDGE_CURVE('',#2178,#2186,#2191,.T.);
#2193=ORIENTED_EDGE('',*,*,#2192,.T.);
#2194=CARTESIAN_POINT('',(-32.25,32.387345031,-2.));
#2195=DIRECTION('',(0.,0.,-1.));
#2196=VECTOR('',#2195,0.250026102);
#2197=LINE('',#2194,#2196);
#2198=EDGE_CURVE('',#2029,#2186,#2197,.T.);
#2199=ORIENTED_EDGE('',*,*,#2198,.F.);
#2200=EDGE_LOOP('',(#2038,#2044,#2045,#2046,#2047,#2048,#2049,#2058,#2066,#2075,#2084,#2092,#2101,#2110,#2118,#2125,#2126,#2134,#2140,#2141,#2142,#2150,#2159,#2167,#2176,#2184,
#2193,#2199));
#2201=FACE_BOUND('',#2200,.T.);
#2202=ADVANCED_FACE('',(#2201),#2027,.F.);
#2203=CARTESIAN_POINT('',(36.25,26.587294231,-2.550026102));
#2204=DIRECTION('',(-0.,1.,0.));
#2205=DIRECTION('',(-1.,-0.,0.));
#2206=AXIS2_PLACEMENT_3D('',#2203,#2204,#2205);
#2207=PLANE('',#2206);
#2208=CARTESIAN_POINT('',(33.75,26.587294231,-2.250026102));
#2209=VERTEX_POINT('',#2208);
#2210=CARTESIAN_POINT('',(33.75,26.587294231,-2.250026102));
#2211=DIRECTION('',(-1.,-0.,0.));
#2212=VECTOR('',#2211,4.5);
#2213=LINE('',#2210,#2212);
#2214=EDGE_CURVE('',#2209,#1910,#2213,.T.);
#2215=ORIENTED_EDGE('',*,*,#2214,.T.);
#2216=ORIENTED_EDGE('',*,*,#1915,.F.);
#2217=CARTESIAN_POINT('',(33.75,26.587294231,-2.));
#2218=VERTEX_POINT('',#2217);
#2219=CARTESIAN_POINT('',(33.75,26.587294231,-2.));
#2220=DIRECTION('',(-1.,-0.,-0.));
#2221=VECTOR('',#2220,4.5);
#2222=LINE('',#2219,#2221);
#2223=EDGE_CURVE('',#2218,#1901,#2222,.T.);
#2224=ORIENTED_EDGE('',*,*,#2223,.F.);
#2225=CARTESIAN_POINT('',(33.75,26.587294231,-2.));
#2226=DIRECTION('',(0.,0.,-1.));
#2227=VECTOR('',#2226,0.250026102);
#2228=LINE('',#2225,#2227);
#2229=EDGE_CURVE('',#2218,#2209,#2228,.T.);
#2230=ORIENTED_EDGE('',*,*,#2229,.T.);
#2231=EDGE_LOOP('',(#2215,#2216,#2224,#2230));
#2232=FACE_BOUND('',#2231,.T.);
#2233=ADVANCED_FACE('',(#2232),#2207,.T.);
#2234=CARTESIAN_POINT('',(36.25,27.587294231,-2.));
#2235=DIRECTION('',(1.,0.,0.));
#2236=DIRECTION('',(-0.,1.,0.));
#2237=AXIS2_PLACEMENT_3D('',#2234,#2235,#2236);
#2238=CYLINDRICAL_SURFACE('',#2237,1.);
#2239=ORIENTED_EDGE('',*,*,#1907,.T.);
#2240=CARTESIAN_POINT('',(33.75,27.587294231,-1.));
#2241=VERTEX_POINT('',#2240);
#2242=CARTESIAN_POINT('',(33.75,27.587294231,-1.));
#2243=DIRECTION('',(-1.,-0.,0.));
#2244=VECTOR('',#2243,4.5);
#2245=LINE('',#2242,#2244);
#2246=EDGE_CURVE('',#2241,#1893,#2245,.T.);
#2247=ORIENTED_EDGE('',*,*,#2246,.F.);
#2248=CARTESIAN_POINT('',(33.75,27.587294231,-2.));
#2249=DIRECTION('',(-1.,-0.,-0.));
#2250=DIRECTION('',(0.,0.,-1.));
#2251=AXIS2_PLACEMENT_3D('',#2248,#2249,#2250);
#2252=CIRCLE('',#2251,1.);
#2253=EDGE_CURVE('',#2218,#2241,#2252,.T.);
#2254=ORIENTED_EDGE('',*,*,#2253,.F.);
#2255=ORIENTED_EDGE('',*,*,#2223,.T.);
#2256=EDGE_LOOP('',(#2239,#2247,#2254,#2255));
#2257=FACE_BOUND('',#2256,.T.);
#2258=ADVANCED_FACE('',(#2257),#2238,.F.);
#2259=CARTESIAN_POINT('',(36.25,31.387294231,-2.));
#2260=DIRECTION('',(-1.,-0.,0.));
#2261=DIRECTION('',(0.,-1.,0.));
#2262=AXIS2_PLACEMENT_3D('',#2259,#2260,#2261);
#2263=CYLINDRICAL_SURFACE('',#2262,1.);
#2264=ORIENTED_EDGE('',*,*,#1517,.T.);
#2265=CARTESIAN_POINT('',(33.75,32.387294231,-2.));
#2266=VERTEX_POINT('',#2265);
#2267=CARTESIAN_POINT('',(33.75,32.387294231,-2.));
#2268=DIRECTION('',(-1.,-0.,0.));
#2269=VECTOR('',#2268,4.5);
#2270=LINE('',#2267,#2269);
#2271=EDGE_CURVE('',#2266,#1511,#2270,.T.);
#2272=ORIENTED_EDGE('',*,*,#2271,.F.);
#2273=CARTESIAN_POINT('',(33.75,31.387294231,-1.));
#2274=VERTEX_POINT('',#2273);
#2275=CARTESIAN_POINT('',(33.75,31.387294231,-2.));
#2276=DIRECTION('',(-1.,-0.,-0.));
#2277=DIRECTION('',(0.,0.,-1.));
#2278=AXIS2_PLACEMENT_3D('',#2275,#2276,#2277);
#2279=CIRCLE('',#2278,1.);
#2280=EDGE_CURVE('',#2274,#2266,#2279,.T.);
#2281=ORIENTED_EDGE('',*,*,#2280,.F.);
#2282=CARTESIAN_POINT('',(33.75,31.387294231,-1.));
#2283=DIRECTION('',(-1.,-0.,-0.));
#2284=VECTOR('',#2283,4.5);
#2285=LINE('',#2282,#2284);
#2286=EDGE_CURVE('',#2274,#1509,#2285,.T.);
#2287=ORIENTED_EDGE('',*,*,#2286,.T.);
#2288=EDGE_LOOP('',(#2264,#2272,#2281,#2287));
#2289=FACE_BOUND('',#2288,.T.);
#2290=ADVANCED_FACE('',(#2289),#2263,.F.);
#2291=CARTESIAN_POINT('',(36.25,32.387294231,-2.550026102));
#2292=DIRECTION('',(-0.,1.,0.));
#2293=DIRECTION('',(-1.,-0.,0.));
#2294=AXIS2_PLACEMENT_3D('',#2291,#2292,#2293);
#2295=PLANE('',#2294);
#2296=ORIENTED_EDGE('',*,*,#1555,.T.);
#2297=CARTESIAN_POINT('',(33.75,32.387294231,-2.250026102));
#2298=VERTEX_POINT('',#2297);
#2299=CARTESIAN_POINT('',(33.75,32.387294231,-2.250026102));
#2300=DIRECTION('',(-1.,-0.,-0.));
#2301=VECTOR('',#2300,4.5);
#2302=LINE('',#2299,#2301);
#2303=EDGE_CURVE('',#2298,#1543,#2302,.T.);
#2304=ORIENTED_EDGE('',*,*,#2303,.F.);
#2305=CARTESIAN_POINT('',(33.75,32.387294231,-2.));
#2306=DIRECTION('',(0.,0.,-1.));
#2307=VECTOR('',#2306,0.250026102);
#2308=LINE('',#2305,#2307);
#2309=EDGE_CURVE('',#2266,#2298,#2308,.T.);
#2310=ORIENTED_EDGE('',*,*,#2309,.F.);
#2311=ORIENTED_EDGE('',*,*,#2271,.T.);
#2312=EDGE_LOOP('',(#2296,#2304,#2310,#2311));
#2313=FACE_BOUND('',#2312,.T.);
#2314=ADVANCED_FACE('',(#2313),#2295,.F.);
#2315=CARTESIAN_POINT('',(36.25,31.387294231,-2.250026102));
#2316=DIRECTION('',(-1.,-0.,0.));
#2317=DIRECTION('',(0.,-1.,0.));
#2318=AXIS2_PLACEMENT_3D('',#2315,#2316,#2317);
#2319=CYLINDRICAL_SURFACE('',#2318,1.);
#2320=ORIENTED_EDGE('',*,*,#1549,.T.);
#2321=CARTESIAN_POINT('',(33.75,31.387294231,-3.250026102));
#2322=VERTEX_POINT('',#2321);
#2323=CARTESIAN_POINT('',(33.75,31.387294231,-3.250026102));
#2324=DIRECTION('',(-1.,-0.,0.));
#2325=VECTOR('',#2324,4.5);
#2326=LINE('',#2323,#2325);
#2327=EDGE_CURVE('',#2322,#1535,#2326,.T.);
#2328=ORIENTED_EDGE('',*,*,#2327,.F.);
#2329=CARTESIAN_POINT('',(33.75,31.387294231,-2.250026102));
#2330=DIRECTION('',(-1.,-0.,-0.));
#2331=DIRECTION('',(0.,0.,-1.));
#2332=AXIS2_PLACEMENT_3D('',#2329,#2330,#2331);
#2333=CIRCLE('',#2332,1.);
#2334=EDGE_CURVE('',#2298,#2322,#2333,.T.);
#2335=ORIENTED_EDGE('',*,*,#2334,.F.);
#2336=ORIENTED_EDGE('',*,*,#2303,.T.);
#2337=EDGE_LOOP('',(#2320,#2328,#2335,#2336));
#2338=FACE_BOUND('',#2337,.T.);
#2339=ADVANCED_FACE('',(#2338),#2319,.F.);
#2340=CARTESIAN_POINT('',(36.25,29.487294231,-3.250026102));
#2341=DIRECTION('',(0.,0.,1.));
#2342=DIRECTION('',(1.,0.,0.));
#2343=AXIS2_PLACEMENT_3D('',#2340,#2341,#2342);
#2344=PLANE('',#2343);
#2345=ORIENTED_EDGE('',*,*,#2327,.T.);
#2346=ORIENTED_EDGE('',*,*,#1540,.T.);
#2347=ORIENTED_EDGE('',*,*,#1858,.T.);
#2348=ORIENTED_EDGE('',*,*,#1749,.F.);
#2349=ORIENTED_EDGE('',*,*,#1824,.F.);
#2350=ORIENTED_EDGE('',*,*,#1930,.T.);
#2351=CARTESIAN_POINT('',(33.75,27.587294231,-3.250026102));
#2352=VERTEX_POINT('',#2351);
#2353=CARTESIAN_POINT('',(33.75,27.587294231,-3.250026102));
#2354=DIRECTION('',(-1.,-0.,-0.));
#2355=VECTOR('',#2354,4.5);
#2356=LINE('',#2353,#2355);
#2357=EDGE_CURVE('',#2352,#1918,#2356,.T.);
#2358=ORIENTED_EDGE('',*,*,#2357,.F.);
#2359=CARTESIAN_POINT('',(33.75,27.587294231,-3.250026102));
#2360=DIRECTION('',(0.,1.,0.));
#2361=VECTOR('',#2360,3.8);
#2362=LINE('',#2359,#2361);
#2363=EDGE_CURVE('',#2352,#2322,#2362,.T.);
#2364=ORIENTED_EDGE('',*,*,#2363,.T.);
#2365=EDGE_LOOP('',(#2345,#2346,#2347,#2348,#2349,#2350,#2358,#2364));
#2366=FACE_BOUND('',#2365,.T.);
#2367=ADVANCED_FACE('',(#2366),#2344,.T.);
#2368=CARTESIAN_POINT('',(36.25,27.587294231,-2.250026102));
#2369=DIRECTION('',(1.,0.,0.));
#2370=DIRECTION('',(-0.,1.,0.));
#2371=AXIS2_PLACEMENT_3D('',#2368,#2369,#2370);
#2372=CYLINDRICAL_SURFACE('',#2371,1.);
#2373=ORIENTED_EDGE('',*,*,#2214,.F.);
#2374=CARTESIAN_POINT('',(33.75,27.587294231,-2.250026102));
#2375=DIRECTION('',(-1.,-0.,-0.));
#2376=DIRECTION('',(0.,0.,-1.));
#2377=AXIS2_PLACEMENT_3D('',#2374,#2375,#2376);
#2378=CIRCLE('',#2377,1.);
#2379=EDGE_CURVE('',#2352,#2209,#2378,.T.);
#2380=ORIENTED_EDGE('',*,*,#2379,.F.);
#2381=ORIENTED_EDGE('',*,*,#2357,.T.);
#2382=ORIENTED_EDGE('',*,*,#1924,.T.);
#2383=EDGE_LOOP('',(#2373,#2380,#2381,#2382));
#2384=FACE_BOUND('',#2383,.T.);
#2385=ADVANCED_FACE('',(#2384),#2372,.F.);
#2386=CARTESIAN_POINT('',(37.95,14.587294231,-2.550026102));
#2387=DIRECTION('',(-0.,1.,0.));
#2388=DIRECTION('',(-1.,-0.,0.));
#2389=AXIS2_PLACEMENT_3D('',#2386,#2387,#2388);
#2390=PLANE('',#2389);
#2391=CARTESIAN_POINT('',(33.75,14.587294231,-2.250026102));
#2392=VERTEX_POINT('',#2391);
#2393=CARTESIAN_POINT('',(29.25,14.587294231,-2.250026102));
#2394=VERTEX_POINT('',#2393);
#2395=CARTESIAN_POINT('',(33.75,14.587294231,-2.250026102));
#2396=DIRECTION('',(-1.,-0.,0.));
#2397=VECTOR('',#2396,4.5);
#2398=LINE('',#2395,#2397);
#2399=EDGE_CURVE('',#2392,#2394,#2398,.T.);
#2400=ORIENTED_EDGE('',*,*,#2399,.T.);
#2401=CARTESIAN_POINT('',(29.25,14.587294231,-2.));
#2402=VERTEX_POINT('',#2401);
#2403=CARTESIAN_POINT('',(29.25,14.587294231,-2.));
#2404=DIRECTION('',(0.,0.,-1.));
#2405=VECTOR('',#2404,0.250026102);
#2406=LINE('',#2403,#2405);
#2407=EDGE_CURVE('',#2402,#2394,#2406,.T.);
#2408=ORIENTED_EDGE('',*,*,#2407,.F.);
#2409=CARTESIAN_POINT('',(33.75,14.587294231,-2.));
#2410=VERTEX_POINT('',#2409);
#2411=CARTESIAN_POINT('',(33.75,14.587294231,-2.));
#2412=DIRECTION('',(-1.,-0.,-0.));
#2413=VECTOR('',#2412,4.5);
#2414=LINE('',#2411,#2413);
#2415=EDGE_CURVE('',#2410,#2402,#2414,.T.);
#2416=ORIENTED_EDGE('',*,*,#2415,.F.);
#2417=CARTESIAN_POINT('',(33.75,14.587294231,-2.));
#2418=DIRECTION('',(0.,0.,-1.));
#2419=VECTOR('',#2418,0.250026102);
#2420=LINE('',#2417,#2419);
#2421=EDGE_CURVE('',#2410,#2392,#2420,.T.);
#2422=ORIENTED_EDGE('',*,*,#2421,.T.);
#2423=EDGE_LOOP('',(#2400,#2408,#2416,#2422));
#2424=FACE_BOUND('',#2423,.T.);
#2425=ADVANCED_FACE('',(#2424),#2390,.T.);
#2426=CARTESIAN_POINT('',(37.95,15.587294231,-2.));
#2427=DIRECTION('',(1.,0.,0.));
#2428=DIRECTION('',(-0.,1.,0.));
#2429=AXIS2_PLACEMENT_3D('',#2426,#2427,#2428);
#2430=CYLINDRICAL_SURFACE('',#2429,1.);
#2431=CARTESIAN_POINT('',(29.25,15.587294231,-1.));
#2432=VERTEX_POINT('',#2431);
#2433=CARTESIAN_POINT('',(29.25,15.587294231,-2.));
#2434=DIRECTION('',(-1.,-0.,0.));
#2435=DIRECTION('',(0.,-1.,0.));
#2436=AXIS2_PLACEMENT_3D('',#2433,#2434,#2435);
#2437=CIRCLE('',#2436,1.);
#2438=EDGE_CURVE('',#2402,#2432,#2437,.T.);
#2439=ORIENTED_EDGE('',*,*,#2438,.T.);
#2440=CARTESIAN_POINT('',(33.75,15.587294231,-1.));
#2441=VERTEX_POINT('',#2440);
#2442=CARTESIAN_POINT('',(33.75,15.587294231,-1.));
#2443=DIRECTION('',(-1.,-0.,0.));
#2444=VECTOR('',#2443,4.5);
#2445=LINE('',#2442,#2444);
#2446=EDGE_CURVE('',#2441,#2432,#2445,.T.);
#2447=ORIENTED_EDGE('',*,*,#2446,.F.);
#2448=CARTESIAN_POINT('',(33.75,15.587294231,-2.));
#2449=DIRECTION('',(-1.,-0.,-0.));
#2450=DIRECTION('',(0.,0.,-1.));
#2451=AXIS2_PLACEMENT_3D('',#2448,#2449,#2450);
#2452=CIRCLE('',#2451,1.);
#2453=EDGE_CURVE('',#2410,#2441,#2452,.T.);
#2454=ORIENTED_EDGE('',*,*,#2453,.F.);
#2455=ORIENTED_EDGE('',*,*,#2415,.T.);
#2456=EDGE_LOOP('',(#2439,#2447,#2454,#2455));
#2457=FACE_BOUND('',#2456,.T.);
#2458=ADVANCED_FACE('',(#2457),#2430,.F.);
#2459=CARTESIAN_POINT('',(37.95,19.387294231,-2.));
#2460=DIRECTION('',(-1.,-0.,0.));
#2461=DIRECTION('',(0.,-1.,0.));
#2462=AXIS2_PLACEMENT_3D('',#2459,#2460,#2461);
#2463=CYLINDRICAL_SURFACE('',#2462,1.);
#2464=ORIENTED_EDGE('',*,*,#1460,.T.);
#2465=CARTESIAN_POINT('',(33.75,20.387294231,-2.));
#2466=VERTEX_POINT('',#2465);
#2467=CARTESIAN_POINT('',(33.75,20.387294231,-2.));
#2468=DIRECTION('',(-1.,-0.,0.));
#2469=VECTOR('',#2468,4.5);
#2470=LINE('',#2467,#2469);
#2471=EDGE_CURVE('',#2466,#1454,#2470,.T.);
#2472=ORIENTED_EDGE('',*,*,#2471,.F.);
#2473=CARTESIAN_POINT('',(33.75,19.387294231,-1.));
#2474=VERTEX_POINT('',#2473);
#2475=CARTESIAN_POINT('',(33.75,19.387294231,-2.));
#2476=DIRECTION('',(-1.,-0.,-0.));
#2477=DIRECTION('',(0.,0.,-1.));
#2478=AXIS2_PLACEMENT_3D('',#2475,#2476,#2477);
#2479=CIRCLE('',#2478,1.);
#2480=EDGE_CURVE('',#2474,#2466,#2479,.T.);
#2481=ORIENTED_EDGE('',*,*,#2480,.F.);
#2482=CARTESIAN_POINT('',(33.75,19.387294231,-1.));
#2483=DIRECTION('',(-1.,-0.,-0.));
#2484=VECTOR('',#2483,4.5);
#2485=LINE('',#2482,#2484);
#2486=EDGE_CURVE('',#2474,#1452,#2485,.T.);
#2487=ORIENTED_EDGE('',*,*,#2486,.T.);
#2488=EDGE_LOOP('',(#2464,#2472,#2481,#2487));
#2489=FACE_BOUND('',#2488,.T.);
#2490=ADVANCED_FACE('',(#2489),#2463,.F.);
#2491=CARTESIAN_POINT('',(37.95,20.387294231,-2.550026102));
#2492=DIRECTION('',(-0.,1.,0.));
#2493=DIRECTION('',(-1.,-0.,0.));
#2494=AXIS2_PLACEMENT_3D('',#2491,#2492,#2493);
#2495=PLANE('',#2494);
#2496=ORIENTED_EDGE('',*,*,#1498,.T.);
#2497=CARTESIAN_POINT('',(33.75,20.387294231,-2.250026102));
#2498=VERTEX_POINT('',#2497);
#2499=CARTESIAN_POINT('',(33.75,20.387294231,-2.250026102));
#2500=DIRECTION('',(-1.,-0.,-0.));
#2501=VECTOR('',#2500,4.5);
#2502=LINE('',#2499,#2501);
#2503=EDGE_CURVE('',#2498,#1486,#2502,.T.);
#2504=ORIENTED_EDGE('',*,*,#2503,.F.);
#2505=CARTESIAN_POINT('',(33.75,20.387294231,-2.));
#2506=DIRECTION('',(0.,0.,-1.));
#2507=VECTOR('',#2506,0.250026102);
#2508=LINE('',#2505,#2507);
#2509=EDGE_CURVE('',#2466,#2498,#2508,.T.);
#2510=ORIENTED_EDGE('',*,*,#2509,.F.);
#2511=ORIENTED_EDGE('',*,*,#2471,.T.);
#2512=EDGE_LOOP('',(#2496,#2504,#2510,#2511));
#2513=FACE_BOUND('',#2512,.T.);
#2514=ADVANCED_FACE('',(#2513),#2495,.F.);
#2515=CARTESIAN_POINT('',(37.95,19.387294231,-2.250026102));
#2516=DIRECTION('',(-1.,-0.,0.));
#2517=DIRECTION('',(0.,-1.,0.));
#2518=AXIS2_PLACEMENT_3D('',#2515,#2516,#2517);
#2519=CYLINDRICAL_SURFACE('',#2518,1.);
#2520=ORIENTED_EDGE('',*,*,#1492,.T.);
#2521=CARTESIAN_POINT('',(33.75,19.387294231,-3.250026102));
#2522=VERTEX_POINT('',#2521);
#2523=CARTESIAN_POINT('',(33.75,19.387294231,-3.250026102));
#2524=DIRECTION('',(-1.,-0.,0.));
#2525=VECTOR('',#2524,4.5);
#2526=LINE('',#2523,#2525);
#2527=EDGE_CURVE('',#2522,#1478,#2526,.T.);
#2528=ORIENTED_EDGE('',*,*,#2527,.F.);
#2529=CARTESIAN_POINT('',(33.75,19.387294231,-2.250026102));
#2530=DIRECTION('',(-1.,-0.,-0.));
#2531=DIRECTION('',(0.,0.,-1.));
#2532=AXIS2_PLACEMENT_3D('',#2529,#2530,#2531);
#2533=CIRCLE('',#2532,1.);
#2534=EDGE_CURVE('',#2498,#2522,#2533,.T.);
#2535=ORIENTED_EDGE('',*,*,#2534,.F.);
#2536=ORIENTED_EDGE('',*,*,#2503,.T.);
#2537=EDGE_LOOP('',(#2520,#2528,#2535,#2536));
#2538=FACE_BOUND('',#2537,.T.);
#2539=ADVANCED_FACE('',(#2538),#2519,.F.);
#2540=CARTESIAN_POINT('',(37.95,17.487294231,-3.250026102));
#2541=DIRECTION('',(0.,0.,1.));
#2542=DIRECTION('',(1.,0.,0.));
#2543=AXIS2_PLACEMENT_3D('',#2540,#2541,#2542);
#2544=PLANE('',#2543);
#2545=ORIENTED_EDGE('',*,*,#2527,.T.);
#2546=ORIENTED_EDGE('',*,*,#1483,.F.);
#2547=ORIENTED_EDGE('',*,*,#1840,.T.);
#2548=ORIENTED_EDGE('',*,*,#1794,.T.);
#2549=ORIENTED_EDGE('',*,*,#1882,.F.);
#2550=CARTESIAN_POINT('',(29.25,15.587294231,-3.250026102));
#2551=VERTEX_POINT('',#2550);
#2552=CARTESIAN_POINT('',(29.25,15.587294231,-3.250026102));
#2553=DIRECTION('',(0.,-1.,0.));
#2554=VECTOR('',#2553,1.8);
#2555=LINE('',#2552,#2554);
#2556=EDGE_CURVE('',#2551,#1871,#2555,.T.);
#2557=ORIENTED_EDGE('',*,*,#2556,.F.);
#2558=CARTESIAN_POINT('',(33.75,15.587294231,-3.250026102));
#2559=VERTEX_POINT('',#2558);
#2560=CARTESIAN_POINT('',(33.75,15.587294231,-3.250026102));
#2561=DIRECTION('',(-1.,-0.,-0.));
#2562=VECTOR('',#2561,4.5);
#2563=LINE('',#2560,#2562);
#2564=EDGE_CURVE('',#2559,#2551,#2563,.T.);
#2565=ORIENTED_EDGE('',*,*,#2564,.F.);
#2566=CARTESIAN_POINT('',(33.75,15.587294231,-3.250026102));
#2567=DIRECTION('',(0.,1.,0.));
#2568=VECTOR('',#2567,3.8);
#2569=LINE('',#2566,#2568);
#2570=EDGE_CURVE('',#2559,#2522,#2569,.T.);
#2571=ORIENTED_EDGE('',*,*,#2570,.T.);
#2572=EDGE_LOOP('',(#2545,#2546,#2547,#2548,#2549,#2557,#2565,#2571));
#2573=FACE_BOUND('',#2572,.T.);
#2574=ADVANCED_FACE('',(#2573),#2544,.T.);
#2575=CARTESIAN_POINT('',(37.95,15.587294231,-2.250026102));
#2576=DIRECTION('',(1.,0.,0.));
#2577=DIRECTION('',(-0.,1.,0.));
#2578=AXIS2_PLACEMENT_3D('',#2575,#2576,#2577);
#2579=CYLINDRICAL_SURFACE('',#2578,1.);
#2580=ORIENTED_EDGE('',*,*,#2399,.F.);
#2581=CARTESIAN_POINT('',(33.75,15.587294231,-2.250026102));
#2582=DIRECTION('',(-1.,-0.,-0.));
#2583=DIRECTION('',(0.,0.,-1.));
#2584=AXIS2_PLACEMENT_3D('',#2581,#2582,#2583);
#2585=CIRCLE('',#2584,1.);
#2586=EDGE_CURVE('',#2559,#2392,#2585,.T.);
#2587=ORIENTED_EDGE('',*,*,#2586,.F.);
#2588=ORIENTED_EDGE('',*,*,#2564,.T.);
#2589=CARTESIAN_POINT('',(29.25,15.587294231,-2.250026102));
#2590=DIRECTION('',(-1.,-0.,0.));
#2591=DIRECTION('',(0.,-1.,0.));
#2592=AXIS2_PLACEMENT_3D('',#2589,#2590,#2591);
#2593=CIRCLE('',#2592,1.);
#2594=EDGE_CURVE('',#2551,#2394,#2593,.T.);
#2595=ORIENTED_EDGE('',*,*,#2594,.T.);
#2596=EDGE_LOOP('',(#2580,#2587,#2588,#2595));
#2597=FACE_BOUND('',#2596,.T.);
#2598=ADVANCED_FACE('',(#2597),#2579,.F.);
#2599=CARTESIAN_POINT('',(-33.55,32.387345031,-2.550026102));
#2600=DIRECTION('',(0.,-1.,0.));
#2601=DIRECTION('',(1.,0.,0.));
#2602=AXIS2_PLACEMENT_3D('',#2599,#2600,#2601);
#2603=PLANE('',#2602);
#2604=CARTESIAN_POINT('',(-29.25,32.387345031,-2.250026102));
#2605=VERTEX_POINT('',#2604);
#2606=CARTESIAN_POINT('',(-32.25,32.387345031,-2.250026102));
#2607=DIRECTION('',(1.,0.,0.));
#2608=VECTOR('',#2607,3.);
#2609=LINE('',#2606,#2608);
#2610=EDGE_CURVE('',#2186,#2605,#2609,.T.);
#2611=ORIENTED_EDGE('',*,*,#2610,.T.);
#2612=CARTESIAN_POINT('',(-29.25,32.387345031,-2.));
#2613=VERTEX_POINT('',#2612);
#2614=CARTESIAN_POINT('',(-29.25,32.387345031,-2.250026102));
#2615=DIRECTION('',(0.,0.,1.));
#2616=VECTOR('',#2615,0.250026102);
#2617=LINE('',#2614,#2616);
#2618=EDGE_CURVE('',#2605,#2613,#2617,.T.);
#2619=ORIENTED_EDGE('',*,*,#2618,.T.);
#2620=CARTESIAN_POINT('',(-32.25,32.387345031,-2.));
#2621=DIRECTION('',(1.,0.,-0.));
#2622=VECTOR('',#2621,3.);
#2623=LINE('',#2620,#2622);
#2624=EDGE_CURVE('',#2029,#2613,#2623,.T.);
#2625=ORIENTED_EDGE('',*,*,#2624,.F.);
#2626=ORIENTED_EDGE('',*,*,#2198,.T.);
#2627=EDGE_LOOP('',(#2611,#2619,#2625,#2626));
#2628=FACE_BOUND('',#2627,.T.);
#2629=ADVANCED_FACE('',(#2628),#2603,.T.);
#2630=CARTESIAN_POINT('',(-33.55,31.387345031,-2.));
#2631=DIRECTION('',(-1.,-0.,0.));
#2632=DIRECTION('',(0.,-1.,0.));
#2633=AXIS2_PLACEMENT_3D('',#2630,#2631,#2632);
#2634=CYLINDRICAL_SURFACE('',#2633,1.);
#2635=CARTESIAN_POINT('',(-29.25,31.387345031,-1.));
#2636=VERTEX_POINT('',#2635);
#2637=CARTESIAN_POINT('',(-29.25,31.387345031,-2.));
#2638=DIRECTION('',(-1.,-0.,-0.));
#2639=DIRECTION('',(-0.,1.,0.));
#2640=AXIS2_PLACEMENT_3D('',#2637,#2638,#2639);
#2641=CIRCLE('',#2640,1.);
#2642=EDGE_CURVE('',#2636,#2613,#2641,.T.);
#2643=ORIENTED_EDGE('',*,*,#2642,.F.);
#2644=CARTESIAN_POINT('',(-32.25,31.387345031,-1.));
#2645=DIRECTION('',(1.,0.,0.));
#2646=VECTOR('',#2645,3.);
#2647=LINE('',#2644,#2646);
#2648=EDGE_CURVE('',#2031,#2636,#2647,.T.);
#2649=ORIENTED_EDGE('',*,*,#2648,.F.);
#2650=ORIENTED_EDGE('',*,*,#2037,.F.);
#2651=ORIENTED_EDGE('',*,*,#2624,.T.);
#2652=EDGE_LOOP('',(#2643,#2649,#2650,#2651));
#2653=FACE_BOUND('',#2652,.T.);
#2654=ADVANCED_FACE('',(#2653),#2634,.F.);
#2655=CARTESIAN_POINT('',(-33.55,27.587319631,-2.));
#2656=DIRECTION('',(1.,0.,0.));
#2657=DIRECTION('',(-0.,1.,0.));
#2658=AXIS2_PLACEMENT_3D('',#2655,#2656,#2657);
#2659=CYLINDRICAL_SURFACE('',#2658,1.);
#2660=ORIENTED_EDGE('',*,*,#1621,.F.);
#2661=CARTESIAN_POINT('',(-32.25,26.587319631,-2.));
#2662=DIRECTION('',(1.,0.,0.));
#2663=VECTOR('',#2662,3.);
#2664=LINE('',#2661,#2663);
#2665=EDGE_CURVE('',#2152,#1613,#2664,.T.);
#2666=ORIENTED_EDGE('',*,*,#2665,.F.);
#2667=ORIENTED_EDGE('',*,*,#2158,.F.);
#2668=CARTESIAN_POINT('',(-32.25,27.587319631,-1.));
#2669=DIRECTION('',(1.,0.,-0.));
#2670=VECTOR('',#2669,3.);
#2671=LINE('',#2668,#2670);
#2672=EDGE_CURVE('',#2144,#1615,#2671,.T.);
#2673=ORIENTED_EDGE('',*,*,#2672,.T.);
#2674=EDGE_LOOP('',(#2660,#2666,#2667,#2673));
#2675=FACE_BOUND('',#2674,.T.);
#2676=ADVANCED_FACE('',(#2675),#2659,.F.);
#2677=CARTESIAN_POINT('',(-33.55,26.587319631,-2.550026102));
#2678=DIRECTION('',(0.,-1.,0.));
#2679=DIRECTION('',(1.,0.,0.));
#2680=AXIS2_PLACEMENT_3D('',#2677,#2678,#2679);
#2681=PLANE('',#2680);
#2682=ORIENTED_EDGE('',*,*,#1659,.F.);
#2683=CARTESIAN_POINT('',(-32.25,26.587319631,-2.250026102));
#2684=DIRECTION('',(1.,0.,-0.));
#2685=VECTOR('',#2684,3.);
#2686=LINE('',#2683,#2685);
#2687=EDGE_CURVE('',#2161,#1647,#2686,.T.);
#2688=ORIENTED_EDGE('',*,*,#2687,.F.);
#2689=ORIENTED_EDGE('',*,*,#2166,.F.);
#2690=ORIENTED_EDGE('',*,*,#2665,.T.);
#2691=EDGE_LOOP('',(#2682,#2688,#2689,#2690));
#2692=FACE_BOUND('',#2691,.T.);
#2693=ADVANCED_FACE('',(#2692),#2681,.F.);
#2694=CARTESIAN_POINT('',(-33.55,27.587319631,-2.250026102));
#2695=DIRECTION('',(1.,0.,0.));
#2696=DIRECTION('',(-0.,1.,0.));
#2697=AXIS2_PLACEMENT_3D('',#2694,#2695,#2696);
#2698=CYLINDRICAL_SURFACE('',#2697,1.);
#2699=ORIENTED_EDGE('',*,*,#2687,.T.);
#2700=ORIENTED_EDGE('',*,*,#1653,.F.);
#2701=CARTESIAN_POINT('',(-32.25,27.587319631,-3.250026102));
#2702=DIRECTION('',(1.,0.,0.));
#2703=VECTOR('',#2702,3.);
#2704=LINE('',#2701,#2703);
#2705=EDGE_CURVE('',#2169,#1639,#2704,.T.);
#2706=ORIENTED_EDGE('',*,*,#2705,.F.);
#2707=ORIENTED_EDGE('',*,*,#2175,.F.);
#2708=EDGE_LOOP('',(#2699,#2700,#2706,#2707));
#2709=FACE_BOUND('',#2708,.T.);
#2710=ADVANCED_FACE('',(#2709),#2698,.F.);
#2711=CARTESIAN_POINT('',(-33.55,29.487345031,-3.250026102));
#2712=DIRECTION('',(0.,0.,1.));
#2713=DIRECTION('',(1.,0.,0.));
#2714=AXIS2_PLACEMENT_3D('',#2711,#2712,#2713);
#2715=PLANE('',#2714);
#2716=ORIENTED_EDGE('',*,*,#2705,.T.);
#2717=ORIENTED_EDGE('',*,*,#1644,.F.);
#2718=ORIENTED_EDGE('',*,*,#1700,.T.);
#2719=ORIENTED_EDGE('',*,*,#1300,.T.);
#2720=ORIENTED_EDGE('',*,*,#1724,.F.);
#2721=CARTESIAN_POINT('',(-29.25,31.387345031,-3.250026102));
#2722=VERTEX_POINT('',#2721);
#2723=CARTESIAN_POINT('',(-29.25,31.387345031,-3.250026102));
#2724=DIRECTION('',(-0.,1.,0.));
#2725=VECTOR('',#2724,1.8);
#2726=LINE('',#2723,#2725);
#2727=EDGE_CURVE('',#2722,#1713,#2726,.T.);
#2728=ORIENTED_EDGE('',*,*,#2727,.F.);
#2729=CARTESIAN_POINT('',(-32.25,31.387345031,-3.250026102));
#2730=DIRECTION('',(1.,0.,-0.));
#2731=VECTOR('',#2730,3.);
#2732=LINE('',#2729,#2731);
#2733=EDGE_CURVE('',#2178,#2722,#2732,.T.);
#2734=ORIENTED_EDGE('',*,*,#2733,.F.);
#2735=ORIENTED_EDGE('',*,*,#2183,.T.);
#2736=EDGE_LOOP('',(#2716,#2717,#2718,#2719,#2720,#2728,#2734,#2735));
#2737=FACE_BOUND('',#2736,.T.);
#2738=ADVANCED_FACE('',(#2737),#2715,.T.);
#2739=CARTESIAN_POINT('',(-33.55,31.387345031,-2.250026102));
#2740=DIRECTION('',(-1.,-0.,0.));
#2741=DIRECTION('',(0.,-1.,0.));
#2742=AXIS2_PLACEMENT_3D('',#2739,#2740,#2741);
#2743=CYLINDRICAL_SURFACE('',#2742,1.);
#2744=ORIENTED_EDGE('',*,*,#2610,.F.);
#2745=ORIENTED_EDGE('',*,*,#2192,.F.);
#2746=ORIENTED_EDGE('',*,*,#2733,.T.);
#2747=CARTESIAN_POINT('',(-29.25,31.387345031,-2.250026102));
#2748=DIRECTION('',(-1.,-0.,-0.));
#2749=DIRECTION('',(-0.,1.,0.));
#2750=AXIS2_PLACEMENT_3D('',#2747,#2748,#2749);
#2751=CIRCLE('',#2750,1.);
#2752=EDGE_CURVE('',#2605,#2722,#2751,.T.);
#2753=ORIENTED_EDGE('',*,*,#2752,.F.);
#2754=EDGE_LOOP('',(#2744,#2745,#2746,#2753));
#2755=FACE_BOUND('',#2754,.T.);
#2756=ADVANCED_FACE('',(#2755),#2743,.F.);
#2757=CARTESIAN_POINT('',(-0.,36.37,-3.7));
#2758=DIRECTION('',(0.,-1.,0.));
#2759=DIRECTION('',(1.,0.,0.));
#2760=AXIS2_PLACEMENT_3D('',#2757,#2758,#2759);
#2761=PLANE('',#2760);
#2762=ORIENTED_EDGE('',*,*,#1764,.F.);
#2763=ORIENTED_EDGE('',*,*,#824,.F.);
#2764=ORIENTED_EDGE('',*,*,#1283,.T.);
#2765=CARTESIAN_POINT('',(28.35,36.37,-3.85));
#2766=DIRECTION('',(-1.,-0.,0.));
#2767=VECTOR('',#2766,56.7);
#2768=LINE('',#2765,#2767);
#2769=EDGE_CURVE('',#1759,#1272,#2768,.T.);
#2770=ORIENTED_EDGE('',*,*,#2769,.F.);
#2771=EDGE_LOOP('',(#2762,#2763,#2764,#2770));
#2772=FACE_BOUND('',#2771,.T.);
#2773=ADVANCED_FACE('',(#2772),#2761,.T.);
#2774=CARTESIAN_POINT('',(-25.999992246,33.987319631,-1.65));
#2775=DIRECTION('',(0.,0.,-1.));
#2776=DIRECTION('',(-1.,0.,0.));
#2777=AXIS2_PLACEMENT_3D('',#2774,#2775,#2776);
#2778=CYLINDRICAL_SURFACE('',#2777,1.5);
#2779=CARTESIAN_POINT('',(-27.499992246,33.987319631,-3.85));
#2780=VERTEX_POINT('',#2779);
#2781=CARTESIAN_POINT('',(-27.499992246,33.987319631,-1.65));
#2782=VERTEX_POINT('',#2781);
#2783=CARTESIAN_POINT('',(-27.499992246,33.987319631,-3.85));
#2784=DIRECTION('',(-0.,-0.,1.));
#2785=VECTOR('',#2784,2.2);
#2786=LINE('',#2783,#2785);
#2787=EDGE_CURVE('',#2780,#2782,#2786,.T.);
#2788=ORIENTED_EDGE('',*,*,#2787,.T.);
#2789=CARTESIAN_POINT('',(-24.499992246,33.987319631,-1.65));
#2790=VERTEX_POINT('',#2789);
#2791=CARTESIAN_POINT('',(-25.999992246,33.987319631,-1.65));
#2792=DIRECTION('',(0.,0.,1.));
#2793=DIRECTION('',(1.,0.,-0.));
#2794=AXIS2_PLACEMENT_3D('',#2791,#2792,#2793);
#2795=CIRCLE('',#2794,1.5);
#2796=EDGE_CURVE('',#2790,#2782,#2795,.T.);
#2797=ORIENTED_EDGE('',*,*,#2796,.F.);
#2798=CARTESIAN_POINT('',(-25.999992246,33.987319631,-1.65));
#2799=DIRECTION('',(0.,0.,1.));
#2800=DIRECTION('',(1.,0.,-0.));
#2801=AXIS2_PLACEMENT_3D('',#2798,#2799,#2800);
#2802=CIRCLE('',#2801,1.5);
#2803=EDGE_CURVE('',#2782,#2790,#2802,.T.);
#2804=ORIENTED_EDGE('',*,*,#2803,.F.);
#2805=ORIENTED_EDGE('',*,*,#2787,.F.);
#2806=CARTESIAN_POINT('',(-25.999992246,33.987319631,-3.85));
#2807=DIRECTION('',(-0.,-0.,1.));
#2808=DIRECTION('',(-1.,0.,0.));
#2809=AXIS2_PLACEMENT_3D('',#2806,#2807,#2808);
#2810=CIRCLE('',#2809,1.5);
#2811=EDGE_CURVE('',#2780,#2780,#2810,.T.);
#2812=ORIENTED_EDGE('',*,*,#2811,.T.);
#2813=EDGE_LOOP('',(#2788,#2797,#2804,#2805,#2812));
#2814=FACE_BOUND('',#2813,.T.);
#2815=ADVANCED_FACE('',(#2814),#2778,.T.);
#2816=CARTESIAN_POINT('',(0.,0.,-1.65));
#2817=DIRECTION('',(0.,0.,1.));
#2818=DIRECTION('',(1.,0.,0.));
#2819=AXIS2_PLACEMENT_3D('',#2816,#2817,#2818);
#2820=PLANE('',#2819);
#2821=CARTESIAN_POINT('',(-26.999992246,33.987319631,-1.65));
#2822=VERTEX_POINT('',#2821);
#2823=CARTESIAN_POINT('',(-24.999992246,33.987319631,-1.65));
#2824=VERTEX_POINT('',#2823);
#2825=CARTESIAN_POINT('',(-25.999992246,33.987319631,-1.65));
#2826=DIRECTION('',(0.,0.,1.));
#2827=DIRECTION('',(1.,0.,-0.));
#2828=AXIS2_PLACEMENT_3D('',#2825,#2826,#2827);
#2829=CIRCLE('',#2828,1.);
#2830=EDGE_CURVE('',#2822,#2824,#2829,.T.);
#2831=ORIENTED_EDGE('',*,*,#2830,.F.);
#2832=CARTESIAN_POINT('',(-25.999992246,33.987319631,-1.65));
#2833=DIRECTION('',(0.,0.,1.));
#2834=DIRECTION('',(1.,0.,-0.));
#2835=AXIS2_PLACEMENT_3D('',#2832,#2833,#2834);
#2836=CIRCLE('',#2835,1.);
#2837=EDGE_CURVE('',#2824,#2822,#2836,.T.);
#2838=ORIENTED_EDGE('',*,*,#2837,.F.);
#2839=EDGE_LOOP('',(#2831,#2838));
#2840=FACE_BOUND('',#2839,.T.);
#2841=ORIENTED_EDGE('',*,*,#2796,.T.);
#2842=ORIENTED_EDGE('',*,*,#2803,.T.);
#2843=EDGE_LOOP('',(#2841,#2842));
#2844=FACE_BOUND('',#2843,.T.);
#2845=ADVANCED_FACE('',(#2840,#2844),#2820,.T.);
#2846=CARTESIAN_POINT('',(0.,0.,-0.85));
#2847=DIRECTION('',(0.,0.,1.));
#2848=DIRECTION('',(1.,0.,0.));
#2849=AXIS2_PLACEMENT_3D('',#2846,#2847,#2848);
#2850=PLANE('',#2849);
#2851=CARTESIAN_POINT('',(-24.999992246,33.987319631,-0.85));
#2852=VERTEX_POINT('',#2851);
#2853=CARTESIAN_POINT('',(-26.999992246,33.987319631,-0.85));
#2854=VERTEX_POINT('',#2853);
#2855=CARTESIAN_POINT('',(-25.999992246,33.987319631,-0.85));
#2856=DIRECTION('',(0.,0.,1.));
#2857=DIRECTION('',(1.,0.,-0.));
#2858=AXIS2_PLACEMENT_3D('',#2855,#2856,#2857);
#2859=CIRCLE('',#2858,1.);
#2860=EDGE_CURVE('',#2852,#2854,#2859,.T.);
#2861=ORIENTED_EDGE('',*,*,#2860,.T.);
#2862=CARTESIAN_POINT('',(-25.999992246,33.987319631,-0.85));
#2863=DIRECTION('',(0.,0.,1.));
#2864=DIRECTION('',(1.,0.,-0.));
#2865=AXIS2_PLACEMENT_3D('',#2862,#2863,#2864);
#2866=CIRCLE('',#2865,1.);
#2867=EDGE_CURVE('',#2854,#2852,#2866,.T.);
#2868=ORIENTED_EDGE('',*,*,#2867,.T.);
#2869=EDGE_LOOP('',(#2861,#2868));
#2870=FACE_BOUND('',#2869,.T.);
#2871=ADVANCED_FACE('',(#2870),#2850,.T.);
#2872=CARTESIAN_POINT('',(-25.999992246,33.987319631,-0.85));
#2873=DIRECTION('',(0.,0.,-1.));
#2874=DIRECTION('',(-1.,0.,0.));
#2875=AXIS2_PLACEMENT_3D('',#2872,#2873,#2874);
#2876=CYLINDRICAL_SURFACE('',#2875,1.);
#2877=CARTESIAN_POINT('',(-26.999992246,33.987319631,-1.65));
#2878=DIRECTION('',(-0.,-0.,1.));
#2879=VECTOR('',#2878,0.8);
#2880=LINE('',#2877,#2879);
#2881=EDGE_CURVE('',#2822,#2854,#2880,.T.);
#2882=ORIENTED_EDGE('',*,*,#2881,.T.);
#2883=ORIENTED_EDGE('',*,*,#2860,.F.);
#2884=ORIENTED_EDGE('',*,*,#2867,.F.);
#2885=ORIENTED_EDGE('',*,*,#2881,.F.);
#2886=ORIENTED_EDGE('',*,*,#2830,.T.);
#2887=ORIENTED_EDGE('',*,*,#2837,.T.);
#2888=EDGE_LOOP('',(#2882,#2883,#2884,#2885,#2886,#2887));
#2889=FACE_BOUND('',#2888,.T.);
#2890=ADVANCED_FACE('',(#2889),#2876,.T.);
#2891=CARTESIAN_POINT('',(26.000007754,33.987319631,-1.65));
#2892=DIRECTION('',(0.,0.,-1.));
#2893=DIRECTION('',(-1.,0.,0.));
#2894=AXIS2_PLACEMENT_3D('',#2891,#2892,#2893);
#2895=CYLINDRICAL_SURFACE('',#2894,1.5);
#2896=CARTESIAN_POINT('',(24.500007754,33.987319631,-3.85));
#2897=VERTEX_POINT('',#2896);
#2898=CARTESIAN_POINT('',(24.500007754,33.987319631,-1.65));
#2899=VERTEX_POINT('',#2898);
#2900=CARTESIAN_POINT('',(24.500007754,33.987319631,-3.85));
#2901=DIRECTION('',(-0.,-0.,1.));
#2902=VECTOR('',#2901,2.2);
#2903=LINE('',#2900,#2902);
#2904=EDGE_CURVE('',#2897,#2899,#2903,.T.);
#2905=ORIENTED_EDGE('',*,*,#2904,.T.);
#2906=CARTESIAN_POINT('',(27.500007754,33.987319631,-1.65));
#2907=VERTEX_POINT('',#2906);
#2908=CARTESIAN_POINT('',(26.000007754,33.987319631,-1.65));
#2909=DIRECTION('',(0.,0.,1.));
#2910=DIRECTION('',(1.,0.,-0.));
#2911=AXIS2_PLACEMENT_3D('',#2908,#2909,#2910);
#2912=CIRCLE('',#2911,1.5);
#2913=EDGE_CURVE('',#2907,#2899,#2912,.T.);
#2914=ORIENTED_EDGE('',*,*,#2913,.F.);
#2915=CARTESIAN_POINT('',(26.000007754,33.987319631,-1.65));
#2916=DIRECTION('',(0.,0.,1.));
#2917=DIRECTION('',(1.,0.,-0.));
#2918=AXIS2_PLACEMENT_3D('',#2915,#2916,#2917);
#2919=CIRCLE('',#2918,1.5);
#2920=EDGE_CURVE('',#2899,#2907,#2919,.T.);
#2921=ORIENTED_EDGE('',*,*,#2920,.F.);
#2922=ORIENTED_EDGE('',*,*,#2904,.F.);
#2923=CARTESIAN_POINT('',(26.000007754,33.987319631,-3.85));
#2924=DIRECTION('',(-0.,-0.,1.));
#2925=DIRECTION('',(-1.,0.,0.));
#2926=AXIS2_PLACEMENT_3D('',#2923,#2924,#2925);
#2927=CIRCLE('',#2926,1.5);
#2928=EDGE_CURVE('',#2897,#2897,#2927,.T.);
#2929=ORIENTED_EDGE('',*,*,#2928,.T.);
#2930=EDGE_LOOP('',(#2905,#2914,#2921,#2922,#2929));
#2931=FACE_BOUND('',#2930,.T.);
#2932=ADVANCED_FACE('',(#2931),#2895,.T.);
#2933=CARTESIAN_POINT('',(0.,0.,-1.65));
#2934=DIRECTION('',(0.,0.,1.));
#2935=DIRECTION('',(1.,0.,0.));
#2936=AXIS2_PLACEMENT_3D('',#2933,#2934,#2935);
#2937=PLANE('',#2936);
#2938=CARTESIAN_POINT('',(25.000007754,33.987319631,-1.65));
#2939=VERTEX_POINT('',#2938);
#2940=CARTESIAN_POINT('',(27.000007754,33.987319631,-1.65));
#2941=VERTEX_POINT('',#2940);
#2942=CARTESIAN_POINT('',(26.000007754,33.987319631,-1.65));
#2943=DIRECTION('',(0.,0.,1.));
#2944=DIRECTION('',(1.,0.,-0.));
#2945=AXIS2_PLACEMENT_3D('',#2942,#2943,#2944);
#2946=CIRCLE('',#2945,1.);
#2947=EDGE_CURVE('',#2939,#2941,#2946,.T.);
#2948=ORIENTED_EDGE('',*,*,#2947,.F.);
#2949=CARTESIAN_POINT('',(26.000007754,33.987319631,-1.65));
#2950=DIRECTION('',(0.,0.,1.));
#2951=DIRECTION('',(1.,0.,-0.));
#2952=AXIS2_PLACEMENT_3D('',#2949,#2950,#2951);
#2953=CIRCLE('',#2952,1.);
#2954=EDGE_CURVE('',#2941,#2939,#2953,.T.);
#2955=ORIENTED_EDGE('',*,*,#2954,.F.);
#2956=EDGE_LOOP('',(#2948,#2955));
#2957=FACE_BOUND('',#2956,.T.);
#2958=ORIENTED_EDGE('',*,*,#2913,.T.);
#2959=ORIENTED_EDGE('',*,*,#2920,.T.);
#2960=EDGE_LOOP('',(#2958,#2959));
#2961=FACE_BOUND('',#2960,.T.);
#2962=ADVANCED_FACE('',(#2957,#2961),#2937,.T.);
#2963=CARTESIAN_POINT('',(26.000007754,33.987319631,-0.85));
#2964=DIRECTION('',(0.,0.,-1.));
#2965=DIRECTION('',(-1.,0.,0.));
#2966=AXIS2_PLACEMENT_3D('',#2963,#2964,#2965);
#2967=CYLINDRICAL_SURFACE('',#2966,1.);
#2968=CARTESIAN_POINT('',(25.000007754,33.987319631,-0.85));
#2969=VERTEX_POINT('',#2968);
#2970=CARTESIAN_POINT('',(25.000007754,33.987319631,-1.65));
#2971=DIRECTION('',(-0.,-0.,1.));
#2972=VECTOR('',#2971,0.8);
#2973=LINE('',#2970,#2972);
#2974=EDGE_CURVE('',#2939,#2969,#2973,.T.);
#2975=ORIENTED_EDGE('',*,*,#2974,.T.);
#2976=CARTESIAN_POINT('',(27.000007754,33.987319631,-0.85));
#2977=VERTEX_POINT('',#2976);
#2978=CARTESIAN_POINT('',(26.000007754,33.987319631,-0.85));
#2979=DIRECTION('',(0.,0.,1.));
#2980=DIRECTION('',(1.,0.,-0.));
#2981=AXIS2_PLACEMENT_3D('',#2978,#2979,#2980);
#2982=CIRCLE('',#2981,1.);
#2983=EDGE_CURVE('',#2977,#2969,#2982,.T.);
#2984=ORIENTED_EDGE('',*,*,#2983,.F.);
#2985=CARTESIAN_POINT('',(26.000007754,33.987319631,-0.85));
#2986=DIRECTION('',(0.,0.,1.));
#2987=DIRECTION('',(1.,0.,-0.));
#2988=AXIS2_PLACEMENT_3D('',#2985,#2986,#2987);
#2989=CIRCLE('',#2988,1.);
#2990=EDGE_CURVE('',#2969,#2977,#2989,.T.);
#2991=ORIENTED_EDGE('',*,*,#2990,.F.);
#2992=ORIENTED_EDGE('',*,*,#2974,.F.);
#2993=ORIENTED_EDGE('',*,*,#2947,.T.);
#2994=ORIENTED_EDGE('',*,*,#2954,.T.);
#2995=EDGE_LOOP('',(#2975,#2984,#2991,#2992,#2993,#2994));
#2996=FACE_BOUND('',#2995,.T.);
#2997=ADVANCED_FACE('',(#2996),#2967,.T.);
#2998=CARTESIAN_POINT('',(0.,0.,-0.85));
#2999=DIRECTION('',(0.,0.,1.));
#3000=DIRECTION('',(1.,0.,0.));
#3001=AXIS2_PLACEMENT_3D('',#2998,#2999,#3000);
#3002=PLANE('',#3001);
#3003=ORIENTED_EDGE('',*,*,#2983,.T.);
#3004=ORIENTED_EDGE('',*,*,#2990,.T.);
#3005=EDGE_LOOP('',(#3003,#3004));
#3006=FACE_BOUND('',#3005,.T.);
#3007=ADVANCED_FACE('',(#3006),#3002,.T.);
#3008=CARTESIAN_POINT('',(-25.999992246,1.987319631,-1.65));
#3009=DIRECTION('',(0.,0.,-1.));
#3010=DIRECTION('',(-1.,0.,0.));
#3011=AXIS2_PLACEMENT_3D('',#3008,#3009,#3010);
#3012=CYLINDRICAL_SURFACE('',#3011,1.5);
#3013=CARTESIAN_POINT('',(-27.499992246,1.987319631,-3.85));
#3014=VERTEX_POINT('',#3013);
#3015=CARTESIAN_POINT('',(-27.499992246,1.987319631,-1.65));
#3016=VERTEX_POINT('',#3015);
#3017=CARTESIAN_POINT('',(-27.499992246,1.987319631,-3.85));
#3018=DIRECTION('',(-0.,-0.,1.));
#3019=VECTOR('',#3018,2.2);
#3020=LINE('',#3017,#3019);
#3021=EDGE_CURVE('',#3014,#3016,#3020,.T.);
#3022=ORIENTED_EDGE('',*,*,#3021,.T.);
#3023=CARTESIAN_POINT('',(-24.499992246,1.987319631,-1.65));
#3024=VERTEX_POINT('',#3023);
#3025=CARTESIAN_POINT('',(-25.999992246,1.987319631,-1.65));
#3026=DIRECTION('',(0.,0.,1.));
#3027=DIRECTION('',(1.,0.,-0.));
#3028=AXIS2_PLACEMENT_3D('',#3025,#3026,#3027);
#3029=CIRCLE('',#3028,1.5);
#3030=EDGE_CURVE('',#3024,#3016,#3029,.T.);
#3031=ORIENTED_EDGE('',*,*,#3030,.F.);
#3032=CARTESIAN_POINT('',(-25.999992246,1.987319631,-1.65));
#3033=DIRECTION('',(0.,0.,1.));
#3034=DIRECTION('',(1.,0.,-0.));
#3035=AXIS2_PLACEMENT_3D('',#3032,#3033,#3034);
#3036=CIRCLE('',#3035,1.5);
#3037=EDGE_CURVE('',#3016,#3024,#3036,.T.);
#3038=ORIENTED_EDGE('',*,*,#3037,.F.);
#3039=ORIENTED_EDGE('',*,*,#3021,.F.);
#3040=CARTESIAN_POINT('',(-25.999992246,1.987319631,-3.85));
#3041=DIRECTION('',(-0.,-0.,1.));
#3042=DIRECTION('',(-1.,0.,0.));
#3043=AXIS2_PLACEMENT_3D('',#3040,#3041,#3042);
#3044=CIRCLE('',#3043,1.5);
#3045=EDGE_CURVE('',#3014,#3014,#3044,.T.);
#3046=ORIENTED_EDGE('',*,*,#3045,.T.);
#3047=EDGE_LOOP('',(#3022,#3031,#3038,#3039,#3046));
#3048=FACE_BOUND('',#3047,.T.);
#3049=ADVANCED_FACE('',(#3048),#3012,.T.);
#3050=CARTESIAN_POINT('',(0.,0.,-1.65));
#3051=DIRECTION('',(0.,0.,1.));
#3052=DIRECTION('',(1.,0.,0.));
#3053=AXIS2_PLACEMENT_3D('',#3050,#3051,#3052);
#3054=PLANE('',#3053);
#3055=CARTESIAN_POINT('',(-26.999992246,1.987319631,-1.65));
#3056=VERTEX_POINT('',#3055);
#3057=CARTESIAN_POINT('',(-24.999992246,1.987319631,-1.65));
#3058=VERTEX_POINT('',#3057);
#3059=CARTESIAN_POINT('',(-25.999992246,1.987319631,-1.65));
#3060=DIRECTION('',(0.,0.,1.));
#3061=DIRECTION('',(1.,0.,-0.));
#3062=AXIS2_PLACEMENT_3D('',#3059,#3060,#3061);
#3063=CIRCLE('',#3062,1.);
#3064=EDGE_CURVE('',#3056,#3058,#3063,.T.);
#3065=ORIENTED_EDGE('',*,*,#3064,.F.);
#3066=CARTESIAN_POINT('',(-25.999992246,1.987319631,-1.65));
#3067=DIRECTION('',(0.,0.,1.));
#3068=DIRECTION('',(1.,0.,-0.));
#3069=AXIS2_PLACEMENT_3D('',#3066,#3067,#3068);
#3070=CIRCLE('',#3069,1.);
#3071=EDGE_CURVE('',#3058,#3056,#3070,.T.);
#3072=ORIENTED_EDGE('',*,*,#3071,.F.);
#3073=EDGE_LOOP('',(#3065,#3072));
#3074=FACE_BOUND('',#3073,.T.);
#3075=ORIENTED_EDGE('',*,*,#3030,.T.);
#3076=ORIENTED_EDGE('',*,*,#3037,.T.);
#3077=EDGE_LOOP('',(#3075,#3076));
#3078=FACE_BOUND('',#3077,.T.);
#3079=ADVANCED_FACE('',(#3074,#3078),#3054,.T.);
#3080=CARTESIAN_POINT('',(0.,0.,-0.85));
#3081=DIRECTION('',(0.,0.,1.));
#3082=DIRECTION('',(1.,0.,0.));
#3083=AXIS2_PLACEMENT_3D('',#3080,#3081,#3082);
#3084=PLANE('',#3083);
#3085=CARTESIAN_POINT('',(-24.999992246,1.987319631,-0.85));
#3086=VERTEX_POINT('',#3085);
#3087=CARTESIAN_POINT('',(-26.999992246,1.987319631,-0.85));
#3088=VERTEX_POINT('',#3087);
#3089=CARTESIAN_POINT('',(-25.999992246,1.987319631,-0.85));
#3090=DIRECTION('',(0.,0.,1.));
#3091=DIRECTION('',(1.,0.,-0.));
#3092=AXIS2_PLACEMENT_3D('',#3089,#3090,#3091);
#3093=CIRCLE('',#3092,1.);
#3094=EDGE_CURVE('',#3086,#3088,#3093,.T.);
#3095=ORIENTED_EDGE('',*,*,#3094,.T.);
#3096=CARTESIAN_POINT('',(-25.999992246,1.987319631,-0.85));
#3097=DIRECTION('',(0.,0.,1.));
#3098=DIRECTION('',(1.,0.,-0.));
#3099=AXIS2_PLACEMENT_3D('',#3096,#3097,#3098);
#3100=CIRCLE('',#3099,1.);
#3101=EDGE_CURVE('',#3088,#3086,#3100,.T.);
#3102=ORIENTED_EDGE('',*,*,#3101,.T.);
#3103=EDGE_LOOP('',(#3095,#3102));
#3104=FACE_BOUND('',#3103,.T.);
#3105=ADVANCED_FACE('',(#3104),#3084,.T.);
#3106=CARTESIAN_POINT('',(-25.999992246,1.987319631,-0.85));
#3107=DIRECTION('',(0.,0.,-1.));
#3108=DIRECTION('',(-1.,0.,0.));
#3109=AXIS2_PLACEMENT_3D('',#3106,#3107,#3108);
#3110=CYLINDRICAL_SURFACE('',#3109,1.);
#3111=CARTESIAN_POINT('',(-26.999992246,1.987319631,-1.65));
#3112=DIRECTION('',(-0.,-0.,1.));
#3113=VECTOR('',#3112,0.8);
#3114=LINE('',#3111,#3113);
#3115=EDGE_CURVE('',#3056,#3088,#3114,.T.);
#3116=ORIENTED_EDGE('',*,*,#3115,.T.);
#3117=ORIENTED_EDGE('',*,*,#3094,.F.);
#3118=ORIENTED_EDGE('',*,*,#3101,.F.);
#3119=ORIENTED_EDGE('',*,*,#3115,.F.);
#3120=ORIENTED_EDGE('',*,*,#3064,.T.);
#3121=ORIENTED_EDGE('',*,*,#3071,.T.);
#3122=EDGE_LOOP('',(#3116,#3117,#3118,#3119,#3120,#3121));
#3123=FACE_BOUND('',#3122,.T.);
#3124=ADVANCED_FACE('',(#3123),#3110,.T.);
#3125=CARTESIAN_POINT('',(26.000007754,1.987319631,-1.65));
#3126=DIRECTION('',(0.,0.,-1.));
#3127=DIRECTION('',(-1.,0.,0.));
#3128=AXIS2_PLACEMENT_3D('',#3125,#3126,#3127);
#3129=CYLINDRICAL_SURFACE('',#3128,1.5);
#3130=CARTESIAN_POINT('',(24.500007754,1.987319631,-3.85));
#3131=VERTEX_POINT('',#3130);
#3132=CARTESIAN_POINT('',(24.500007754,1.987319631,-1.65));
#3133=VERTEX_POINT('',#3132);
#3134=CARTESIAN_POINT('',(24.500007754,1.987319631,-3.85));
#3135=DIRECTION('',(-0.,-0.,1.));
#3136=VECTOR('',#3135,2.2);
#3137=LINE('',#3134,#3136);
#3138=EDGE_CURVE('',#3131,#3133,#3137,.T.);
#3139=ORIENTED_EDGE('',*,*,#3138,.T.);
#3140=CARTESIAN_POINT('',(27.500007754,1.987319631,-1.65));
#3141=VERTEX_POINT('',#3140);
#3142=CARTESIAN_POINT('',(26.000007754,1.987319631,-1.65));
#3143=DIRECTION('',(0.,0.,1.));
#3144=DIRECTION('',(1.,0.,-0.));
#3145=AXIS2_PLACEMENT_3D('',#3142,#3143,#3144);
#3146=CIRCLE('',#3145,1.5);
#3147=EDGE_CURVE('',#3141,#3133,#3146,.T.);
#3148=ORIENTED_EDGE('',*,*,#3147,.F.);
#3149=CARTESIAN_POINT('',(26.000007754,1.987319631,-1.65));
#3150=DIRECTION('',(0.,0.,1.));
#3151=DIRECTION('',(1.,0.,-0.));
#3152=AXIS2_PLACEMENT_3D('',#3149,#3150,#3151);
#3153=CIRCLE('',#3152,1.5);
#3154=EDGE_CURVE('',#3133,#3141,#3153,.T.);
#3155=ORIENTED_EDGE('',*,*,#3154,.F.);
#3156=ORIENTED_EDGE('',*,*,#3138,.F.);
#3157=CARTESIAN_POINT('',(26.000007754,1.987319631,-3.85));
#3158=DIRECTION('',(-0.,-0.,1.));
#3159=DIRECTION('',(-1.,0.,0.));
#3160=AXIS2_PLACEMENT_3D('',#3157,#3158,#3159);
#3161=CIRCLE('',#3160,1.5);
#3162=EDGE_CURVE('',#3131,#3131,#3161,.T.);
#3163=ORIENTED_EDGE('',*,*,#3162,.T.);
#3164=EDGE_LOOP('',(#3139,#3148,#3155,#3156,#3163));
#3165=FACE_BOUND('',#3164,.T.);
#3166=ADVANCED_FACE('',(#3165),#3129,.T.);
#3167=CARTESIAN_POINT('',(0.,0.,-1.65));
#3168=DIRECTION('',(0.,0.,1.));
#3169=DIRECTION('',(1.,0.,0.));
#3170=AXIS2_PLACEMENT_3D('',#3167,#3168,#3169);
#3171=PLANE('',#3170);
#3172=CARTESIAN_POINT('',(25.000007754,1.987319631,-1.65));
#3173=VERTEX_POINT('',#3172);
#3174=CARTESIAN_POINT('',(27.000007754,1.987319631,-1.65));
#3175=VERTEX_POINT('',#3174);
#3176=CARTESIAN_POINT('',(26.000007754,1.987319631,-1.65));
#3177=DIRECTION('',(0.,0.,1.));
#3178=DIRECTION('',(1.,0.,-0.));
#3179=AXIS2_PLACEMENT_3D('',#3176,#3177,#3178);
#3180=CIRCLE('',#3179,1.);
#3181=EDGE_CURVE('',#3173,#3175,#3180,.T.);
#3182=ORIENTED_EDGE('',*,*,#3181,.F.);
#3183=CARTESIAN_POINT('',(26.000007754,1.987319631,-1.65));
#3184=DIRECTION('',(0.,0.,1.));
#3185=DIRECTION('',(1.,0.,-0.));
#3186=AXIS2_PLACEMENT_3D('',#3183,#3184,#3185);
#3187=CIRCLE('',#3186,1.);
#3188=EDGE_CURVE('',#3175,#3173,#3187,.T.);
#3189=ORIENTED_EDGE('',*,*,#3188,.F.);
#3190=EDGE_LOOP('',(#3182,#3189));
#3191=FACE_BOUND('',#3190,.T.);
#3192=ORIENTED_EDGE('',*,*,#3147,.T.);
#3193=ORIENTED_EDGE('',*,*,#3154,.T.);
#3194=EDGE_LOOP('',(#3192,#3193));
#3195=FACE_BOUND('',#3194,.T.);
#3196=ADVANCED_FACE('',(#3191,#3195),#3171,.T.);
#3197=CARTESIAN_POINT('',(0.,0.,-0.85));
#3198=DIRECTION('',(0.,0.,1.));
#3199=DIRECTION('',(1.,0.,0.));
#3200=AXIS2_PLACEMENT_3D('',#3197,#3198,#3199);
#3201=PLANE('',#3200);
#3202=CARTESIAN_POINT('',(27.000007754,1.987319631,-0.85));
#3203=VERTEX_POINT('',#3202);
#3204=CARTESIAN_POINT('',(25.000007754,1.987319631,-0.85));
#3205=VERTEX_POINT('',#3204);
#3206=CARTESIAN_POINT('',(26.000007754,1.987319631,-0.85));
#3207=DIRECTION('',(0.,0.,1.));
#3208=DIRECTION('',(1.,0.,-0.));
#3209=AXIS2_PLACEMENT_3D('',#3206,#3207,#3208);
#3210=CIRCLE('',#3209,1.);
#3211=EDGE_CURVE('',#3203,#3205,#3210,.T.);
#3212=ORIENTED_EDGE('',*,*,#3211,.T.);
#3213=CARTESIAN_POINT('',(26.000007754,1.987319631,-0.85));
#3214=DIRECTION('',(0.,0.,1.));
#3215=DIRECTION('',(1.,0.,-0.));
#3216=AXIS2_PLACEMENT_3D('',#3213,#3214,#3215);
#3217=CIRCLE('',#3216,1.);
#3218=EDGE_CURVE('',#3205,#3203,#3217,.T.);
#3219=ORIENTED_EDGE('',*,*,#3218,.T.);
#3220=EDGE_LOOP('',(#3212,#3219));
#3221=FACE_BOUND('',#3220,.T.);
#3222=ADVANCED_FACE('',(#3221),#3201,.T.);
#3223=CARTESIAN_POINT('',(26.000007754,1.987319631,-0.85));
#3224=DIRECTION('',(0.,0.,-1.));
#3225=DIRECTION('',(-1.,0.,0.));
#3226=AXIS2_PLACEMENT_3D('',#3223,#3224,#3225);
#3227=CYLINDRICAL_SURFACE('',#3226,1.);
#3228=CARTESIAN_POINT('',(25.000007754,1.987319631,-1.65));
#3229=DIRECTION('',(-0.,-0.,1.));
#3230=VECTOR('',#3229,0.8);
#3231=LINE('',#3228,#3230);
#3232=EDGE_CURVE('',#3173,#3205,#3231,.T.);
#3233=ORIENTED_EDGE('',*,*,#3232,.T.);
#3234=ORIENTED_EDGE('',*,*,#3211,.F.);
#3235=ORIENTED_EDGE('',*,*,#3218,.F.);
#3236=ORIENTED_EDGE('',*,*,#3232,.F.);
#3237=ORIENTED_EDGE('',*,*,#3181,.T.);
#3238=ORIENTED_EDGE('',*,*,#3188,.T.);
#3239=EDGE_LOOP('',(#3233,#3234,#3235,#3236,#3237,#3238));
#3240=FACE_BOUND('',#3239,.T.);
#3241=ADVANCED_FACE('',(#3240),#3227,.T.);
#3242=CARTESIAN_POINT('',(-24.790642554,5.380969618,-4.1));
#3243=DIRECTION('',(0.001784031,-0.999998409,0.));
#3244=DIRECTION('',(0.999998409,0.001784031,0.));
#3245=AXIS2_PLACEMENT_3D('',#3242,#3243,#3244);
#3246=PLANE('',#3245);
#3247=CARTESIAN_POINT('',(-21.231285108,5.387319631,-3.85));
#3248=VERTEX_POINT('',#3247);
#3249=CARTESIAN_POINT('',(-28.35,5.374619606,-3.85));
#3250=DIRECTION('',(0.999998409,0.001784031,0.));
#3251=VECTOR('',#3250,7.11872622);
#3252=LINE('',#3249,#3251);
#3253=EDGE_CURVE('',#1240,#3248,#3252,.T.);
#3254=ORIENTED_EDGE('',*,*,#3253,.T.);
#3255=CARTESIAN_POINT('',(-21.231285108,5.387319631,-4.05));
#3256=VERTEX_POINT('',#3255);
#3257=CARTESIAN_POINT('',(-21.231285108,5.387319631,-4.05));
#3258=DIRECTION('',(0.,0.,1.));
#3259=VECTOR('',#3258,0.2);
#3260=LINE('',#3257,#3259);
#3261=EDGE_CURVE('',#3256,#3248,#3260,.T.);
#3262=ORIENTED_EDGE('',*,*,#3261,.F.);
#3263=CARTESIAN_POINT('',(-28.35,5.374619606,-4.05));
#3264=DIRECTION('',(0.999998409,0.001784031,0.));
#3265=VECTOR('',#3264,7.11872622);
#3266=LINE('',#3263,#3265);
#3267=EDGE_CURVE('',#1248,#3256,#3266,.T.);
#3268=ORIENTED_EDGE('',*,*,#3267,.F.);
#3269=ORIENTED_EDGE('',*,*,#1253,.T.);
#3270=EDGE_LOOP('',(#3254,#3262,#3268,#3269));
#3271=FACE_BOUND('',#3270,.T.);
#3272=ADVANCED_FACE('',(#3271),#3246,.F.);
#3273=CARTESIAN_POINT('',(-21.231285108,9.987319631,-4.1));
#3274=DIRECTION('',(1.,0.,0.));
#3275=DIRECTION('',(0.,0.,-1.));
#3276=AXIS2_PLACEMENT_3D('',#3273,#3274,#3275);
#3277=PLANE('',#3276);
#3278=CARTESIAN_POINT('',(-21.231285108,14.587319631,-3.85));
#3279=VERTEX_POINT('',#3278);
#3280=CARTESIAN_POINT('',(-21.231285108,5.387319631,-3.85));
#3281=DIRECTION('',(0.,1.,0.));
#3282=VECTOR('',#3281,9.2);
#3283=LINE('',#3280,#3282);
#3284=EDGE_CURVE('',#3248,#3279,#3283,.T.);
#3285=ORIENTED_EDGE('',*,*,#3284,.T.);
#3286=CARTESIAN_POINT('',(-21.231285108,14.587319631,-4.05));
#3287=VERTEX_POINT('',#3286);
#3288=CARTESIAN_POINT('',(-21.231285108,14.587319631,-4.05));
#3289=DIRECTION('',(0.,0.,1.));
#3290=VECTOR('',#3289,0.2);
#3291=LINE('',#3288,#3290);
#3292=EDGE_CURVE('',#3287,#3279,#3291,.T.);
#3293=ORIENTED_EDGE('',*,*,#3292,.F.);
#3294=CARTESIAN_POINT('',(-21.231285108,5.387319631,-4.05));
#3295=DIRECTION('',(0.,1.,0.));
#3296=VECTOR('',#3295,9.2);
#3297=LINE('',#3294,#3296);
#3298=EDGE_CURVE('',#3256,#3287,#3297,.T.);
#3299=ORIENTED_EDGE('',*,*,#3298,.F.);
#3300=ORIENTED_EDGE('',*,*,#3261,.T.);
#3301=EDGE_LOOP('',(#3285,#3293,#3299,#3300));
#3302=FACE_BOUND('',#3301,.T.);
#3303=ADVANCED_FACE('',(#3302),#3277,.F.);
#3304=CARTESIAN_POINT('',(-24.790642554,14.593669644,-4.1));
#3305=DIRECTION('',(0.001784031,0.999998409,0.));
#3306=DIRECTION('',(-0.999998409,0.001784031,0.));
#3307=AXIS2_PLACEMENT_3D('',#3304,#3305,#3306);
#3308=PLANE('',#3307);
#3309=CARTESIAN_POINT('',(-21.231285108,14.587319631,-3.85));
#3310=DIRECTION('',(-0.999998409,0.001784031,0.));
#3311=VECTOR('',#3310,7.11872622);
#3312=LINE('',#3309,#3311);
#3313=EDGE_CURVE('',#3279,#1264,#3312,.T.);
#3314=ORIENTED_EDGE('',*,*,#3313,.T.);
#3315=ORIENTED_EDGE('',*,*,#1269,.F.);
#3316=CARTESIAN_POINT('',(-21.231285108,14.587319631,-4.05));
#3317=DIRECTION('',(-0.999998409,0.001784031,0.));
#3318=VECTOR('',#3317,7.11872622);
#3319=LINE('',#3316,#3318);
#3320=EDGE_CURVE('',#3287,#1256,#3319,.T.);
#3321=ORIENTED_EDGE('',*,*,#3320,.F.);
#3322=ORIENTED_EDGE('',*,*,#3292,.T.);
#3323=EDGE_LOOP('',(#3314,#3315,#3321,#3322));
#3324=FACE_BOUND('',#3323,.T.);
#3325=ADVANCED_FACE('',(#3324),#3308,.F.);
#3326=CARTESIAN_POINT('',(0.,0.,-4.05));
#3327=DIRECTION('',(0.,0.,1.));
#3328=DIRECTION('',(1.,0.,0.));
#3329=AXIS2_PLACEMENT_3D('',#3326,#3327,#3328);
#3330=PLANE('',#3329);
#3331=ORIENTED_EDGE('',*,*,#3267,.T.);
#3332=ORIENTED_EDGE('',*,*,#3298,.T.);
#3333=ORIENTED_EDGE('',*,*,#3320,.T.);
#3334=ORIENTED_EDGE('',*,*,#1261,.T.);
#3335=EDGE_LOOP('',(#3331,#3332,#3333,#3334));
#3336=FACE_BOUND('',#3335,.T.);
#3337=ADVANCED_FACE('',(#3336),#3330,.T.);
#3338=CARTESIAN_POINT('',(-33.35,14.457319631,-2.430023881));
#3339=DIRECTION('',(0.,-1.,0.));
#3340=DIRECTION('',(1.,0.,0.));
#3341=AXIS2_PLACEMENT_3D('',#3338,#3339,#3340);
#3342=PLANE('',#3341);
#3343=ORIENTED_EDGE('',*,*,#2117,.T.);
#3344=CARTESIAN_POINT('',(-32.25,14.457319631,-2.760023881));
#3345=DIRECTION('',(1.,0.,0.));
#3346=VECTOR('',#3345,3.9);
#3347=LINE('',#3344,#3346);
#3348=EDGE_CURVE('',#2103,#1158,#3347,.T.);
#3349=ORIENTED_EDGE('',*,*,#3348,.T.);
#3350=ORIENTED_EDGE('',*,*,#1163,.F.);
#3351=CARTESIAN_POINT('',(-32.25,14.457319631,-2.100023881));
#3352=DIRECTION('',(1.,0.,0.));
#3353=VECTOR('',#3352,3.9);
#3354=LINE('',#3351,#3353);
#3355=EDGE_CURVE('',#2112,#1149,#3354,.T.);
#3356=ORIENTED_EDGE('',*,*,#3355,.F.);
#3357=EDGE_LOOP('',(#3343,#3349,#3350,#3356));
#3358=FACE_BOUND('',#3357,.T.);
#3359=ADVANCED_FACE('',(#3358),#3342,.T.);
#3360=CARTESIAN_POINT('',(-33.35,13.207319631,-2.100023881));
#3361=DIRECTION('',(1.,0.,0.));
#3362=DIRECTION('',(-0.,1.,0.));
#3363=AXIS2_PLACEMENT_3D('',#3360,#3361,#3362);
#3364=CYLINDRICAL_SURFACE('',#3363,1.25);
#3365=ORIENTED_EDGE('',*,*,#3355,.T.);
#3366=ORIENTED_EDGE('',*,*,#1155,.T.);
#3367=CARTESIAN_POINT('',(-29.25,13.207319631,-0.850023881));
#3368=DIRECTION('',(1.,0.,0.));
#3369=VECTOR('',#3368,0.9);
#3370=LINE('',#3367,#3369);
#3371=EDGE_CURVE('',#1349,#1141,#3370,.T.);
#3372=ORIENTED_EDGE('',*,*,#3371,.F.);
#3373=ORIENTED_EDGE('',*,*,#2017,.F.);
#3374=ORIENTED_EDGE('',*,*,#2124,.F.);
#3375=EDGE_LOOP('',(#3365,#3366,#3372,#3373,#3374));
#3376=FACE_BOUND('',#3375,.T.);
#3377=ADVANCED_FACE('',(#3376),#3364,.F.);
#3378=CARTESIAN_POINT('',(-33.35,6.767319631,-2.100023881));
#3379=DIRECTION('',(1.,0.,0.));
#3380=DIRECTION('',(-0.,1.,0.));
#3381=AXIS2_PLACEMENT_3D('',#3378,#3379,#3380);
#3382=CYLINDRICAL_SURFACE('',#3381,1.25);
#3383=ORIENTED_EDGE('',*,*,#257,.T.);
#3384=CARTESIAN_POINT('',(-29.25,6.767319631,-0.850023881));
#3385=DIRECTION('',(1.,0.,0.));
#3386=VECTOR('',#3385,0.9);
#3387=LINE('',#3384,#3386);
#3388=EDGE_CURVE('',#244,#1200,#3387,.T.);
#3389=ORIENTED_EDGE('',*,*,#3388,.T.);
#3390=ORIENTED_EDGE('',*,*,#1206,.T.);
#3391=CARTESIAN_POINT('',(-32.25,5.517319631,-2.100023881));
#3392=DIRECTION('',(1.,0.,0.));
#3393=VECTOR('',#3392,3.9);
#3394=LINE('',#3391,#3393);
#3395=EDGE_CURVE('',#2051,#1192,#3394,.T.);
#3396=ORIENTED_EDGE('',*,*,#3395,.F.);
#3397=ORIENTED_EDGE('',*,*,#2057,.F.);
#3398=EDGE_LOOP('',(#3383,#3389,#3390,#3396,#3397));
#3399=FACE_BOUND('',#3398,.T.);
#3400=ADVANCED_FACE('',(#3399),#3382,.F.);
#3401=CARTESIAN_POINT('',(-33.35,5.517319631,-2.430023881));
#3402=DIRECTION('',(-0.,1.,0.));
#3403=DIRECTION('',(-1.,-0.,0.));
#3404=AXIS2_PLACEMENT_3D('',#3401,#3402,#3403);
#3405=PLANE('',#3404);
#3406=ORIENTED_EDGE('',*,*,#2065,.T.);
#3407=ORIENTED_EDGE('',*,*,#3395,.T.);
#3408=ORIENTED_EDGE('',*,*,#1197,.F.);
#3409=CARTESIAN_POINT('',(-32.25,5.517319631,-2.760023881));
#3410=DIRECTION('',(1.,0.,0.));
#3411=VECTOR('',#3410,3.9);
#3412=LINE('',#3409,#3411);
#3413=EDGE_CURVE('',#2060,#1183,#3412,.T.);
#3414=ORIENTED_EDGE('',*,*,#3413,.F.);
#3415=EDGE_LOOP('',(#3406,#3407,#3408,#3414));
#3416=FACE_BOUND('',#3415,.T.);
#3417=ADVANCED_FACE('',(#3416),#3405,.T.);
#3418=CARTESIAN_POINT('',(-33.35,6.767319631,-2.760023881));
#3419=DIRECTION('',(1.,0.,0.));
#3420=DIRECTION('',(-0.,1.,0.));
#3421=AXIS2_PLACEMENT_3D('',#3418,#3419,#3420);
#3422=CYLINDRICAL_SURFACE('',#3421,1.25);
#3423=ORIENTED_EDGE('',*,*,#1189,.T.);
#3424=CARTESIAN_POINT('',(-32.25,6.767319631,-4.010023881));
#3425=DIRECTION('',(1.,0.,0.));
#3426=VECTOR('',#3425,3.9);
#3427=LINE('',#3424,#3426);
#3428=EDGE_CURVE('',#2077,#1175,#3427,.T.);
#3429=ORIENTED_EDGE('',*,*,#3428,.F.);
#3430=ORIENTED_EDGE('',*,*,#2083,.T.);
#3431=ORIENTED_EDGE('',*,*,#2074,.F.);
#3432=ORIENTED_EDGE('',*,*,#3413,.T.);
#3433=EDGE_LOOP('',(#3423,#3429,#3430,#3431,#3432));
#3434=FACE_BOUND('',#3433,.T.);
#3435=ADVANCED_FACE('',(#3434),#3422,.F.);
#3436=CARTESIAN_POINT('',(-33.35,9.987319631,-4.010023881));
#3437=DIRECTION('',(0.,0.,-1.));
#3438=DIRECTION('',(-1.,0.,0.));
#3439=AXIS2_PLACEMENT_3D('',#3436,#3437,#3438);
#3440=PLANE('',#3439);
#3441=CARTESIAN_POINT('',(-32.25,13.207319631,-4.010023881));
#3442=DIRECTION('',(1.,0.,0.));
#3443=VECTOR('',#3442,3.9);
#3444=LINE('',#3441,#3443);
#3445=EDGE_CURVE('',#2086,#1166,#3444,.T.);
#3446=ORIENTED_EDGE('',*,*,#3445,.F.);
#3447=ORIENTED_EDGE('',*,*,#2091,.T.);
#3448=ORIENTED_EDGE('',*,*,#3428,.T.);
#3449=ORIENTED_EDGE('',*,*,#1180,.T.);
#3450=EDGE_LOOP('',(#3446,#3447,#3448,#3449));
#3451=FACE_BOUND('',#3450,.T.);
#3452=ADVANCED_FACE('',(#3451),#3440,.F.);
#3453=CARTESIAN_POINT('',(-33.35,13.207319631,-2.760023881));
#3454=DIRECTION('',(1.,0.,0.));
#3455=DIRECTION('',(-0.,1.,0.));
#3456=AXIS2_PLACEMENT_3D('',#3453,#3454,#3455);
#3457=CYLINDRICAL_SURFACE('',#3456,1.25);
#3458=ORIENTED_EDGE('',*,*,#3348,.F.);
#3459=ORIENTED_EDGE('',*,*,#2109,.F.);
#3460=ORIENTED_EDGE('',*,*,#2100,.T.);
#3461=ORIENTED_EDGE('',*,*,#3445,.T.);
#3462=ORIENTED_EDGE('',*,*,#1172,.T.);
#3463=EDGE_LOOP('',(#3458,#3459,#3460,#3461,#3462));
#3464=FACE_BOUND('',#3463,.T.);
#3465=ADVANCED_FACE('',(#3464),#3457,.F.);
#3466=CARTESIAN_POINT('',(23.499988044,15.677342662,-4.2));
#3467=DIRECTION('',(-0.999999993,0.000119506,0.));
#3468=DIRECTION('',(-0.000119506,-0.999999993,0.));
#3469=AXIS2_PLACEMENT_3D('',#3466,#3467,#3468);
#3470=PLANE('',#3469);
#3471=CARTESIAN_POINT('',(23.5,15.777384486,-3.85));
#3472=VERTEX_POINT('',#3471);
#3473=CARTESIAN_POINT('',(23.499892446,14.8774,-3.85));
#3474=VERTEX_POINT('',#3473);
#3475=CARTESIAN_POINT('',(23.5,15.777384486,-3.85));
#3476=DIRECTION('',(-0.000119506,-0.999999993,0.));
#3477=VECTOR('',#3476,0.899984492);
#3478=LINE('',#3475,#3477);
#3479=EDGE_CURVE('',#3472,#3474,#3478,.T.);
#3480=ORIENTED_EDGE('',*,*,#3479,.F.);
#3481=CARTESIAN_POINT('',(23.5,15.777384486,-4.05));
#3482=VERTEX_POINT('',#3481);
#3483=CARTESIAN_POINT('',(23.5,15.777384486,-4.05));
#3484=DIRECTION('',(0.,0.,1.));
#3485=VECTOR('',#3484,0.2);
#3486=LINE('',#3483,#3485);
#3487=EDGE_CURVE('',#3482,#3472,#3486,.T.);
#3488=ORIENTED_EDGE('',*,*,#3487,.F.);
#3489=CARTESIAN_POINT('',(23.499892446,14.8774,-4.05));
#3490=VERTEX_POINT('',#3489);
#3491=CARTESIAN_POINT('',(23.5,15.777384486,-4.05));
#3492=DIRECTION('',(-0.000119506,-0.999999993,0.));
#3493=VECTOR('',#3492,0.899984492);
#3494=LINE('',#3491,#3493);
#3495=EDGE_CURVE('',#3482,#3490,#3494,.T.);
#3496=ORIENTED_EDGE('',*,*,#3495,.T.);
#3497=CARTESIAN_POINT('',(23.499892446,14.8774,-4.05));
#3498=DIRECTION('',(0.,0.,1.));
#3499=VECTOR('',#3498,0.2);
#3500=LINE('',#3497,#3499);
#3501=EDGE_CURVE('',#3490,#3474,#3500,.T.);
#3502=ORIENTED_EDGE('',*,*,#3501,.T.);
#3503=EDGE_LOOP('',(#3480,#3488,#3496,#3502));
#3504=FACE_BOUND('',#3503,.T.);
#3505=ADVANCED_FACE('',(#3504),#3470,.T.);
#3506=CARTESIAN_POINT('',(23.5,22.352426311,-4.2));
#3507=DIRECTION('',(1.,0.,0.));
#3508=DIRECTION('',(0.,0.,-1.));
#3509=AXIS2_PLACEMENT_3D('',#3506,#3507,#3508);
#3510=PLANE('',#3509);
#3511=CARTESIAN_POINT('',(23.5,28.927493549,-3.85));
#3512=VERTEX_POINT('',#3511);
#3513=CARTESIAN_POINT('',(23.5,15.777384486,-3.85));
#3514=DIRECTION('',(0.,1.,0.));
#3515=VECTOR('',#3514,13.150109063);
#3516=LINE('',#3513,#3515);
#3517=EDGE_CURVE('',#3472,#3512,#3516,.T.);
#3518=ORIENTED_EDGE('',*,*,#3517,.T.);
#3519=CARTESIAN_POINT('',(23.5,28.927493549,-4.05));
#3520=VERTEX_POINT('',#3519);
#3521=CARTESIAN_POINT('',(23.5,28.927493549,-4.05));
#3522=DIRECTION('',(0.,0.,1.));
#3523=VECTOR('',#3522,0.2);
#3524=LINE('',#3521,#3523);
#3525=EDGE_CURVE('',#3520,#3512,#3524,.T.);
#3526=ORIENTED_EDGE('',*,*,#3525,.F.);
#3527=CARTESIAN_POINT('',(23.5,15.777384486,-4.05));
#3528=DIRECTION('',(0.,1.,0.));
#3529=VECTOR('',#3528,13.150109063);
#3530=LINE('',#3527,#3529);
#3531=EDGE_CURVE('',#3482,#3520,#3530,.T.);
#3532=ORIENTED_EDGE('',*,*,#3531,.F.);
#3533=ORIENTED_EDGE('',*,*,#3487,.T.);
#3534=EDGE_LOOP('',(#3518,#3526,#3532,#3533));
#3535=FACE_BOUND('',#3534,.T.);
#3536=ADVANCED_FACE('',(#3535),#3510,.F.);
#3537=CARTESIAN_POINT('',(23.499980775,29.027560785,-4.2));
#3538=DIRECTION('',(0.999999982,0.000192116,0.));
#3539=DIRECTION('',(-0.000192116,0.999999982,0.));
#3540=AXIS2_PLACEMENT_3D('',#3537,#3538,#3539);
#3541=PLANE('',#3540);
#3542=CARTESIAN_POINT('',(23.499827113,29.827399566,-3.85));
#3543=VERTEX_POINT('',#3542);
#3544=CARTESIAN_POINT('',(23.5,28.927493549,-3.85));
#3545=DIRECTION('',(-0.000192116,0.999999982,0.));
#3546=VECTOR('',#3545,0.899906034);
#3547=LINE('',#3544,#3546);
#3548=EDGE_CURVE('',#3512,#3543,#3547,.T.);
#3549=ORIENTED_EDGE('',*,*,#3548,.T.);
#3550=CARTESIAN_POINT('',(23.499827113,29.827399566,-4.05));
#3551=VERTEX_POINT('',#3550);
#3552=CARTESIAN_POINT('',(23.499827113,29.827399566,-4.05));
#3553=DIRECTION('',(0.,0.,1.));
#3554=VECTOR('',#3553,0.2);
#3555=LINE('',#3552,#3554);
#3556=EDGE_CURVE('',#3551,#3543,#3555,.T.);
#3557=ORIENTED_EDGE('',*,*,#3556,.F.);
#3558=CARTESIAN_POINT('',(23.5,28.927493549,-4.05));
#3559=DIRECTION('',(-0.000192116,0.999999982,0.));
#3560=VECTOR('',#3559,0.899906034);
#3561=LINE('',#3558,#3560);
#3562=EDGE_CURVE('',#3520,#3551,#3561,.T.);
#3563=ORIENTED_EDGE('',*,*,#3562,.F.);
#3564=ORIENTED_EDGE('',*,*,#3525,.T.);
#3565=EDGE_LOOP('',(#3549,#3557,#3563,#3564));
#3566=FACE_BOUND('',#3565,.T.);
#3567=ADVANCED_FACE('',(#3566),#3541,.F.);
#3568=CARTESIAN_POINT('',(22.700013956,29.827399581,-4.2));
#3569=DIRECTION('',(0.000000018,1.,0.));
#3570=DIRECTION('',(-1.,0.000000018,0.));
#3571=AXIS2_PLACEMENT_3D('',#3568,#3569,#3570);
#3572=PLANE('',#3571);
#3573=CARTESIAN_POINT('',(22.600033167,29.827399583,-3.85));
#3574=VERTEX_POINT('',#3573);
#3575=CARTESIAN_POINT('',(23.499827113,29.827399566,-3.85));
#3576=DIRECTION('',(-1.,0.000000018,0.));
#3577=VECTOR('',#3576,0.899793946);
#3578=LINE('',#3575,#3577);
#3579=EDGE_CURVE('',#3543,#3574,#3578,.T.);
#3580=ORIENTED_EDGE('',*,*,#3579,.T.);
#3581=CARTESIAN_POINT('',(9.000033167,29.827399834,-3.85));
#3582=VERTEX_POINT('',#3581);
#3583=CARTESIAN_POINT('',(22.600033167,29.827399583,-3.85));
#3584=DIRECTION('',(-1.,0.000000018,0.));
#3585=VECTOR('',#3584,13.6);
#3586=LINE('',#3583,#3585);
#3587=EDGE_CURVE('',#3574,#3582,#3586,.T.);
#3588=ORIENTED_EDGE('',*,*,#3587,.T.);
#3589=CARTESIAN_POINT('',(8.099890527,29.82739985,-3.85));
#3590=VERTEX_POINT('',#3589);
#3591=CARTESIAN_POINT('',(9.000033167,29.827399834,-3.85));
#3592=DIRECTION('',(-1.,0.000000018,0.));
#3593=VECTOR('',#3592,0.90014264);
#3594=LINE('',#3591,#3593);
#3595=EDGE_CURVE('',#3582,#3590,#3594,.T.);
#3596=ORIENTED_EDGE('',*,*,#3595,.T.);
#3597=CARTESIAN_POINT('',(8.099890527,29.82739985,-4.05));
#3598=VERTEX_POINT('',#3597);
#3599=CARTESIAN_POINT('',(8.099890527,29.82739985,-4.05));
#3600=DIRECTION('',(0.,0.,1.));
#3601=VECTOR('',#3600,0.2);
#3602=LINE('',#3599,#3601);
#3603=EDGE_CURVE('',#3598,#3590,#3602,.T.);
#3604=ORIENTED_EDGE('',*,*,#3603,.F.);
#3605=CARTESIAN_POINT('',(23.499827113,29.827399566,-4.05));
#3606=DIRECTION('',(-1.,0.000000018,0.));
#3607=VECTOR('',#3606,15.399936586);
#3608=LINE('',#3605,#3607);
#3609=EDGE_CURVE('',#3551,#3598,#3608,.T.);
#3610=ORIENTED_EDGE('',*,*,#3609,.F.);
#3611=ORIENTED_EDGE('',*,*,#3556,.T.);
#3612=EDGE_LOOP('',(#3580,#3588,#3596,#3604,#3610,#3611));
#3613=FACE_BOUND('',#3612,.T.);
#3614=ADVANCED_FACE('',(#3613),#3572,.F.);
#3615=CARTESIAN_POINT('',(8.099987842,29.027341164,-4.2));
#3616=DIRECTION('',(-0.999999993,-0.000121634,0.));
#3617=DIRECTION('',(0.000121634,-0.999999993,0.));
#3618=AXIS2_PLACEMENT_3D('',#3615,#3616,#3617);
#3619=PLANE('',#3618);
#3620=CARTESIAN_POINT('',(8.1,28.927383737,-3.85));
#3621=VERTEX_POINT('',#3620);
#3622=CARTESIAN_POINT('',(8.099890527,29.82739985,-3.85));
#3623=DIRECTION('',(0.000121634,-0.999999993,0.));
#3624=VECTOR('',#3623,0.90001612);
#3625=LINE('',#3622,#3624);
#3626=EDGE_CURVE('',#3590,#3621,#3625,.T.);
#3627=ORIENTED_EDGE('',*,*,#3626,.T.);
#3628=CARTESIAN_POINT('',(8.1,28.927383737,-4.05));
#3629=VERTEX_POINT('',#3628);
#3630=CARTESIAN_POINT('',(8.1,28.927383737,-4.05));
#3631=DIRECTION('',(0.,0.,1.));
#3632=VECTOR('',#3631,0.2);
#3633=LINE('',#3630,#3632);
#3634=EDGE_CURVE('',#3629,#3621,#3633,.T.);
#3635=ORIENTED_EDGE('',*,*,#3634,.F.);
#3636=CARTESIAN_POINT('',(8.099890527,29.82739985,-4.05));
#3637=DIRECTION('',(0.000121634,-0.999999993,0.));
#3638=VECTOR('',#3637,0.90001612);
#3639=LINE('',#3636,#3638);
#3640=EDGE_CURVE('',#3598,#3629,#3639,.T.);
#3641=ORIENTED_EDGE('',*,*,#3640,.F.);
#3642=ORIENTED_EDGE('',*,*,#3603,.T.);
#3643=EDGE_LOOP('',(#3627,#3635,#3641,#3642));
#3644=FACE_BOUND('',#3643,.T.);
#3645=ADVANCED_FACE('',(#3644),#3619,.F.);
#3646=CARTESIAN_POINT('',(8.1,22.352426311,-4.2));
#3647=DIRECTION('',(-1.,0.,0.));
#3648=DIRECTION('',(0.,0.,1.));
#3649=AXIS2_PLACEMENT_3D('',#3646,#3647,#3648);
#3650=PLANE('',#3649);
#3651=CARTESIAN_POINT('',(8.1,15.777426311,-3.85));
#3652=VERTEX_POINT('',#3651);
#3653=CARTESIAN_POINT('',(8.1,28.927383737,-3.85));
#3654=DIRECTION('',(0.,-1.,0.));
#3655=VECTOR('',#3654,13.149957426);
#3656=LINE('',#3653,#3655);
#3657=EDGE_CURVE('',#3621,#3652,#3656,.T.);
#3658=ORIENTED_EDGE('',*,*,#3657,.T.);
#3659=CARTESIAN_POINT('',(8.1,14.8774,-3.85));
#3660=VERTEX_POINT('',#3659);
#3661=CARTESIAN_POINT('',(8.1,15.777426311,-3.85));
#3662=DIRECTION('',(0.,-1.,0.));
#3663=VECTOR('',#3662,0.900026311);
#3664=LINE('',#3661,#3663);
#3665=EDGE_CURVE('',#3652,#3660,#3664,.T.);
#3666=ORIENTED_EDGE('',*,*,#3665,.T.);
#3667=CARTESIAN_POINT('',(8.1,14.8774,-4.05));
#3668=VERTEX_POINT('',#3667);
#3669=CARTESIAN_POINT('',(8.1,14.8774,-4.05));
#3670=DIRECTION('',(0.,0.,1.));
#3671=VECTOR('',#3670,0.2);
#3672=LINE('',#3669,#3671);
#3673=EDGE_CURVE('',#3668,#3660,#3672,.T.);
#3674=ORIENTED_EDGE('',*,*,#3673,.F.);
#3675=CARTESIAN_POINT('',(8.1,28.927383737,-4.05));
#3676=DIRECTION('',(0.,-1.,0.));
#3677=VECTOR('',#3676,14.049983737);
#3678=LINE('',#3675,#3677);
#3679=EDGE_CURVE('',#3629,#3668,#3678,.T.);
#3680=ORIENTED_EDGE('',*,*,#3679,.F.);
#3681=ORIENTED_EDGE('',*,*,#3634,.T.);
#3682=EDGE_LOOP('',(#3658,#3666,#3674,#3680,#3681));
#3683=FACE_BOUND('',#3682,.T.);
#3684=ADVANCED_FACE('',(#3683),#3650,.F.);
#3685=CARTESIAN_POINT('',(8.900033154,14.8774,-4.2));
#3686=DIRECTION('',(0.,1.,0.));
#3687=DIRECTION('',(0.,0.,1.));
#3688=AXIS2_PLACEMENT_3D('',#3685,#3686,#3687);
#3689=PLANE('',#3688);
#3690=CARTESIAN_POINT('',(22.600033154,14.8774,-3.85));
#3691=VERTEX_POINT('',#3690);
#3692=CARTESIAN_POINT('',(23.499892446,14.8774,-3.85));
#3693=DIRECTION('',(-1.,0.,0.));
#3694=VECTOR('',#3693,0.899859292);
#3695=LINE('',#3692,#3694);
#3696=EDGE_CURVE('',#3474,#3691,#3695,.T.);
#3697=ORIENTED_EDGE('',*,*,#3696,.F.);
#3698=ORIENTED_EDGE('',*,*,#3501,.F.);
#3699=CARTESIAN_POINT('',(23.499892446,14.8774,-4.05));
#3700=DIRECTION('',(-1.,0.,0.));
#3701=VECTOR('',#3700,15.399892446);
#3702=LINE('',#3699,#3701);
#3703=EDGE_CURVE('',#3490,#3668,#3702,.T.);
#3704=ORIENTED_EDGE('',*,*,#3703,.T.);
#3705=ORIENTED_EDGE('',*,*,#3673,.T.);
#3706=CARTESIAN_POINT('',(9.000033154,14.8774,-3.85));
#3707=VERTEX_POINT('',#3706);
#3708=CARTESIAN_POINT('',(9.000033154,14.8774,-3.85));
#3709=DIRECTION('',(-1.,0.,0.));
#3710=VECTOR('',#3709,0.900033154);
#3711=LINE('',#3708,#3710);
#3712=EDGE_CURVE('',#3707,#3660,#3711,.T.);
#3713=ORIENTED_EDGE('',*,*,#3712,.F.);
#3714=CARTESIAN_POINT('',(22.600033154,14.8774,-3.85));
#3715=DIRECTION('',(-1.,0.,0.));
#3716=VECTOR('',#3715,13.6);
#3717=LINE('',#3714,#3716);
#3718=EDGE_CURVE('',#3691,#3707,#3717,.T.);
#3719=ORIENTED_EDGE('',*,*,#3718,.F.);
#3720=EDGE_LOOP('',(#3697,#3698,#3704,#3705,#3713,#3719));
#3721=FACE_BOUND('',#3720,.T.);
#3722=ADVANCED_FACE('',(#3721),#3689,.T.);
#3723=CARTESIAN_POINT('',(0.,0.,-4.05));
#3724=DIRECTION('',(0.,0.,1.));
#3725=DIRECTION('',(-1.,0.,0.));
#3726=AXIS2_PLACEMENT_3D('',#3723,#3724,#3725);
#3727=PLANE('',#3726);
#3728=ORIENTED_EDGE('',*,*,#3495,.F.);
#3729=ORIENTED_EDGE('',*,*,#3531,.T.);
#3730=ORIENTED_EDGE('',*,*,#3562,.T.);
#3731=ORIENTED_EDGE('',*,*,#3609,.T.);
#3732=ORIENTED_EDGE('',*,*,#3640,.T.);
#3733=ORIENTED_EDGE('',*,*,#3679,.T.);
#3734=ORIENTED_EDGE('',*,*,#3703,.F.);
#3735=EDGE_LOOP('',(#3728,#3729,#3730,#3731,#3732,#3733,#3734));
#3736=FACE_BOUND('',#3735,.T.);
#3737=ADVANCED_FACE('',(#3736),#3727,.T.);
#3738=CARTESIAN_POINT('',(0.,0.,-0.85));
#3739=DIRECTION('',(0.,0.,1.));
#3740=DIRECTION('',(0.,1.,0.));
#3741=AXIS2_PLACEMENT_3D('',#3738,#3739,#3740);
#3742=PLANE('',#3741);
#3743=CARTESIAN_POINT('',(-29.25,6.767319631,-0.85));
#3744=DIRECTION('',(1.,0.,0.));
#3745=VECTOR('',#3744,0.9);
#3746=LINE('',#3743,#3745);
#3747=EDGE_CURVE('',#1974,#1209,#3746,.T.);
#3748=ORIENTED_EDGE('',*,*,#3747,.F.);
#3749=ORIENTED_EDGE('',*,*,#1979,.T.);
#3750=ORIENTED_EDGE('',*,*,#1083,.T.);
#3751=ORIENTED_EDGE('',*,*,#1220,.F.);
#3752=EDGE_LOOP('',(#3748,#3749,#3750,#3751));
#3753=FACE_BOUND('',#3752,.T.);
#3754=ADVANCED_FACE('',(#3753),#3742,.T.);
#3755=CARTESIAN_POINT('',(-30.65,21.437332331,-3.050025388));
#3756=DIRECTION('',(0.,0.,-1.));
#3757=DIRECTION('',(-1.,0.,0.));
#3758=AXIS2_PLACEMENT_3D('',#3755,#3756,#3757);
#3759=PLANE('',#3758);
#3760=ORIENTED_EDGE('',*,*,#1682,.F.);
#3761=ORIENTED_EDGE('',*,*,#2139,.T.);
#3762=CARTESIAN_POINT('',(-32.25,19.537332331,-3.050025388));
#3763=DIRECTION('',(1.,0.,0.));
#3764=VECTOR('',#3763,3.9);
#3765=LINE('',#3762,#3764);
#3766=EDGE_CURVE('',#2128,#1327,#3765,.T.);
#3767=ORIENTED_EDGE('',*,*,#3766,.T.);
#3768=ORIENTED_EDGE('',*,*,#1332,.T.);
#3769=EDGE_LOOP('',(#3760,#3761,#3767,#3768));
#3770=FACE_BOUND('',#3769,.T.);
#3771=ADVANCED_FACE('',(#3770),#3759,.F.);
#3772=CARTESIAN_POINT('',(-30.65,19.537332331,-2.300025388));
#3773=DIRECTION('',(0.,-1.,0.));
#3774=DIRECTION('',(1.,0.,0.));
#3775=AXIS2_PLACEMENT_3D('',#3772,#3773,#3774);
#3776=PLANE('',#3775);
#3777=ORIENTED_EDGE('',*,*,#3766,.F.);
#3778=ORIENTED_EDGE('',*,*,#2133,.F.);
#3779=ORIENTED_EDGE('',*,*,#2003,.T.);
#3780=ORIENTED_EDGE('',*,*,#1363,.T.);
#3781=ORIENTED_EDGE('',*,*,#1129,.T.);
#3782=ORIENTED_EDGE('',*,*,#1338,.T.);
#3783=EDGE_LOOP('',(#3777,#3778,#3779,#3780,#3781,#3782));
#3784=FACE_BOUND('',#3783,.T.);
#3785=ADVANCED_FACE('',(#3784),#3776,.F.);
#3786=CARTESIAN_POINT('',(-29.25,43.27,-3.7));
#3787=DIRECTION('',(1.,0.,0.));
#3788=DIRECTION('',(-0.,1.,0.));
#3789=AXIS2_PLACEMENT_3D('',#3786,#3787,#3788);
#3790=PLANE('',#3789);
#3791=CARTESIAN_POINT('',(-29.25,31.387345031,-1.));
#3792=DIRECTION('',(0.,0.,1.));
#3793=VECTOR('',#3792,0.149976119);
#3794=LINE('',#3791,#3793);
#3795=EDGE_CURVE('',#2636,#787,#3794,.T.);
#3796=ORIENTED_EDGE('',*,*,#3795,.F.);
#3797=ORIENTED_EDGE('',*,*,#2642,.T.);
#3798=ORIENTED_EDGE('',*,*,#2618,.F.);
#3799=ORIENTED_EDGE('',*,*,#2752,.T.);
#3800=ORIENTED_EDGE('',*,*,#2727,.T.);
#3801=ORIENTED_EDGE('',*,*,#1718,.F.);
#3802=ORIENTED_EDGE('',*,*,#800,.F.);
#3803=EDGE_LOOP('',(#3796,#3797,#3798,#3799,#3800,#3801,#3802));
#3804=FACE_BOUND('',#3803,.T.);
#3805=ADVANCED_FACE('',(#3804),#3790,.T.);
#3806=CARTESIAN_POINT('',(29.25,43.27,-3.7));
#3807=DIRECTION('',(-1.,-0.,0.));
#3808=DIRECTION('',(0.,-1.,0.));
#3809=AXIS2_PLACEMENT_3D('',#3806,#3807,#3808);
#3810=PLANE('',#3809);
#3811=CARTESIAN_POINT('',(29.25,15.587294231,-1.));
#3812=DIRECTION('',(0.,0.,1.));
#3813=VECTOR('',#3812,0.149976119);
#3814=LINE('',#3811,#3813);
#3815=EDGE_CURVE('',#2432,#164,#3814,.T.);
#3816=ORIENTED_EDGE('',*,*,#3815,.F.);
#3817=ORIENTED_EDGE('',*,*,#2438,.F.);
#3818=ORIENTED_EDGE('',*,*,#2407,.T.);
#3819=ORIENTED_EDGE('',*,*,#2594,.F.);
#3820=ORIENTED_EDGE('',*,*,#2556,.T.);
#3821=ORIENTED_EDGE('',*,*,#1876,.F.);
#3822=ORIENTED_EDGE('',*,*,#177,.T.);
#3823=EDGE_LOOP('',(#3816,#3817,#3818,#3819,#3820,#3821,#3822));
#3824=FACE_BOUND('',#3823,.T.);
#3825=ADVANCED_FACE('',(#3824),#3810,.T.);
#3826=CARTESIAN_POINT('',(0.,0.,-3.85));
#3827=DIRECTION('',(0.,0.,-1.));
#3828=DIRECTION('',(-1.,0.,0.));
#3829=AXIS2_PLACEMENT_3D('',#3826,#3827,#3828);
#3830=PLANE('',#3829);
#3831=ORIENTED_EDGE('',*,*,#1963,.F.);
#3832=CARTESIAN_POINT('',(-20.,0.27,-3.85));
#3833=VERTEX_POINT('',#3832);
#3834=CARTESIAN_POINT('',(-21.,0.27,-3.85));
#3835=DIRECTION('',(-0.,-0.,1.));
#3836=DIRECTION('',(-1.,0.,0.));
#3837=AXIS2_PLACEMENT_3D('',#3834,#3835,#3836);
#3838=CIRCLE('',#3837,1.);
#3839=EDGE_CURVE('',#1952,#3833,#3838,.T.);
#3840=ORIENTED_EDGE('',*,*,#3839,.T.);
#3841=CARTESIAN_POINT('',(-20.,1.27,-3.85));
#3842=VERTEX_POINT('',#3841);
#3843=CARTESIAN_POINT('',(-20.,0.27,-3.85));
#3844=DIRECTION('',(-0.,1.,0.));
#3845=VECTOR('',#3844,1.);
#3846=LINE('',#3843,#3845);
#3847=EDGE_CURVE('',#3833,#3842,#3846,.T.);
#3848=ORIENTED_EDGE('',*,*,#3847,.T.);
#3849=CARTESIAN_POINT('',(-17.,4.27,-3.85));
#3850=VERTEX_POINT('',#3849);
#3851=CARTESIAN_POINT('',(-17.,1.27,-3.85));
#3852=DIRECTION('',(0.,0.,-1.));
#3853=DIRECTION('',(-1.,0.,0.));
#3854=AXIS2_PLACEMENT_3D('',#3851,#3852,#3853);
#3855=CIRCLE('',#3854,3.);
#3856=EDGE_CURVE('',#3842,#3850,#3855,.T.);
#3857=ORIENTED_EDGE('',*,*,#3856,.T.);
#3858=CARTESIAN_POINT('',(17.,4.27,-3.85));
#3859=VERTEX_POINT('',#3858);
#3860=CARTESIAN_POINT('',(17.,4.27,-3.85));
#3861=DIRECTION('',(-1.,-0.,0.));
#3862=VECTOR('',#3861,34.);
#3863=LINE('',#3860,#3862);
#3864=EDGE_CURVE('',#3859,#3850,#3863,.T.);
#3865=ORIENTED_EDGE('',*,*,#3864,.F.);
#3866=CARTESIAN_POINT('',(20.,1.27,-3.85));
#3867=VERTEX_POINT('',#3866);
#3868=CARTESIAN_POINT('',(17.,1.27,-3.85));
#3869=DIRECTION('',(0.,0.,-1.));
#3870=DIRECTION('',(-1.,0.,0.));
#3871=AXIS2_PLACEMENT_3D('',#3868,#3869,#3870);
#3872=CIRCLE('',#3871,3.);
#3873=EDGE_CURVE('',#3859,#3867,#3872,.T.);
#3874=ORIENTED_EDGE('',*,*,#3873,.T.);
#3875=CARTESIAN_POINT('',(20.,0.27,-3.85));
#3876=VERTEX_POINT('',#3875);
#3877=CARTESIAN_POINT('',(20.,0.27,-3.85));
#3878=DIRECTION('',(-0.,1.,0.));
#3879=VECTOR('',#3878,1.);
#3880=LINE('',#3877,#3879);
#3881=EDGE_CURVE('',#3876,#3867,#3880,.T.);
#3882=ORIENTED_EDGE('',*,*,#3881,.F.);
#3883=CARTESIAN_POINT('',(21.,0.27,-3.85));
#3884=DIRECTION('',(-0.,-0.,1.));
#3885=DIRECTION('',(-1.,0.,0.));
#3886=AXIS2_PLACEMENT_3D('',#3883,#3884,#3885);
#3887=CIRCLE('',#3886,1.);
#3888=EDGE_CURVE('',#3876,#985,#3887,.T.);
#3889=ORIENTED_EDGE('',*,*,#3888,.T.);
#3890=ORIENTED_EDGE('',*,*,#990,.F.);
#3891=ORIENTED_EDGE('',*,*,#1770,.T.);
#3892=ORIENTED_EDGE('',*,*,#2769,.T.);
#3893=ORIENTED_EDGE('',*,*,#1277,.F.);
#3894=ORIENTED_EDGE('',*,*,#3313,.F.);
#3895=ORIENTED_EDGE('',*,*,#3284,.F.);
#3896=ORIENTED_EDGE('',*,*,#3253,.F.);
#3897=ORIENTED_EDGE('',*,*,#1245,.F.);
#3898=EDGE_LOOP('',(#3831,#3840,#3848,#3857,#3865,#3874,#3882,#3889,#3890,#3891,#3892,#3893,#3894,#3895,#3896,#3897));
#3899=FACE_BOUND('',#3898,.T.);
#3900=ORIENTED_EDGE('',*,*,#3548,.F.);
#3901=ORIENTED_EDGE('',*,*,#3517,.F.);
#3902=ORIENTED_EDGE('',*,*,#3479,.T.);
#3903=ORIENTED_EDGE('',*,*,#3696,.T.);
#3904=ORIENTED_EDGE('',*,*,#3718,.T.);
#3905=ORIENTED_EDGE('',*,*,#3712,.T.);
#3906=ORIENTED_EDGE('',*,*,#3665,.F.);
#3907=ORIENTED_EDGE('',*,*,#3657,.F.);
#3908=ORIENTED_EDGE('',*,*,#3626,.F.);
#3909=ORIENTED_EDGE('',*,*,#3595,.F.);
#3910=ORIENTED_EDGE('',*,*,#3587,.F.);
#3911=ORIENTED_EDGE('',*,*,#3579,.F.);
#3912=EDGE_LOOP('',(#3900,#3901,#3902,#3903,#3904,#3905,#3906,#3907,#3908,#3909,#3910,#3911));
#3913=FACE_BOUND('',#3912,.T.);
#3914=ORIENTED_EDGE('',*,*,#2811,.F.);
#3915=EDGE_LOOP('',(#3914));
#3916=FACE_BOUND('',#3915,.T.);
#3917=ORIENTED_EDGE('',*,*,#2928,.F.);
#3918=EDGE_LOOP('',(#3917));
#3919=FACE_BOUND('',#3918,.T.);
#3920=ORIENTED_EDGE('',*,*,#3045,.F.);
#3921=EDGE_LOOP('',(#3920));
#3922=FACE_BOUND('',#3921,.T.);
#3923=ORIENTED_EDGE('',*,*,#3162,.F.);
#3924=EDGE_LOOP('',(#3923));
#3925=FACE_BOUND('',#3924,.T.);
#3926=ADVANCED_FACE('',(#3899,#3913,#3916,#3919,#3922,#3925),#3830,.F.);
#3927=CARTESIAN_POINT('',(-30.,27.587319631,-1.850023881));
#3928=DIRECTION('',(-0.,1.,0.));
#3929=DIRECTION('',(-1.,-0.,0.));
#3930=AXIS2_PLACEMENT_3D('',#3927,#3928,#3929);
#3931=PLANE('',#3930);
#3932=ORIENTED_EDGE('',*,*,#2672,.F.);
#3933=ORIENTED_EDGE('',*,*,#2149,.T.);
#3934=ORIENTED_EDGE('',*,*,#1581,.F.);
#3935=ORIENTED_EDGE('',*,*,#1627,.F.);
#3936=EDGE_LOOP('',(#3932,#3933,#3934,#3935));
#3937=FACE_BOUND('',#3936,.T.);
#3938=ADVANCED_FACE('',(#3937),#3931,.T.);
#3939=CARTESIAN_POINT('',(-30.,31.387345031,-1.850023881));
#3940=DIRECTION('',(0.,-1.,0.));
#3941=DIRECTION('',(0.,0.,-1.));
#3942=AXIS2_PLACEMENT_3D('',#3939,#3940,#3941);
#3943=PLANE('',#3942);
#3944=ORIENTED_EDGE('',*,*,#3795,.T.);
#3945=ORIENTED_EDGE('',*,*,#792,.F.);
#3946=ORIENTED_EDGE('',*,*,#2043,.F.);
#3947=ORIENTED_EDGE('',*,*,#2648,.T.);
#3948=EDGE_LOOP('',(#3944,#3945,#3946,#3947));
#3949=FACE_BOUND('',#3948,.T.);
#3950=ADVANCED_FACE('',(#3949),#3943,.T.);
#3951=CARTESIAN_POINT('',(30.,31.387294231,-1.550023881));
#3952=DIRECTION('',(0.,-1.,0.));
#3953=DIRECTION('',(0.,0.,-1.));
#3954=AXIS2_PLACEMENT_3D('',#3951,#3952,#3953);
#3955=PLANE('',#3954);
#3956=ORIENTED_EDGE('',*,*,#2286,.F.);
#3957=CARTESIAN_POINT('',(33.75,31.387294231,-1.));
#3958=DIRECTION('',(0.,0.,1.));
#3959=VECTOR('',#3958,0.149976119);
#3960=LINE('',#3957,#3959);
#3961=EDGE_CURVE('',#2274,#764,#3960,.T.);
#3962=ORIENTED_EDGE('',*,*,#3961,.T.);
#3963=ORIENTED_EDGE('',*,*,#854,.F.);
#3964=ORIENTED_EDGE('',*,*,#1523,.F.);
#3965=EDGE_LOOP('',(#3956,#3962,#3963,#3964));
#3966=FACE_BOUND('',#3965,.T.);
#3967=ADVANCED_FACE('',(#3966),#3955,.T.);
#3968=CARTESIAN_POINT('',(30.,27.587294231,-1.550023881));
#3969=DIRECTION('',(0.,1.,0.));
#3970=DIRECTION('',(0.,0.,1.));
#3971=AXIS2_PLACEMENT_3D('',#3968,#3969,#3970);
#3972=PLANE('',#3971);
#3973=ORIENTED_EDGE('',*,*,#2246,.T.);
#3974=ORIENTED_EDGE('',*,*,#1898,.T.);
#3975=ORIENTED_EDGE('',*,*,#1411,.F.);
#3976=CARTESIAN_POINT('',(33.75,27.587294231,-1.));
#3977=DIRECTION('',(0.,0.,1.));
#3978=VECTOR('',#3977,0.149976119);
#3979=LINE('',#3976,#3978);
#3980=EDGE_CURVE('',#2241,#1398,#3979,.T.);
#3981=ORIENTED_EDGE('',*,*,#3980,.F.);
#3982=EDGE_LOOP('',(#3973,#3974,#3975,#3981));
#3983=FACE_BOUND('',#3982,.T.);
#3984=ADVANCED_FACE('',(#3983),#3972,.T.);
#3985=CARTESIAN_POINT('',(30.,19.387294231,-1.550023881));
#3986=DIRECTION('',(0.,-1.,0.));
#3987=DIRECTION('',(0.,0.,-1.));
#3988=AXIS2_PLACEMENT_3D('',#3985,#3986,#3987);
#3989=PLANE('',#3988);
#3990=ORIENTED_EDGE('',*,*,#2486,.F.);
#3991=CARTESIAN_POINT('',(33.75,19.387294231,-1.));
#3992=DIRECTION('',(0.,0.,1.));
#3993=VECTOR('',#3992,0.149976119);
#3994=LINE('',#3991,#3993);
#3995=EDGE_CURVE('',#2474,#1390,#3994,.T.);
#3996=ORIENTED_EDGE('',*,*,#3995,.T.);
#3997=ORIENTED_EDGE('',*,*,#1395,.F.);
#3998=ORIENTED_EDGE('',*,*,#1466,.F.);
#3999=EDGE_LOOP('',(#3990,#3996,#3997,#3998));
#4000=FACE_BOUND('',#3999,.T.);
#4001=ADVANCED_FACE('',(#4000),#3989,.T.);
#4002=CARTESIAN_POINT('',(30.,15.587294231,-1.550023881));
#4003=DIRECTION('',(0.,1.,0.));
#4004=DIRECTION('',(0.,0.,1.));
#4005=AXIS2_PLACEMENT_3D('',#4002,#4003,#4004);
#4006=PLANE('',#4005);
#4007=ORIENTED_EDGE('',*,*,#2446,.T.);
#4008=ORIENTED_EDGE('',*,*,#3815,.T.);
#4009=ORIENTED_EDGE('',*,*,#169,.F.);
#4010=CARTESIAN_POINT('',(33.75,15.587294231,-1.));
#4011=DIRECTION('',(0.,0.,1.));
#4012=VECTOR('',#4011,0.149976119);
#4013=LINE('',#4010,#4012);
#4014=EDGE_CURVE('',#2441,#156,#4013,.T.);
#4015=ORIENTED_EDGE('',*,*,#4014,.F.);
#4016=EDGE_LOOP('',(#4007,#4008,#4009,#4015));
#4017=FACE_BOUND('',#4016,.T.);
#4018=ADVANCED_FACE('',(#4017),#4006,.T.);
#4019=CARTESIAN_POINT('',(-28.8,6.767319631,-1.35));
#4020=DIRECTION('',(0.,-1.,0.));
#4021=DIRECTION('',(1.,0.,0.));
#4022=AXIS2_PLACEMENT_3D('',#4019,#4020,#4021);
#4023=PLANE('',#4022);
#4024=ORIENTED_EDGE('',*,*,#1985,.T.);
#4025=ORIENTED_EDGE('',*,*,#3747,.T.);
#4026=ORIENTED_EDGE('',*,*,#1214,.F.);
#4027=ORIENTED_EDGE('',*,*,#3388,.F.);
#4028=EDGE_LOOP('',(#4024,#4025,#4026,#4027));
#4029=FACE_BOUND('',#4028,.T.);
#4030=ADVANCED_FACE('',(#4029),#4023,.F.);
#4031=CARTESIAN_POINT('',(-28.8,13.207319631,-1.35));
#4032=DIRECTION('',(0.,-1.,0.));
#4033=DIRECTION('',(0.,0.,-1.));
#4034=AXIS2_PLACEMENT_3D('',#4031,#4032,#4033);
#4035=PLANE('',#4034);
#4036=ORIENTED_EDGE('',*,*,#3371,.T.);
#4037=ORIENTED_EDGE('',*,*,#1146,.T.);
#4038=ORIENTED_EDGE('',*,*,#1115,.F.);
#4039=ORIENTED_EDGE('',*,*,#1354,.F.);
#4040=EDGE_LOOP('',(#4036,#4037,#4038,#4039));
#4041=FACE_BOUND('',#4040,.T.);
#4042=ADVANCED_FACE('',(#4041),#4035,.T.);
#4043=CARTESIAN_POINT('',(0.,-87.5,-7.850023881));
#4044=DIRECTION('',(0.,1.,0.));
#4045=DIRECTION('',(0.,0.,1.));
#4046=AXIS2_PLACEMENT_3D('',#4043,#4044,#4045);
#4047=PLANE('',#4046);
#4048=CARTESIAN_POINT('',(29.25,-87.5,-3.150023881));
#4049=VERTEX_POINT('',#4048);
#4050=CARTESIAN_POINT('',(29.25,-87.5,-3.150023881));
#4051=DIRECTION('',(-1.,0.,0.));
#4052=VECTOR('',#4051,58.5);
#4053=LINE('',#4050,#4052);
#4054=EDGE_CURVE('',#4049,#1038,#4053,.T.);
#4055=ORIENTED_EDGE('',*,*,#4054,.F.);
#4056=CARTESIAN_POINT('',(29.25,-87.5,-4.35));
#4057=DIRECTION('',(0.,0.,1.));
#4058=VECTOR('',#4057,1.199976119);
#4059=LINE('',#4056,#4058);
#4060=EDGE_CURVE('',#585,#4049,#4059,.T.);
#4061=ORIENTED_EDGE('',*,*,#4060,.F.);
#4062=ORIENTED_EDGE('',*,*,#590,.F.);
#4063=ORIENTED_EDGE('',*,*,#1051,.T.);
#4064=EDGE_LOOP('',(#4055,#4061,#4062,#4063));
#4065=FACE_BOUND('',#4064,.T.);
#4066=ADVANCED_FACE('',(#4065),#4047,.T.);
#4067=CARTESIAN_POINT('',(29.25,-43.865,-7.850023881));
#4068=DIRECTION('',(-1.,0.,0.));
#4069=DIRECTION('',(0.,0.,1.));
#4070=AXIS2_PLACEMENT_3D('',#4067,#4068,#4069);
#4071=PLANE('',#4070);
#4072=CARTESIAN_POINT('',(29.25,-0.73,-3.150023881));
#4073=DIRECTION('',(0.,-1.,0.));
#4074=VECTOR('',#4073,86.77);
#4075=LINE('',#4072,#4074);
#4076=EDGE_CURVE('',#969,#4049,#4075,.T.);
#4077=ORIENTED_EDGE('',*,*,#4076,.F.);
#4078=ORIENTED_EDGE('',*,*,#1003,.F.);
#4079=ORIENTED_EDGE('',*,*,#598,.F.);
#4080=ORIENTED_EDGE('',*,*,#4060,.T.);
#4081=EDGE_LOOP('',(#4077,#4078,#4079,#4080));
#4082=FACE_BOUND('',#4081,.T.);
#4083=ADVANCED_FACE('',(#4082),#4071,.T.);
#4084=CARTESIAN_POINT('',(-20.,1.77,-10.9));
#4085=DIRECTION('',(1.,0.,0.));
#4086=DIRECTION('',(-0.,1.,0.));
#4087=AXIS2_PLACEMENT_3D('',#4084,#4085,#4086);
#4088=PLANE('',#4087);
#4089=ORIENTED_EDGE('',*,*,#3847,.F.);
#4090=CARTESIAN_POINT('',(-20.,0.27,-3.85));
#4091=DIRECTION('',(-0.,-0.,-1.));
#4092=VECTOR('',#4091,0.5);
#4093=LINE('',#4090,#4092);
#4094=EDGE_CURVE('',#3833,#552,#4093,.T.);
#4095=ORIENTED_EDGE('',*,*,#4094,.T.);
#4096=ORIENTED_EDGE('',*,*,#557,.F.);
#4097=CARTESIAN_POINT('',(-20.,1.27,-4.35));
#4098=DIRECTION('',(0.,0.,1.));
#4099=VECTOR('',#4098,0.5);
#4100=LINE('',#4097,#4099);
#4101=EDGE_CURVE('',#550,#3842,#4100,.T.);
#4102=ORIENTED_EDGE('',*,*,#4101,.T.);
#4103=EDGE_LOOP('',(#4089,#4095,#4096,#4102));
#4104=FACE_BOUND('',#4103,.T.);
#4105=ADVANCED_FACE('',(#4104),#4088,.T.);
#4106=CARTESIAN_POINT('',(20.,1.77,-10.9));
#4107=DIRECTION('',(1.,0.,0.));
#4108=DIRECTION('',(-0.,1.,0.));
#4109=AXIS2_PLACEMENT_3D('',#4106,#4107,#4108);
#4110=PLANE('',#4109);
#4111=ORIENTED_EDGE('',*,*,#623,.T.);
#4112=CARTESIAN_POINT('',(20.,0.27,-4.35));
#4113=DIRECTION('',(0.,0.,1.));
#4114=VECTOR('',#4113,0.5);
#4115=LINE('',#4112,#4114);
#4116=EDGE_CURVE('',#609,#3876,#4115,.T.);
#4117=ORIENTED_EDGE('',*,*,#4116,.T.);
#4118=ORIENTED_EDGE('',*,*,#3881,.T.);
#4119=CARTESIAN_POINT('',(20.,1.27,-3.85));
#4120=DIRECTION('',(-0.,-0.,-1.));
#4121=VECTOR('',#4120,0.5);
#4122=LINE('',#4119,#4121);
#4123=EDGE_CURVE('',#3867,#618,#4122,.T.);
#4124=ORIENTED_EDGE('',*,*,#4123,.T.);
#4125=EDGE_LOOP('',(#4111,#4117,#4118,#4124));
#4126=FACE_BOUND('',#4125,.T.);
#4127=ADVANCED_FACE('',(#4126),#4110,.F.);
#4128=CARTESIAN_POINT('',(-0.,4.27,-10.9));
#4129=DIRECTION('',(-0.,1.,0.));
#4130=DIRECTION('',(-1.,-0.,0.));
#4131=AXIS2_PLACEMENT_3D('',#4128,#4129,#4130);
#4132=PLANE('',#4131);
#4133=ORIENTED_EDGE('',*,*,#640,.T.);
#4134=CARTESIAN_POINT('',(17.,4.27,-4.35));
#4135=DIRECTION('',(0.,0.,1.));
#4136=VECTOR('',#4135,0.5);
#4137=LINE('',#4134,#4136);
#4138=EDGE_CURVE('',#626,#3859,#4137,.T.);
#4139=ORIENTED_EDGE('',*,*,#4138,.T.);
#4140=ORIENTED_EDGE('',*,*,#3864,.T.);
#4141=CARTESIAN_POINT('',(-17.,4.27,-3.85));
#4142=DIRECTION('',(-0.,-0.,-1.));
#4143=VECTOR('',#4142,0.5);
#4144=LINE('',#4141,#4143);
#4145=EDGE_CURVE('',#3850,#635,#4144,.T.);
#4146=ORIENTED_EDGE('',*,*,#4145,.T.);
#4147=EDGE_LOOP('',(#4133,#4139,#4140,#4146));
#4148=FACE_BOUND('',#4147,.T.);
#4149=ADVANCED_FACE('',(#4148),#4132,.F.);
#4150=CARTESIAN_POINT('',(-17.,1.27,-10.9));
#4151=DIRECTION('',(0.,0.,1.));
#4152=DIRECTION('',(1.,0.,-0.));
#4153=AXIS2_PLACEMENT_3D('',#4150,#4151,#4152);
#4154=CYLINDRICAL_SURFACE('',#4153,3.);
#4155=ORIENTED_EDGE('',*,*,#647,.F.);
#4156=ORIENTED_EDGE('',*,*,#4145,.F.);
#4157=ORIENTED_EDGE('',*,*,#3856,.F.);
#4158=ORIENTED_EDGE('',*,*,#4101,.F.);
#4159=EDGE_LOOP('',(#4155,#4156,#4157,#4158));
#4160=FACE_BOUND('',#4159,.T.);
#4161=ADVANCED_FACE('',(#4160),#4154,.F.);
#4162=CARTESIAN_POINT('',(17.,1.27,-10.9));
#4163=DIRECTION('',(0.,0.,-1.));
#4164=DIRECTION('',(-1.,0.,0.));
#4165=AXIS2_PLACEMENT_3D('',#4162,#4163,#4164);
#4166=CYLINDRICAL_SURFACE('',#4165,3.);
#4167=ORIENTED_EDGE('',*,*,#632,.F.);
#4168=ORIENTED_EDGE('',*,*,#4123,.F.);
#4169=ORIENTED_EDGE('',*,*,#3873,.F.);
#4170=ORIENTED_EDGE('',*,*,#4138,.F.);
#4171=EDGE_LOOP('',(#4167,#4168,#4169,#4170));
#4172=FACE_BOUND('',#4171,.T.);
#4173=ADVANCED_FACE('',(#4172),#4166,.F.);
#4174=CARTESIAN_POINT('',(21.,0.27,-10.9));
#4175=DIRECTION('',(0.,0.,1.));
#4176=DIRECTION('',(1.,0.,-0.));
#4177=AXIS2_PLACEMENT_3D('',#4174,#4175,#4176);
#4178=CYLINDRICAL_SURFACE('',#4177,1.);
#4179=ORIENTED_EDGE('',*,*,#615,.F.);
#4180=ORIENTED_EDGE('',*,*,#996,.F.);
#4181=ORIENTED_EDGE('',*,*,#3888,.F.);
#4182=ORIENTED_EDGE('',*,*,#4116,.F.);
#4183=EDGE_LOOP('',(#4179,#4180,#4181,#4182));
#4184=FACE_BOUND('',#4183,.T.);
#4185=ADVANCED_FACE('',(#4184),#4178,.T.);
#4186=CARTESIAN_POINT('',(-21.,0.27,-3.7));
#4187=DIRECTION('',(0.,0.,-1.));
#4188=DIRECTION('',(-1.,0.,0.));
#4189=AXIS2_PLACEMENT_3D('',#4186,#4187,#4188);
#4190=CYLINDRICAL_SURFACE('',#4189,1.);
#4191=ORIENTED_EDGE('',*,*,#566,.F.);
#4192=ORIENTED_EDGE('',*,*,#4094,.F.);
#4193=ORIENTED_EDGE('',*,*,#3839,.F.);
#4194=ORIENTED_EDGE('',*,*,#1957,.F.);
#4195=EDGE_LOOP('',(#4191,#4192,#4193,#4194));
#4196=FACE_BOUND('',#4195,.T.);
#4197=ADVANCED_FACE('',(#4196),#4190,.T.);
#4198=CARTESIAN_POINT('',(-27.25,-0.73,-2.100023881));
#4199=DIRECTION('',(0.,1.,0.));
#4200=DIRECTION('',(0.,0.,1.));
#4201=AXIS2_PLACEMENT_3D('',#4198,#4199,#4200);
#4202=PLANE('',#4201);
#4203=CARTESIAN_POINT('',(-27.75,-0.73,-3.150023881));
#4204=DIRECTION('',(-1.,0.,0.));
#4205=VECTOR('',#4204,0.6);
#4206=LINE('',#4203,#4205);
#4207=EDGE_CURVE('',#1016,#1224,#4206,.T.);
#4208=ORIENTED_EDGE('',*,*,#4207,.T.);
#4209=ORIENTED_EDGE('',*,*,#1229,.T.);
#4210=ORIENTED_EDGE('',*,*,#233,.F.);
#4211=ORIENTED_EDGE('',*,*,#1027,.T.);
#4212=EDGE_LOOP('',(#4208,#4209,#4210,#4211));
#4213=FACE_BOUND('',#4212,.T.);
#4214=ADVANCED_FACE('',(#4213),#4202,.T.);
#4215=CARTESIAN_POINT('',(-27.25,-44.115,-3.150023881));
#4216=DIRECTION('',(0.,0.,1.));
#4217=DIRECTION('',(1.,0.,0.));
#4218=AXIS2_PLACEMENT_3D('',#4215,#4216,#4217);
#4219=PLANE('',#4218);
#4220=ORIENTED_EDGE('',*,*,#1045,.T.);
#4221=ORIENTED_EDGE('',*,*,#1947,.F.);
#4222=ORIENTED_EDGE('',*,*,#4207,.F.);
#4223=ORIENTED_EDGE('',*,*,#1021,.F.);
#4224=ORIENTED_EDGE('',*,*,#950,.F.);
#4225=CARTESIAN_POINT('',(27.75,-0.73,-3.150023881));
#4226=VERTEX_POINT('',#4225);
#4227=CARTESIAN_POINT('',(27.75,-0.73,-3.150023881));
#4228=DIRECTION('',(0.,-1.,0.));
#4229=VECTOR('',#4228,85.27);
#4230=LINE('',#4227,#4229);
#4231=EDGE_CURVE('',#4226,#937,#4230,.T.);
#4232=ORIENTED_EDGE('',*,*,#4231,.F.);
#4233=CARTESIAN_POINT('',(27.75,-0.73,-3.150023881));
#4234=DIRECTION('',(1.,0.,-0.));
#4235=VECTOR('',#4234,0.6);
#4236=LINE('',#4233,#4235);
#4237=EDGE_CURVE('',#4226,#967,#4236,.T.);
#4238=ORIENTED_EDGE('',*,*,#4237,.T.);
#4239=ORIENTED_EDGE('',*,*,#974,.T.);
#4240=ORIENTED_EDGE('',*,*,#4076,.T.);
#4241=ORIENTED_EDGE('',*,*,#4054,.T.);
#4242=EDGE_LOOP('',(#4220,#4221,#4222,#4223,#4224,#4232,#4238,#4239,#4240,#4241));
#4243=FACE_BOUND('',#4242,.T.);
#4244=ADVANCED_FACE('',(#4243),#4219,.F.);
#4245=CARTESIAN_POINT('',(27.75,-0.73,-2.100023881));
#4246=DIRECTION('',(0.,-1.,0.));
#4247=DIRECTION('',(0.,-0.,-1.));
#4248=AXIS2_PLACEMENT_3D('',#4245,#4246,#4247);
#4249=PLANE('',#4248);
#4250=ORIENTED_EDGE('',*,*,#1777,.F.);
#4251=ORIENTED_EDGE('',*,*,#4237,.F.);
#4252=CARTESIAN_POINT('',(27.75,-0.73,-0.850023881));
#4253=DIRECTION('',(0.,-0.,-1.));
#4254=VECTOR('',#4253,2.3);
#4255=LINE('',#4252,#4254);
#4256=EDGE_CURVE('',#196,#4226,#4255,.T.);
#4257=ORIENTED_EDGE('',*,*,#4256,.F.);
#4258=ORIENTED_EDGE('',*,*,#201,.T.);
#4259=EDGE_LOOP('',(#4250,#4251,#4257,#4258));
#4260=FACE_BOUND('',#4259,.T.);
#4261=ADVANCED_FACE('',(#4260),#4249,.F.);
#4262=CARTESIAN_POINT('',(27.75,0.,0.));
#4263=DIRECTION('',(-1.,0.,0.));
#4264=DIRECTION('',(0.,-1.,0.));
#4265=AXIS2_PLACEMENT_3D('',#4262,#4263,#4264);
#4266=PLANE('',#4265);
#4267=ORIENTED_EDGE('',*,*,#209,.F.);
#4268=ORIENTED_EDGE('',*,*,#4256,.T.);
#4269=ORIENTED_EDGE('',*,*,#4231,.T.);
#4270=ORIENTED_EDGE('',*,*,#942,.F.);
#4271=EDGE_LOOP('',(#4267,#4268,#4269,#4270));
#4272=FACE_BOUND('',#4271,.T.);
#4273=ADVANCED_FACE('',(#4272),#4266,.T.);
#4274=CARTESIAN_POINT('',(-26.75,-90.13,10.65));
#4275=DIRECTION('',(0.,0.,-1.));
#4276=DIRECTION('',(-1.,0.,0.));
#4277=AXIS2_PLACEMENT_3D('',#4274,#4275,#4276);
#4278=CYLINDRICAL_SURFACE('',#4277,2.);
#4279=CARTESIAN_POINT('',(-28.75,-90.13,-4.35));
#4280=DIRECTION('',(-0.,-0.,1.));
#4281=VECTOR('',#4280,3.499976119);
#4282=LINE('',#4279,#4281);
#4283=EDGE_CURVE('',#539,#339,#4282,.T.);
#4284=ORIENTED_EDGE('',*,*,#4283,.F.);
#4285=ORIENTED_EDGE('',*,*,#545,.T.);
#4286=ORIENTED_EDGE('',*,*,#4283,.T.);
#4287=ORIENTED_EDGE('',*,*,#347,.T.);
#4288=ORIENTED_EDGE('',*,*,#354,.T.);
#4289=EDGE_LOOP('',(#4284,#4285,#4286,#4287,#4288));
#4290=FACE_BOUND('',#4289,.T.);
#4291=ADVANCED_FACE('',(#4290),#4278,.F.);
#4292=CARTESIAN_POINT('',(33.75,0.,0.));
#4293=DIRECTION('',(1.,0.,0.));
#4294=DIRECTION('',(0.,-1.,0.));
#4295=AXIS2_PLACEMENT_3D('',#4292,#4293,#4294);
#4296=PLANE('',#4295);
#4297=ORIENTED_EDGE('',*,*,#675,.F.);
#4298=CARTESIAN_POINT('',(33.75,35.87,-4.35));
#4299=DIRECTION('',(0.,0.,1.));
#4300=VECTOR('',#4299,3.499976119);
#4301=LINE('',#4298,#4300);
#4302=EDGE_CURVE('',#662,#762,#4301,.T.);
#4303=ORIENTED_EDGE('',*,*,#4302,.T.);
#4304=ORIENTED_EDGE('',*,*,#769,.T.);
#4305=ORIENTED_EDGE('',*,*,#3961,.F.);
#4306=ORIENTED_EDGE('',*,*,#2280,.T.);
#4307=ORIENTED_EDGE('',*,*,#2309,.T.);
#4308=ORIENTED_EDGE('',*,*,#2334,.T.);
#4309=ORIENTED_EDGE('',*,*,#2363,.F.);
#4310=ORIENTED_EDGE('',*,*,#2379,.T.);
#4311=ORIENTED_EDGE('',*,*,#2229,.F.);
#4312=ORIENTED_EDGE('',*,*,#2253,.T.);
#4313=ORIENTED_EDGE('',*,*,#3980,.T.);
#4314=ORIENTED_EDGE('',*,*,#1403,.T.);
#4315=ORIENTED_EDGE('',*,*,#3995,.F.);
#4316=ORIENTED_EDGE('',*,*,#2480,.T.);
#4317=ORIENTED_EDGE('',*,*,#2509,.T.);
#4318=ORIENTED_EDGE('',*,*,#2534,.T.);
#4319=ORIENTED_EDGE('',*,*,#2570,.F.);
#4320=ORIENTED_EDGE('',*,*,#2586,.T.);
#4321=ORIENTED_EDGE('',*,*,#2421,.F.);
#4322=ORIENTED_EDGE('',*,*,#2453,.T.);
#4323=ORIENTED_EDGE('',*,*,#4014,.T.);
#4324=ORIENTED_EDGE('',*,*,#161,.T.);
#4325=CARTESIAN_POINT('',(33.75,-4.13,-0.850023881));
#4326=DIRECTION('',(-0.,-0.,-1.));
#4327=VECTOR('',#4326,3.499976119);
#4328=LINE('',#4325,#4327);
#4329=EDGE_CURVE('',#148,#670,#4328,.T.);
#4330=ORIENTED_EDGE('',*,*,#4329,.T.);
#4331=EDGE_LOOP('',(#4297,#4303,#4304,#4305,#4306,#4307,#4308,#4309,#4310,#4311,#4312,#4313,#4314,#4315,#4316,#4317,#4318,#4319,#4320,#4321,#4322,#4323,#4324,#4330));
#4332=FACE_BOUND('',#4331,.T.);
#4333=ADVANCED_FACE('',(#4332),#4296,.T.);
#4334=CARTESIAN_POINT('',(30.75,-7.13,-2.60001194));
#4335=DIRECTION('',(-0.707106781,0.707106781,-0.));
#4336=DIRECTION('',(0.,0.,1.));
#4337=AXIS2_PLACEMENT_3D('',#4334,#4335,#4336);
#4338=PLANE('',#4337);
#4339=ORIENTED_EDGE('',*,*,#681,.F.);
#4340=ORIENTED_EDGE('',*,*,#4329,.F.);
#4341=ORIENTED_EDGE('',*,*,#153,.F.);
#4342=ORIENTED_EDGE('',*,*,#471,.F.);
#4343=EDGE_LOOP('',(#4339,#4340,#4341,#4342));
#4344=FACE_BOUND('',#4343,.T.);
#4345=ADVANCED_FACE('',(#4344),#4338,.F.);
#4346=CARTESIAN_POINT('',(33.75,0.,0.));
#4347=DIRECTION('',(1.,0.,0.));
#4348=DIRECTION('',(0.,-1.,0.));
#4349=AXIS2_PLACEMENT_3D('',#4346,#4347,#4348);
#4350=PLANE('',#4349);
#4351=ORIENTED_EDGE('',*,*,#698,.T.);
#4352=CARTESIAN_POINT('',(33.75,-81.63,-4.35));
#4353=DIRECTION('',(0.,0.,1.));
#4354=VECTOR('',#4353,3.499976119);
#4355=LINE('',#4352,#4354);
#4356=EDGE_CURVE('',#685,#124,#4355,.T.);
#4357=ORIENTED_EDGE('',*,*,#4356,.T.);
#4358=ORIENTED_EDGE('',*,*,#129,.T.);
#4359=ORIENTED_EDGE('',*,*,#923,.F.);
#4360=ORIENTED_EDGE('',*,*,#871,.T.);
#4361=EDGE_LOOP('',(#4351,#4357,#4358,#4359,#4360));
#4362=FACE_BOUND('',#4361,.T.);
#4363=ADVANCED_FACE('',(#4362),#4350,.T.);
#4364=CARTESIAN_POINT('',(33.75,-81.63,0.));
#4365=DIRECTION('',(0.707106781,0.707106781,0.));
#4366=DIRECTION('',(0.,0.,-1.));
#4367=AXIS2_PLACEMENT_3D('',#4364,#4365,#4366);
#4368=PLANE('',#4367);
#4369=ORIENTED_EDGE('',*,*,#690,.F.);
#4370=ORIENTED_EDGE('',*,*,#457,.T.);
#4371=ORIENTED_EDGE('',*,*,#137,.F.);
#4372=ORIENTED_EDGE('',*,*,#4356,.F.);
#4373=EDGE_LOOP('',(#4369,#4370,#4371,#4372));
#4374=FACE_BOUND('',#4373,.T.);
#4375=ADVANCED_FACE('',(#4374),#4368,.T.);
#4376=CARTESIAN_POINT('',(0.836478453,-1.864946902,-0.85));
#4377=DIRECTION('',(0.,0.,-1.));
#4378=DIRECTION('',(-1.,0.,0.));
#4379=AXIS2_PLACEMENT_3D('',#4376,#4377,#4378);
#4380=PLANE('',#4379);
#4381=ORIENTED_EDGE('',*,*,#334,.T.);
#4382=CARTESIAN_POINT('',(27.75,-90.13,-0.85));
#4383=VERTEX_POINT('',#4382);
#4384=CARTESIAN_POINT('',(29.75,-90.13,-0.85));
#4385=DIRECTION('',(0.,0.,-1.));
#4386=DIRECTION('',(-1.,0.,0.));
#4387=AXIS2_PLACEMENT_3D('',#4384,#4385,#4386);
#4388=CIRCLE('',#4387,2.);
#4389=EDGE_CURVE('',#284,#4383,#4388,.T.);
#4390=ORIENTED_EDGE('',*,*,#4389,.T.);
#4391=CARTESIAN_POINT('',(29.75,-90.13,-0.85));
#4392=DIRECTION('',(0.,0.,-1.));
#4393=DIRECTION('',(-1.,0.,0.));
#4394=AXIS2_PLACEMENT_3D('',#4391,#4392,#4393);
#4395=CIRCLE('',#4394,2.);
#4396=EDGE_CURVE('',#4383,#91,#4395,.T.);
#4397=ORIENTED_EDGE('',*,*,#4396,.T.);
#4398=EDGE_LOOP('',(#4381,#4390,#4397));
#4399=FACE_BOUND('',#4398,.T.);
#4400=ADVANCED_FACE('',(#4399),#4380,.F.);
#4401=OVER_RIDING_STYLED_ITEM('',(#723),#4400,#82);
#4402=CARTESIAN_POINT('',(33.75,35.87,0.));
#4403=DIRECTION('',(-0.707106781,-0.707106781,0.));
#4404=DIRECTION('',(0.,0.,1.));
#4405=AXIS2_PLACEMENT_3D('',#4402,#4403,#4404);
#4406=PLANE('',#4405);
#4407=ORIENTED_EDGE('',*,*,#667,.F.);
#4408=ORIENTED_EDGE('',*,*,#744,.F.);
#4409=ORIENTED_EDGE('',*,*,#775,.F.);
#4410=ORIENTED_EDGE('',*,*,#4302,.F.);
#4411=EDGE_LOOP('',(#4407,#4408,#4409,#4410));
#4412=FACE_BOUND('',#4411,.T.);
#4413=ADVANCED_FACE('',(#4412),#4406,.F.);
#4414=OVER_RIDING_STYLED_ITEM('',(#723),#4413,#82);
#4415=CARTESIAN_POINT('',(0.923480473,-2.233875903,-0.85));
#4416=DIRECTION('',(0.,0.,-1.));
#4417=DIRECTION('',(-1.,0.,0.));
#4418=AXIS2_PLACEMENT_3D('',#4415,#4416,#4417);
#4419=PLANE('',#4418);
#4420=ORIENTED_EDGE('',*,*,#391,.F.);
#4421=CARTESIAN_POINT('',(-10.5,-90.13,-0.85));
#4422=VERTEX_POINT('',#4421);
#4423=CARTESIAN_POINT('',(-8.5,-90.13,-0.85));
#4424=DIRECTION('',(0.,0.,-1.));
#4425=DIRECTION('',(-1.,0.,0.));
#4426=AXIS2_PLACEMENT_3D('',#4423,#4424,#4425);
#4427=CIRCLE('',#4426,2.);
#4428=EDGE_CURVE('',#378,#4422,#4427,.T.);
#4429=ORIENTED_EDGE('',*,*,#4428,.T.);
#4430=CARTESIAN_POINT('',(-8.5,-90.13,-0.85));
#4431=DIRECTION('',(0.,0.,-1.));
#4432=DIRECTION('',(-1.,0.,0.));
#4433=AXIS2_PLACEMENT_3D('',#4430,#4431,#4432);
#4434=CIRCLE('',#4433,2.);
#4435=EDGE_CURVE('',#4422,#359,#4434,.T.);
#4436=ORIENTED_EDGE('',*,*,#4435,.T.);
#4437=ORIENTED_EDGE('',*,*,#441,.F.);
#4438=ORIENTED_EDGE('',*,*,#435,.F.);
#4439=ORIENTED_EDGE('',*,*,#413,.F.);
#4440=EDGE_LOOP('',(#4420,#4429,#4436,#4437,#4438,#4439));
#4441=FACE_BOUND('',#4440,.T.);
#4442=ADVANCED_FACE('',(#4441),#4419,.F.);
#4443=OVER_RIDING_STYLED_ITEM('',(#723),#4442,#82);
#4444=CARTESIAN_POINT('',(-8.5,-90.13,0.15));
#4445=DIRECTION('',(0.,0.,-1.));
#4446=DIRECTION('',(-1.,0.,0.));
#4447=AXIS2_PLACEMENT_3D('',#4444,#4445,#4446);
#4448=CYLINDRICAL_SURFACE('',#4447,2.);
#4449=CARTESIAN_POINT('',(-10.5,-90.13,-4.35));
#4450=DIRECTION('',(-0.,-0.,1.));
#4451=VECTOR('',#4450,3.5);
#4452=LINE('',#4449,#4451);
#4453=EDGE_CURVE('',#494,#4422,#4452,.T.);
#4454=ORIENTED_EDGE('',*,*,#4453,.F.);
#4455=ORIENTED_EDGE('',*,*,#502,.T.);
#4456=CARTESIAN_POINT('',(-8.5,-88.13,-0.85001194));
#4457=DIRECTION('',(0.,0.,-1.));
#4458=VECTOR('',#4457,3.49998806);
#4459=LINE('',#4456,#4458);
#4460=EDGE_CURVE('',#359,#496,#4459,.T.);
#4461=ORIENTED_EDGE('',*,*,#4460,.F.);
#4462=ORIENTED_EDGE('',*,*,#4435,.F.);
#4463=EDGE_LOOP('',(#4454,#4455,#4461,#4462));
#4464=FACE_BOUND('',#4463,.T.);
#4465=ADVANCED_FACE('',(#4464),#4448,.F.);
#4466=OVER_RIDING_STYLED_ITEM('',(#723),#4465,#82);
#4467=CARTESIAN_POINT('',(6.5,-88.13,0.15));
#4468=DIRECTION('',(-0.,-1.,0.));
#4469=DIRECTION('',(1.,-0.,0.));
#4470=AXIS2_PLACEMENT_3D('',#4467,#4468,#4469);
#4471=PLANE('',#4470);
#4472=ORIENTED_EDGE('',*,*,#366,.F.);
#4473=ORIENTED_EDGE('',*,*,#4460,.T.);
#4474=ORIENTED_EDGE('',*,*,#534,.F.);
#4475=CARTESIAN_POINT('',(11.5,-88.13,-0.850023881));
#4476=DIRECTION('',(0.,0.,-1.));
#4477=VECTOR('',#4476,3.499976119);
#4478=LINE('',#4475,#4477);
#4479=EDGE_CURVE('',#361,#522,#4478,.T.);
#4480=ORIENTED_EDGE('',*,*,#4479,.F.);
#4481=EDGE_LOOP('',(#4472,#4473,#4474,#4480));
#4482=FACE_BOUND('',#4481,.T.);
#4483=ADVANCED_FACE('',(#4482),#4471,.T.);
#4484=OVER_RIDING_STYLED_ITEM('',(#723),#4483,#82);
#4485=CARTESIAN_POINT('',(11.5,-90.13,0.15));
#4486=DIRECTION('',(0.,0.,-1.));
#4487=DIRECTION('',(-1.,0.,0.));
#4488=AXIS2_PLACEMENT_3D('',#4485,#4486,#4487);
#4489=CYLINDRICAL_SURFACE('',#4488,2.);
#4490=ORIENTED_EDGE('',*,*,#375,.T.);
#4491=ORIENTED_EDGE('',*,*,#4479,.T.);
#4492=ORIENTED_EDGE('',*,*,#528,.T.);
#4493=CARTESIAN_POINT('',(11.5,-92.13,-0.850023881));
#4494=DIRECTION('',(0.,0.,-1.));
#4495=VECTOR('',#4494,3.499976119);
#4496=LINE('',#4493,#4495);
#4497=EDGE_CURVE('',#369,#514,#4496,.T.);
#4498=ORIENTED_EDGE('',*,*,#4497,.F.);
#4499=EDGE_LOOP('',(#4490,#4491,#4492,#4498));
#4500=FACE_BOUND('',#4499,.T.);
#4501=ADVANCED_FACE('',(#4500),#4489,.F.);
#4502=OVER_RIDING_STYLED_ITEM('',(#723),#4501,#82);
#4503=CARTESIAN_POINT('',(-3.5,-92.13,0.15));
#4504=DIRECTION('',(0.,1.,0.));
#4505=DIRECTION('',(0.,0.,1.));
#4506=AXIS2_PLACEMENT_3D('',#4503,#4504,#4505);
#4507=PLANE('',#4506);
#4508=ORIENTED_EDGE('',*,*,#4497,.T.);
#4509=ORIENTED_EDGE('',*,*,#519,.F.);
#4510=CARTESIAN_POINT('',(-8.5,-92.13,-0.85001194));
#4511=DIRECTION('',(0.,0.,-1.));
#4512=VECTOR('',#4511,3.49998806);
#4513=LINE('',#4510,#4512);
#4514=EDGE_CURVE('',#378,#505,#4513,.T.);
#4515=ORIENTED_EDGE('',*,*,#4514,.F.);
#4516=ORIENTED_EDGE('',*,*,#383,.F.);
#4517=EDGE_LOOP('',(#4508,#4509,#4515,#4516));
#4518=FACE_BOUND('',#4517,.T.);
#4519=ADVANCED_FACE('',(#4518),#4507,.T.);
#4520=OVER_RIDING_STYLED_ITEM('',(#723),#4519,#82);
#4521=CARTESIAN_POINT('',(29.75,-90.13,5.65));
#4522=DIRECTION('',(0.,0.,-1.));
#4523=DIRECTION('',(-1.,0.,0.));
#4524=AXIS2_PLACEMENT_3D('',#4521,#4522,#4523);
#4525=CYLINDRICAL_SURFACE('',#4524,2.);
#4526=CARTESIAN_POINT('',(27.75,-90.13,-4.35));
#4527=DIRECTION('',(-0.,-0.,1.));
#4528=VECTOR('',#4527,3.5);
#4529=LINE('',#4526,#4528);
#4530=EDGE_CURVE('',#483,#4383,#4529,.T.);
#4531=ORIENTED_EDGE('',*,*,#4530,.F.);
#4532=ORIENTED_EDGE('',*,*,#489,.T.);
#4533=ORIENTED_EDGE('',*,*,#4530,.T.);
#4534=ORIENTED_EDGE('',*,*,#4389,.F.);
#4535=ORIENTED_EDGE('',*,*,#290,.T.);
#4536=ORIENTED_EDGE('',*,*,#915,.F.);
#4537=ORIENTED_EDGE('',*,*,#97,.T.);
#4538=ORIENTED_EDGE('',*,*,#4396,.F.);
#4539=EDGE_LOOP('',(#4531,#4532,#4533,#4534,#4535,#4536,#4537,#4538));
#4540=FACE_BOUND('',#4539,.T.);
#4541=ADVANCED_FACE('',(#4540),#4525,.F.);
#4542=OVER_RIDING_STYLED_ITEM('',(#723),#4541,#82);
#4543=CARTESIAN_POINT('',(-8.5,-90.13,0.15));
#4544=DIRECTION('',(0.,0.,-1.));
#4545=DIRECTION('',(-1.,0.,0.));
#4546=AXIS2_PLACEMENT_3D('',#4543,#4544,#4545);
#4547=CYLINDRICAL_SURFACE('',#4546,2.);
#4548=ORIENTED_EDGE('',*,*,#4453,.T.);
#4549=ORIENTED_EDGE('',*,*,#4428,.F.);
#4550=ORIENTED_EDGE('',*,*,#4514,.T.);
#4551=ORIENTED_EDGE('',*,*,#511,.T.);
#4552=EDGE_LOOP('',(#4548,#4549,#4550,#4551));
#4553=FACE_BOUND('',#4552,.T.);
#4554=ADVANCED_FACE('',(#4553),#4547,.F.);
#4555=OVER_RIDING_STYLED_ITEM('',(#723),#4554,#82);
#4556=CLOSED_SHELL('',(#445,#476,#716,#755,#858,#888,#903,#929,#960,#1007,#1031,#1062,#1093,#1133,#1342,#1373,#1445,#1502,#1559,#1606,#1663,#1687,#1704,#1728,#1804,#1828,
#1845,#1862,#1886,#1936,#1967,#1991,#2022,#2202,#2233,#2258,#2290,#2314,#2339,#2367,#2385,#2425,#2458,#2490,#2514,#2539,#2574,#2598,#2629,#2654,#2676,
#2693,#2710,#2738,#2756,#2773,#2815,#2845,#2871,#2890,#2932,#2962,#2997,#3007,#3049,#3079,#3105,#3124,#3166,#3196,#3222,#3241,#3272,#3303,#3325,#3337,
#3359,#3377,#3400,#3417,#3435,#3452,#3465,#3505,#3536,#3567,#3614,#3645,#3684,#3722,#3737,#3754,#3771,#3785,#3805,#3825,#3926,#3938,#3950,#3967,#3984,
#4001,#4018,#4030,#4042,#4066,#4083,#4105,#4127,#4149,#4161,#4173,#4185,#4197,#4214,#4244,#4261,#4273,#4291,#4333,#4345,#4363,#4375,#4400,#4413,#4442,
#4465,#4483,#4501,#4519,#4541,#4554));
#4557=MANIFOLD_SOLID_BREP('\X2\5B9E4F53\X0\  315',#4556);
#4558=DRAUGHTING_PRE_DEFINED_COLOUR('white');
#4559=FILL_AREA_STYLE_COLOUR('',#4558);
#4560=FILL_AREA_STYLE('',(#4559));
#4561=SURFACE_STYLE_FILL_AREA(#4560);
#4562=SURFACE_SIDE_STYLE('',(#4561));
#4563=SURFACE_STYLE_USAGE(.BOTH.,#4562);
#4564=PRESENTATION_STYLE_ASSIGNMENT((#4563));
#82=STYLED_ITEM('',(#4564),#4557);
#63=SHAPE_REPRESENTATION('\X2\591658F3\X0\',(#15),#61);
#64=ADVANCED_BREP_SHAPE_REPRESENTATION('\X2\591658F3\X0\',(#4557),#61);
#4572=SHAPE_REPRESENTATION_RELATIONSHIP('','',#63,#64);
#4573=CARTESIAN_POINT('',(0.,0.,0.));
#4574=DIRECTION('',(0.,0.,1.));
#4575=DIRECTION('',(1.,0.,0.));
#4576=AXIS2_PLACEMENT_3D('',#4573,#4574,#4575);
#4578=MAPPED_ITEM('',#4577,#4576);
#4577=REPRESENTATION_MAP(#4576,#63);
#4579=APPLICATION_CONTEXT('Managed model based 3d engineering');
#4580=APPLICATION_PROTOCOL_DEFINITION('international standard','ap242_managed_model_based_3d_engineering',2014,#4579);
#4581=PRODUCT_CONTEXT('',#4579,'mechanical');
#4582=PRODUCT_DEFINITION_CONTEXT('part definition',#4579,'design');
#71=PRODUCT('\X2\591658F3\X0\','\X2\591658F3\X0\','',(#4581));
#4583=PRODUCT_RELATED_PRODUCT_CATEGORY('part','',(#71));
#4584=PRODUCT_DEFINITION_FORMATION_WITH_SPECIFIED_SOURCE('','',#71,.NOT_KNOWN.);
#72=PRODUCT_DEFINITION('design','',#4584,#4582);
#70=PRODUCT_DEFINITION_SHAPE('','',#72);
#4585=SHAPE_DEFINITION_REPRESENTATION(#70,#63);
#62=DRAUGHTING_MODEL('',(#4578),#61);
#35=SHAPE_REPRESENTATION('FrameFilmPro \X2\FF085DF25BFC5165FF09\X0\',(#15,#76),#33);
#4586=CARTESIAN_POINT('',(0.,0.,0.));
#4587=DIRECTION('',(0.,0.,1.));
#4588=DIRECTION('',(1.,0.,0.));
#4589=AXIS2_PLACEMENT_3D('',#4586,#4587,#4588);
#4591=MAPPED_ITEM('',#4590,#4589);
#4590=REPRESENTATION_MAP(#4589,#35);
#43=PRODUCT('FrameFilmPro \X2\FF085DF25BFC5165FF09\X0\','FrameFilmPro \X2\FF085DF25BFC5165FF09\X0\','',(#4581));
#4592=PRODUCT_RELATED_PRODUCT_CATEGORY('part','',(#43));
#4593=PRODUCT_DEFINITION_FORMATION_WITH_SPECIFIED_SOURCE('','',#43,.NOT_KNOWN.);
#44=PRODUCT_DEFINITION('design','',#4593,#4582);
#42=PRODUCT_DEFINITION_SHAPE('','',#44);
#4594=SHAPE_DEFINITION_REPRESENTATION(#42,#35);
#34=DRAUGHTING_MODEL('',(#4591),#33);
#16=SHAPE_REPRESENTATION('root',(#15,#48),#10);
#4595=CARTESIAN_POINT('',(0.,0.,0.));
#4596=DIRECTION('',(0.,0.,1.));
#4597=DIRECTION('',(1.,0.,0.));
#4598=AXIS2_PLACEMENT_3D('',#4595,#4596,#4597);
#4600=MAPPED_ITEM('',#4599,#4598);
#4599=REPRESENTATION_MAP(#4598,#16);
#24=PRODUCT('root','root','',(#4581));
#4601=PRODUCT_RELATED_PRODUCT_CATEGORY('part','',(#24));
#4602=PRODUCT_DEFINITION_FORMATION_WITH_SPECIFIED_SOURCE('','',#24,.NOT_KNOWN.);
#25=PRODUCT_DEFINITION('design','',#4602,#4582);
#23=PRODUCT_DEFINITION_SHAPE('','',#25);
#4603=SHAPE_DEFINITION_REPRESENTATION(#23,#16);
#11=DRAUGHTING_MODEL('',(#4600),#10);
#4604=DESCRIPTIVE_REPRESENTATION_ITEM('KEY','/private/var/mobile/Containers/Data/Application/4BAA6A96-AB08-4434-80E5-6C712A65BC40/tmp/AA2DFAC6-A370-4760-BC50-CC2213580759.tmp');
#4605=PROPERTY_DEFINITION('KEY','',#25);
#4606=REPRESENTATION('',(#4604),#10);
#4607=PROPERTY_DEFINITION_REPRESENTATION(#4605,#4606);
#4608=GENERAL_PROPERTY('','KEY','');
#4609=GENERAL_PROPERTY_ASSOCIATION('','',#4608,#4605);
#1=MECHANICAL_DESIGN_GEOMETRIC_PRESENTATION_REPRESENTATION('',(#724,#4401,#4414,#4443,#4466,#4484,#4502,#4520,#4542,#4555,#82),#10);
ENDSEC;
END-ISO-10303-21;
