ISO-10303-21;
HEADER;

/* File generated by Shapr3D Version 26.82.0.10943 */

FILE_DESCRIPTION(('HOOPS Exchange Step'),'2;1');

FILE_NAME('/private/var/mobile/Containers/Data/Application/4BAA6A96-AB08-4434-80E5-6C712A65BC40/tmp/export/temp_export',
'2026-09-03T20:21:58+08:00',
('mobile'),
('Shapr3D Limited'),
'HOOPS Exchange 2026.3',
'Shapr3D',
'Authorized');

FILE_SCHEMA( ('AP242_MANAGED_MODEL_BASED_3D_ENGINEERING_MIM_LF {1 0 10303 442 1 1 4}') );

ENDSEC;

DATA;
#3=(NAMED_UNIT(*)PLANE_ANGLE_UNIT()SI_UNIT($,.RADIAN.));
#4=PLANE_ANGLE_MEASURE_WITH_UNIT(PLANE_ANGLE_MEASURE(0.0174532925),#3);
#5=(CONVERSION_BASED_UNIT('DEGREE',#4)NAMED_UNIT(#6)PLANE_ANGLE_UNIT());
#6=DIMENSIONAL_EXPONENTS(0.,0.,0.,0.,0.,0.,0.);
#7=(NAMED_UNIT(*)SI_UNIT($,.STERADIAN.)SOLID_ANGLE_UNIT());
#8=(LENGTH_UNIT()NAMED_UNIT(*)SI_UNIT(.MILLI.,.METRE.));
#9=UNCERTAINTY_MEASURE_WITH_UNIT(LENGTH_MEASURE(1.000000E-03),#8,'DISTANCE_ACCURACY_VALUE','Maximum Tolerance applied to model');
#10=(GEOMETRIC_REPRESENTATION_CONTEXT(3)GLOBAL_UNCERTAINTY_ASSIGNED_CONTEXT((#9))GLOBAL_UNIT_ASSIGNED_CONTEXT((#8,#5,#7))REPRESENTATION_CONTEXT('','root'));
#12=CARTESIAN_POINT('',(0.,0.,0.));
#13=DIRECTION('',(0.,0.,1.));
#14=DIRECTION('',(1.,0.,0.));
#15=AXIS2_PLACEMENT_3D('',#12,#13,#14);
#26=(NAMED_UNIT(*)PLANE_ANGLE_UNIT()SI_UNIT($,.RADIAN.));
#27=PLANE_ANGLE_MEASURE_WITH_UNIT(PLANE_ANGLE_MEASURE(0.0174532925),#26);
#28=(CONVERSION_BASED_UNIT('DEGREE',#27)NAMED_UNIT(#29)PLANE_ANGLE_UNIT());
#29=DIMENSIONAL_EXPONENTS(0.,0.,0.,0.,0.,0.,0.);
#30=(NAMED_UNIT(*)SI_UNIT($,.STERADIAN.)SOLID_ANGLE_UNIT());
#31=(LENGTH_UNIT()NAMED_UNIT(*)SI_UNIT(.MILLI.,.METRE.));
#32=UNCERTAINTY_MEASURE_WITH_UNIT(LENGTH_MEASURE(1.000000E-05),#31,'DISTANCE_ACCURACY_VALUE','Maximum Tolerance applied to model');
#33=(GEOMETRIC_REPRESENTATION_CONTEXT(3)GLOBAL_UNCERTAINTY_ASSIGNED_CONTEXT((#32))GLOBAL_UNIT_ASSIGNED_CONTEXT((#31,#28,#30))REPRESENTATION_CONTEXT('','dock-\X2\51857F6E\X0\usb3 \X2\501289D2\X0\'));
#45=CARTESIAN_POINT('',(0.,0.,0.));
#46=DIRECTION('',(0.,0.,1.));
#47=DIRECTION('',(1.,0.,-0.));
#48=AXIS2_PLACEMENT_3D('',#45,#46,#47);
#49=ITEM_DEFINED_TRANSFORMATION('','',#48,#15);
#50=(REPRESENTATION_RELATIONSHIP('','',#35,#16)REPRESENTATION_RELATIONSHIP_WITH_TRANSFORMATION(#49)SHAPE_REPRESENTATION_RELATIONSHIP());
#51=NEXT_ASSEMBLY_USAGE_OCCURRENCE('dock-\X2\51857F6E\X0\usb3 \X2\501289D2\X0\_1','dock-\X2\51857F6E\X0\usb3 \X2\501289D2\X0\','dock-\X2\51857F6E\X0\usb3 \X2\501289D2\X0\',#25,#44,$);
#52=PRODUCT_DEFINITION_SHAPE('','',#51);
#53=CONTEXT_DEPENDENT_SHAPE_REPRESENTATION(#50,#52);
#55=CARTESIAN_POINT('',(-42.5,-5.999656118,-27.395307911));
#56=DIRECTION('',(-0.,0.,1.));
#57=DIRECTION('',(1.,0.,0.));
#58=AXIS2_PLACEMENT_3D('',#55,#56,#57);
#59=CYLINDRICAL_SURFACE('',#58,1.);
#60=CARTESIAN_POINT('',(-41.5,-5.999656118,-17.095307911));
#61=VERTEX_POINT('',#60);
#62=CARTESIAN_POINT('',(-41.5,-5.999656118,-20.595307911));
#63=VERTEX_POINT('',#62);
#64=CARTESIAN_POINT('',(-41.5,-5.999656118,-17.095307911));
#65=DIRECTION('',(0.,-0.,-1.));
#66=VECTOR('',#65,3.5);
#67=LINE('',#64,#66);
#68=EDGE_CURVE('',#61,#63,#67,.T.);
#69=ORIENTED_EDGE('',*,*,#68,.F.);
#70=CARTESIAN_POINT('',(-43.5,-5.999656118,-17.095307911));
#71=VERTEX_POINT('',#70);
#72=CARTESIAN_POINT('',(-42.5,-5.999656118,-17.095307911));
#73=DIRECTION('',(0.,0.,-1.));
#74=DIRECTION('',(-1.,0.,-0.));
#75=AXIS2_PLACEMENT_3D('',#72,#73,#74);
#76=CIRCLE('',#75,1.);
#77=EDGE_CURVE('',#71,#61,#76,.T.);
#78=ORIENTED_EDGE('',*,*,#77,.F.);
#79=CARTESIAN_POINT('',(-42.5,-5.999656118,-17.095307911));
#80=DIRECTION('',(0.,0.,-1.));
#81=DIRECTION('',(-1.,0.,-0.));
#82=AXIS2_PLACEMENT_3D('',#79,#80,#81);
#83=CIRCLE('',#82,1.);
#84=EDGE_CURVE('',#61,#71,#83,.T.);
#85=ORIENTED_EDGE('',*,*,#84,.F.);
#86=ORIENTED_EDGE('',*,*,#68,.T.);
#87=CARTESIAN_POINT('',(-43.5,-5.999656118,-20.595307911));
#88=VERTEX_POINT('',#87);
#89=CARTESIAN_POINT('',(-42.5,-5.999656118,-20.595307911));
#90=DIRECTION('',(0.,0.,-1.));
#91=DIRECTION('',(-1.,0.,-0.));
#92=AXIS2_PLACEMENT_3D('',#89,#90,#91);
#93=CIRCLE('',#92,1.);
#94=EDGE_CURVE('',#63,#88,#93,.T.);
#95=ORIENTED_EDGE('',*,*,#94,.T.);
#96=CARTESIAN_POINT('',(-42.5,-5.999656118,-20.595307911));
#97=DIRECTION('',(0.,0.,-1.));
#98=DIRECTION('',(-1.,0.,-0.));
#99=AXIS2_PLACEMENT_3D('',#96,#97,#98);
#100=CIRCLE('',#99,1.);
#101=EDGE_CURVE('',#88,#63,#100,.T.);
#102=ORIENTED_EDGE('',*,*,#101,.T.);
#103=EDGE_LOOP('',(#69,#78,#85,#86,#95,#102));
#104=FACE_BOUND('',#103,.T.);
#105=ADVANCED_FACE('',(#104),#59,.F.);
#106=CARTESIAN_POINT('',(-77.5,-5.999656118,-27.095307911));
#107=DIRECTION('',(-0.,0.,1.));
#108=DIRECTION('',(1.,0.,0.));
#109=AXIS2_PLACEMENT_3D('',#106,#107,#108);
#110=CYLINDRICAL_SURFACE('',#109,1.);
#111=CARTESIAN_POINT('',(-76.5,-5.999656118,-17.095307911));
#112=VERTEX_POINT('',#111);
#113=CARTESIAN_POINT('',(-76.5,-5.999656118,-20.595307911));
#114=VERTEX_POINT('',#113);
#115=CARTESIAN_POINT('',(-76.5,-5.999656118,-17.095307911));
#116=DIRECTION('',(0.,-0.,-1.));
#117=VECTOR('',#116,3.5);
#118=LINE('',#115,#117);
#119=EDGE_CURVE('',#112,#114,#118,.T.);
#120=ORIENTED_EDGE('',*,*,#119,.F.);
#121=CARTESIAN_POINT('',(-78.5,-5.999656118,-17.095307911));
#122=VERTEX_POINT('',#121);
#123=CARTESIAN_POINT('',(-77.5,-5.999656118,-17.095307911));
#124=DIRECTION('',(0.,0.,-1.));
#125=DIRECTION('',(-1.,0.,-0.));
#126=AXIS2_PLACEMENT_3D('',#123,#124,#125);
#127=CIRCLE('',#126,1.);
#128=EDGE_CURVE('',#122,#112,#127,.T.);
#129=ORIENTED_EDGE('',*,*,#128,.F.);
#130=CARTESIAN_POINT('',(-77.5,-5.999656118,-17.095307911));
#131=DIRECTION('',(0.,0.,-1.));
#132=DIRECTION('',(-1.,0.,-0.));
#133=AXIS2_PLACEMENT_3D('',#130,#131,#132);
#134=CIRCLE('',#133,1.);
#135=EDGE_CURVE('',#112,#122,#134,.T.);
#136=ORIENTED_EDGE('',*,*,#135,.F.);
#137=ORIENTED_EDGE('',*,*,#119,.T.);
#138=CARTESIAN_POINT('',(-78.5,-5.999656118,-20.595307911));
#139=VERTEX_POINT('',#138);
#140=CARTESIAN_POINT('',(-77.5,-5.999656118,-20.595307911));
#141=DIRECTION('',(0.,0.,-1.));
#142=DIRECTION('',(-1.,0.,-0.));
#143=AXIS2_PLACEMENT_3D('',#140,#141,#142);
#144=CIRCLE('',#143,1.);
#145=EDGE_CURVE('',#114,#139,#144,.T.);
#146=ORIENTED_EDGE('',*,*,#145,.T.);
#147=CARTESIAN_POINT('',(-77.5,-5.999656118,-20.595307911));
#148=DIRECTION('',(0.,0.,-1.));
#149=DIRECTION('',(-1.,0.,-0.));
#150=AXIS2_PLACEMENT_3D('',#147,#148,#149);
#151=CIRCLE('',#150,1.);
#152=EDGE_CURVE('',#139,#114,#151,.T.);
#153=ORIENTED_EDGE('',*,*,#152,.T.);
#154=EDGE_LOOP('',(#120,#129,#136,#137,#146,#153));
#155=FACE_BOUND('',#154,.T.);
#156=ADVANCED_FACE('',(#155),#110,.F.);
#157=CARTESIAN_POINT('',(-71.008180602,23.841846414,-27.995307911));
#158=DIRECTION('',(-0.,0.,1.));
#159=DIRECTION('',(1.,0.,0.));
#160=AXIS2_PLACEMENT_3D('',#157,#158,#159);
#161=CYLINDRICAL_SURFACE('',#160,1.);
#162=CARTESIAN_POINT('',(-70.008180602,23.841846414,-17.095307911));
#163=VERTEX_POINT('',#162);
#164=CARTESIAN_POINT('',(-70.008180602,23.841846414,-20.595307911));
#165=VERTEX_POINT('',#164);
#166=CARTESIAN_POINT('',(-70.008180602,23.841846414,-17.095307911));
#167=DIRECTION('',(0.,-0.,-1.));
#168=VECTOR('',#167,3.5);
#169=LINE('',#166,#168);
#170=EDGE_CURVE('',#163,#165,#169,.T.);
#171=ORIENTED_EDGE('',*,*,#170,.F.);
#172=CARTESIAN_POINT('',(-72.008180602,23.841846414,-17.095307911));
#173=VERTEX_POINT('',#172);
#174=CARTESIAN_POINT('',(-71.008180602,23.841846414,-17.095307911));
#175=DIRECTION('',(0.,0.,-1.));
#176=DIRECTION('',(-1.,0.,-0.));
#177=AXIS2_PLACEMENT_3D('',#174,#175,#176);
#178=CIRCLE('',#177,1.);
#179=EDGE_CURVE('',#173,#163,#178,.T.);
#180=ORIENTED_EDGE('',*,*,#179,.F.);
#181=CARTESIAN_POINT('',(-71.008180602,23.841846414,-17.095307911));
#182=DIRECTION('',(0.,0.,-1.));
#183=DIRECTION('',(-1.,0.,-0.));
#184=AXIS2_PLACEMENT_3D('',#181,#182,#183);
#185=CIRCLE('',#184,1.);
#186=EDGE_CURVE('',#163,#173,#185,.T.);
#187=ORIENTED_EDGE('',*,*,#186,.F.);
#188=ORIENTED_EDGE('',*,*,#170,.T.);
#189=CARTESIAN_POINT('',(-72.008180602,23.841846414,-20.595307911));
#190=VERTEX_POINT('',#189);
#191=CARTESIAN_POINT('',(-71.008180602,23.841846414,-20.595307911));
#192=DIRECTION('',(0.,0.,-1.));
#193=DIRECTION('',(-1.,0.,-0.));
#194=AXIS2_PLACEMENT_3D('',#191,#192,#193);
#195=CIRCLE('',#194,1.);
#196=EDGE_CURVE('',#165,#190,#195,.T.);
#197=ORIENTED_EDGE('',*,*,#196,.T.);
#198=CARTESIAN_POINT('',(-71.008180602,23.841846414,-20.595307911));
#199=DIRECTION('',(0.,0.,-1.));
#200=DIRECTION('',(-1.,0.,-0.));
#201=AXIS2_PLACEMENT_3D('',#198,#199,#200);
#202=CIRCLE('',#201,1.);
#203=EDGE_CURVE('',#190,#165,#202,.T.);
#204=ORIENTED_EDGE('',*,*,#203,.T.);
#205=EDGE_LOOP('',(#171,#180,#187,#188,#197,#204));
#206=FACE_BOUND('',#205,.T.);
#207=ADVANCED_FACE('',(#206),#161,.F.);
#208=CARTESIAN_POINT('',(-49.008180602,23.841846414,-21.595307911));
#209=DIRECTION('',(-0.,0.,1.));
#210=DIRECTION('',(1.,0.,0.));
#211=AXIS2_PLACEMENT_3D('',#208,#209,#210);
#212=CYLINDRICAL_SURFACE('',#211,1.);
#213=CARTESIAN_POINT('',(-48.008180602,23.841846414,-17.095307911));
#214=VERTEX_POINT('',#213);
#215=CARTESIAN_POINT('',(-48.008180602,23.841846414,-20.595307911));
#216=VERTEX_POINT('',#215);
#217=CARTESIAN_POINT('',(-48.008180602,23.841846414,-17.095307911));
#218=DIRECTION('',(0.,-0.,-1.));
#219=VECTOR('',#218,3.5);
#220=LINE('',#217,#219);
#221=EDGE_CURVE('',#214,#216,#220,.T.);
#222=ORIENTED_EDGE('',*,*,#221,.F.);
#223=CARTESIAN_POINT('',(-50.008180602,23.841846414,-17.095307911));
#224=VERTEX_POINT('',#223);
#225=CARTESIAN_POINT('',(-49.008180602,23.841846414,-17.095307911));
#226=DIRECTION('',(0.,0.,-1.));
#227=DIRECTION('',(-1.,0.,-0.));
#228=AXIS2_PLACEMENT_3D('',#225,#226,#227);
#229=CIRCLE('',#228,1.);
#230=EDGE_CURVE('',#224,#214,#229,.T.);
#231=ORIENTED_EDGE('',*,*,#230,.F.);
#232=CARTESIAN_POINT('',(-49.008180602,23.841846414,-17.095307911));
#233=DIRECTION('',(0.,0.,-1.));
#234=DIRECTION('',(-1.,0.,-0.));
#235=AXIS2_PLACEMENT_3D('',#232,#233,#234);
#236=CIRCLE('',#235,1.);
#237=EDGE_CURVE('',#214,#224,#236,.T.);
#238=ORIENTED_EDGE('',*,*,#237,.F.);
#239=ORIENTED_EDGE('',*,*,#221,.T.);
#240=CARTESIAN_POINT('',(-50.008180602,23.841846414,-20.595307911));
#241=VERTEX_POINT('',#240);
#242=CARTESIAN_POINT('',(-49.008180602,23.841846414,-20.595307911));
#243=DIRECTION('',(0.,0.,-1.));
#244=DIRECTION('',(-1.,0.,-0.));
#245=AXIS2_PLACEMENT_3D('',#242,#243,#244);
#246=CIRCLE('',#245,1.);
#247=EDGE_CURVE('',#216,#241,#246,.T.);
#248=ORIENTED_EDGE('',*,*,#247,.T.);
#249=CARTESIAN_POINT('',(-49.008180602,23.841846414,-20.595307911));
#250=DIRECTION('',(0.,0.,-1.));
#251=DIRECTION('',(-1.,0.,-0.));
#252=AXIS2_PLACEMENT_3D('',#249,#250,#251);
#253=CIRCLE('',#252,1.);
#254=EDGE_CURVE('',#241,#216,#253,.T.);
#255=ORIENTED_EDGE('',*,*,#254,.T.);
#256=EDGE_LOOP('',(#222,#231,#238,#239,#248,#255));
#257=FACE_BOUND('',#256,.T.);
#258=ADVANCED_FACE('',(#257),#212,.F.);
#259=CARTESIAN_POINT('',(-59.694190172,5.412031621,-22.095307911));
#260=DIRECTION('',(0.,0.,-1.));
#261=DIRECTION('',(-1.,0.,-0.));
#262=AXIS2_PLACEMENT_3D('',#259,#260,#261);
#263=PLANE('',#262);
#264=CARTESIAN_POINT('',(-44.5,-5.999656118,-22.095307911));
#265=VERTEX_POINT('',#264);
#266=CARTESIAN_POINT('',(-42.5,-5.999656118,-22.095307911));
#267=DIRECTION('',(0.,0.,-1.));
#268=DIRECTION('',(-1.,0.,-0.));
#269=AXIS2_PLACEMENT_3D('',#266,#267,#268);
#270=CIRCLE('',#269,2.);
#271=EDGE_CURVE('',#265,#265,#270,.T.);
#272=ORIENTED_EDGE('',*,*,#271,.F.);
#273=EDGE_LOOP('',(#272));
#274=FACE_BOUND('',#273,.T.);
#275=CARTESIAN_POINT('',(-79.5,-5.999656118,-22.095307911));
#276=VERTEX_POINT('',#275);
#277=CARTESIAN_POINT('',(-77.5,-5.999656118,-22.095307911));
#278=DIRECTION('',(0.,0.,-1.));
#279=DIRECTION('',(-1.,0.,-0.));
#280=AXIS2_PLACEMENT_3D('',#277,#278,#279);
#281=CIRCLE('',#280,2.);
#282=EDGE_CURVE('',#276,#276,#281,.T.);
#283=ORIENTED_EDGE('',*,*,#282,.F.);
#284=EDGE_LOOP('',(#283));
#285=FACE_BOUND('',#284,.T.);
#286=CARTESIAN_POINT('',(-73.008180602,23.841846414,-22.095307911));
#287=VERTEX_POINT('',#286);
#288=CARTESIAN_POINT('',(-71.008180602,23.841846414,-22.095307911));
#289=DIRECTION('',(0.,0.,-1.));
#290=DIRECTION('',(-1.,0.,-0.));
#291=AXIS2_PLACEMENT_3D('',#288,#289,#290);
#292=CIRCLE('',#291,2.);
#293=EDGE_CURVE('',#287,#287,#292,.T.);
#294=ORIENTED_EDGE('',*,*,#293,.F.);
#295=EDGE_LOOP('',(#294));
#296=FACE_BOUND('',#295,.T.);
#297=CARTESIAN_POINT('',(-51.008180602,23.841846414,-22.095307911));
#298=VERTEX_POINT('',#297);
#299=CARTESIAN_POINT('',(-49.008180602,23.841846414,-22.095307911));
#300=DIRECTION('',(0.,0.,-1.));
#301=DIRECTION('',(-1.,0.,-0.));
#302=AXIS2_PLACEMENT_3D('',#299,#300,#301);
#303=CIRCLE('',#302,2.);
#304=EDGE_CURVE('',#298,#298,#303,.T.);
#305=ORIENTED_EDGE('',*,*,#304,.F.);
#306=EDGE_LOOP('',(#305));
#307=FACE_BOUND('',#306,.T.);
#308=CARTESIAN_POINT('',(-67.313774581,-20.131597416,-22.095307911));
#309=VERTEX_POINT('',#308);
#310=CARTESIAN_POINT('',(-52.702586622,-20.131597416,-22.095307911));
#311=VERTEX_POINT('',#310);
#312=CARTESIAN_POINT('',(-67.313774581,-20.131597416,-22.095307911));
#313=DIRECTION('',(1.,-0.,0.));
#314=VECTOR('',#313,14.611187959);
#315=LINE('',#312,#314);
#316=EDGE_CURVE('',#309,#311,#315,.T.);
#317=ORIENTED_EDGE('',*,*,#316,.F.);
#318=CARTESIAN_POINT('',(-87.194032298,6.05425428,-22.095307911));
#319=VERTEX_POINT('',#318);
#320=CARTESIAN_POINT('',(-60.008180602,6.05425428,-22.095307911));
#321=DIRECTION('',(0.,0.,-1.));
#322=DIRECTION('',(-1.,0.,-0.));
#323=AXIS2_PLACEMENT_3D('',#320,#321,#322);
#324=CIRCLE('',#323,27.185851696);
#325=EDGE_CURVE('',#309,#319,#324,.T.);
#326=ORIENTED_EDGE('',*,*,#325,.T.);
#327=CARTESIAN_POINT('',(-60.008180602,6.05425428,-22.095307911));
#328=DIRECTION('',(0.,0.,-1.));
#329=DIRECTION('',(-1.,0.,-0.));
#330=AXIS2_PLACEMENT_3D('',#327,#328,#329);
#331=CIRCLE('',#330,27.185851696);
#332=EDGE_CURVE('',#319,#311,#331,.T.);
#333=ORIENTED_EDGE('',*,*,#332,.T.);
#334=EDGE_LOOP('',(#317,#326,#333));
#335=FACE_BOUND('',#334,.T.);
#336=ADVANCED_FACE('',(#274,#285,#296,#307,#335),#263,.T.);
#337=CARTESIAN_POINT('',(-59.694190172,5.412031621,-17.095307911));
#338=DIRECTION('',(0.,0.,-1.));
#339=DIRECTION('',(-1.,0.,-0.));
#340=AXIS2_PLACEMENT_3D('',#337,#338,#339);
#341=PLANE('',#340);
#342=CARTESIAN_POINT('',(-64.52,-18.732156262,-17.095307911));
#343=VERTEX_POINT('',#342);
#344=CARTESIAN_POINT('',(-64.52,-20.131597416,-17.095307911));
#345=VERTEX_POINT('',#344);
#346=CARTESIAN_POINT('',(-64.52,-18.732156262,-17.095307911));
#347=DIRECTION('',(-0.,-1.,-0.));
#348=VECTOR('',#347,1.399441154);
#349=LINE('',#346,#348);
#350=EDGE_CURVE('',#343,#345,#349,.T.);
#351=ORIENTED_EDGE('',*,*,#350,.F.);
#352=CARTESIAN_POINT('',(-69.379618372,-18.733366705,-17.095307911));
#353=VERTEX_POINT('',#352);
#354=CARTESIAN_POINT('',(-64.52,-18.732156262,-17.095307911));
#355=DIRECTION('',(-0.999999958,-0.000290237,-0.));
#356=VECTOR('',#355,4.859618518);
#357=LINE('',#354,#356);
#358=EDGE_CURVE('',#343,#353,#357,.T.);
#359=ORIENTED_EDGE('',*,*,#358,.T.);
#360=CARTESIAN_POINT('',(-33.508180602,6.05425428,-17.095307911));
#361=VERTEX_POINT('',#360);
#362=CARTESIAN_POINT('',(-60.008180602,6.05425428,-17.095307911));
#363=DIRECTION('',(0.,0.,-1.));
#364=DIRECTION('',(-1.,0.,-0.));
#365=AXIS2_PLACEMENT_3D('',#362,#363,#364);
#366=CIRCLE('',#365,26.5);
#367=EDGE_CURVE('',#353,#361,#366,.T.);
#368=ORIENTED_EDGE('',*,*,#367,.T.);
#369=CARTESIAN_POINT('',(-50.629546205,-18.730844688,-17.095307911));
#370=VERTEX_POINT('',#369);
#371=CARTESIAN_POINT('',(-60.008180602,6.05425428,-17.095307911));
#372=DIRECTION('',(0.,0.,-1.));
#373=DIRECTION('',(-1.,0.,-0.));
#374=AXIS2_PLACEMENT_3D('',#371,#372,#373);
#375=CIRCLE('',#374,26.5);
#376=EDGE_CURVE('',#361,#370,#375,.T.);
#377=ORIENTED_EDGE('',*,*,#376,.T.);
#378=CARTESIAN_POINT('',(-55.48,-18.730844688,-17.095307911));
#379=VERTEX_POINT('',#378);
#380=CARTESIAN_POINT('',(-55.48,-18.730844688,-17.095307911));
#381=DIRECTION('',(1.,0.,0.));
#382=VECTOR('',#381,4.850453795);
#383=LINE('',#380,#382);
#384=EDGE_CURVE('',#379,#370,#383,.T.);
#385=ORIENTED_EDGE('',*,*,#384,.F.);
#386=CARTESIAN_POINT('',(-55.48,-20.131597416,-17.095307911));
#387=VERTEX_POINT('',#386);
#388=CARTESIAN_POINT('',(-55.48,-18.730844688,-17.095307911));
#389=DIRECTION('',(-0.,-1.,-0.));
#390=VECTOR('',#389,1.400752728);
#391=LINE('',#388,#390);
#392=EDGE_CURVE('',#379,#387,#391,.T.);
#393=ORIENTED_EDGE('',*,*,#392,.T.);
#394=CARTESIAN_POINT('',(-49.58016992,-20.131597416,-17.095307911));
#395=VERTEX_POINT('',#394);
#396=CARTESIAN_POINT('',(-55.48,-20.131597416,-17.095307911));
#397=DIRECTION('',(1.,-0.,0.));
#398=VECTOR('',#397,5.89983008);
#399=LINE('',#396,#398);
#400=EDGE_CURVE('',#387,#395,#399,.T.);
#401=ORIENTED_EDGE('',*,*,#400,.T.);
#402=CARTESIAN_POINT('',(-49.38016992,-20.05106366,-17.095307911));
#403=VERTEX_POINT('',#402);
#404=CARTESIAN_POINT('',(-60.008180602,6.05425428,-17.095307911));
#405=DIRECTION('',(-0.,-0.,1.));
#406=DIRECTION('',(-1.,0.,-0.));
#407=AXIS2_PLACEMENT_3D('',#404,#405,#406);
#408=CIRCLE('',#407,28.185851696);
#409=EDGE_CURVE('',#395,#403,#408,.T.);
#410=ORIENTED_EDGE('',*,*,#409,.T.);
#411=CARTESIAN_POINT('',(-49.38016992,-19.309014218,-17.095307911));
#412=VERTEX_POINT('',#411);
#413=CARTESIAN_POINT('',(-49.38016992,-20.05106366,-17.095307911));
#414=DIRECTION('',(0.,1.,0.));
#415=VECTOR('',#414,0.742049442);
#416=LINE('',#413,#415);
#417=EDGE_CURVE('',#403,#412,#416,.T.);
#418=ORIENTED_EDGE('',*,*,#417,.T.);
#419=CARTESIAN_POINT('',(-33.576153984,-1.535078291,-17.095307911));
#420=VERTEX_POINT('',#419);
#421=CARTESIAN_POINT('',(-60.008180602,6.05425428,-17.095307911));
#422=DIRECTION('',(0.,0.,-1.));
#423=DIRECTION('',(-1.,0.,-0.));
#424=AXIS2_PLACEMENT_3D('',#421,#422,#423);
#425=CIRCLE('',#424,27.5);
#426=EDGE_CURVE('',#420,#412,#425,.T.);
#427=ORIENTED_EDGE('',*,*,#426,.F.);
#428=CARTESIAN_POINT('',(-32.863305082,-1.535078291,-17.095307911));
#429=VERTEX_POINT('',#428);
#430=CARTESIAN_POINT('',(-32.863305082,-1.535078291,-17.095307911));
#431=DIRECTION('',(-1.,0.,-0.));
#432=VECTOR('',#431,0.712848902);
#433=LINE('',#430,#432);
#434=EDGE_CURVE('',#429,#420,#433,.T.);
#435=ORIENTED_EDGE('',*,*,#434,.F.);
#436=CARTESIAN_POINT('',(-32.808180602,-1.335078291,-17.095307911));
#437=VERTEX_POINT('',#436);
#438=CARTESIAN_POINT('',(-60.008180602,6.05425428,-17.095307911));
#439=DIRECTION('',(0.,0.,-1.));
#440=DIRECTION('',(-1.,0.,-0.));
#441=AXIS2_PLACEMENT_3D('',#438,#439,#440);
#442=CIRCLE('',#441,28.185851696);
#443=EDGE_CURVE('',#437,#429,#442,.T.);
#444=ORIENTED_EDGE('',*,*,#443,.F.);
#445=CARTESIAN_POINT('',(-32.808180602,13.443586851,-17.095307911));
#446=VERTEX_POINT('',#445);
#447=CARTESIAN_POINT('',(-32.808180602,13.443586851,-17.095307911));
#448=DIRECTION('',(0.,-1.,0.));
#449=VECTOR('',#448,14.778665142);
#450=LINE('',#447,#449);
#451=EDGE_CURVE('',#446,#437,#450,.T.);
#452=ORIENTED_EDGE('',*,*,#451,.F.);
#453=CARTESIAN_POINT('',(-32.863305082,13.643586851,-17.095307911));
#454=VERTEX_POINT('',#453);
#455=CARTESIAN_POINT('',(-60.008180602,6.05425428,-17.095307911));
#456=DIRECTION('',(-0.,-0.,1.));
#457=DIRECTION('',(-1.,0.,-0.));
#458=AXIS2_PLACEMENT_3D('',#455,#456,#457);
#459=CIRCLE('',#458,28.185851696);
#460=EDGE_CURVE('',#446,#454,#459,.T.);
#461=ORIENTED_EDGE('',*,*,#460,.T.);
#462=CARTESIAN_POINT('',(-33.576153984,13.643586851,-17.095307911));
#463=VERTEX_POINT('',#462);
#464=CARTESIAN_POINT('',(-32.863305082,13.643586851,-17.095307911));
#465=DIRECTION('',(-1.,-0.,-0.));
#466=VECTOR('',#465,0.712848902);
#467=LINE('',#464,#466);
#468=EDGE_CURVE('',#454,#463,#467,.T.);
#469=ORIENTED_EDGE('',*,*,#468,.T.);
#470=CARTESIAN_POINT('',(-86.44020722,13.643586851,-17.095307911));
#471=VERTEX_POINT('',#470);
#472=CARTESIAN_POINT('',(-60.008180602,6.05425428,-17.095307911));
#473=DIRECTION('',(0.,0.,-1.));
#474=DIRECTION('',(-1.,0.,-0.));
#475=AXIS2_PLACEMENT_3D('',#472,#473,#474);
#476=CIRCLE('',#475,27.5);
#477=EDGE_CURVE('',#471,#463,#476,.T.);
#478=ORIENTED_EDGE('',*,*,#477,.F.);
#479=CARTESIAN_POINT('',(-87.153056121,13.643586851,-17.095307911));
#480=VERTEX_POINT('',#479);
#481=CARTESIAN_POINT('',(-87.153056121,13.643586851,-17.095307911));
#482=DIRECTION('',(1.,0.,0.));
#483=VECTOR('',#482,0.712848902);
#484=LINE('',#481,#483);
#485=EDGE_CURVE('',#480,#471,#484,.T.);
#486=ORIENTED_EDGE('',*,*,#485,.F.);
#487=CARTESIAN_POINT('',(-87.208180602,13.443586851,-17.095307911));
#488=VERTEX_POINT('',#487);
#489=CARTESIAN_POINT('',(-60.008180602,6.05425428,-17.095307911));
#490=DIRECTION('',(0.,0.,-1.));
#491=DIRECTION('',(-1.,0.,-0.));
#492=AXIS2_PLACEMENT_3D('',#489,#490,#491);
#493=CIRCLE('',#492,28.185851696);
#494=EDGE_CURVE('',#488,#480,#493,.T.);
#495=ORIENTED_EDGE('',*,*,#494,.F.);
#496=CARTESIAN_POINT('',(-87.208180602,-1.335078291,-17.095307911));
#497=VERTEX_POINT('',#496);
#498=CARTESIAN_POINT('',(-87.208180602,-1.335078291,-17.095307911));
#499=DIRECTION('',(0.,1.,0.));
#500=VECTOR('',#499,14.778665142);
#501=LINE('',#498,#500);
#502=EDGE_CURVE('',#497,#488,#501,.T.);
#503=ORIENTED_EDGE('',*,*,#502,.F.);
#504=CARTESIAN_POINT('',(-87.153056121,-1.535078291,-17.095307911));
#505=VERTEX_POINT('',#504);
#506=CARTESIAN_POINT('',(-60.008180602,6.05425428,-17.095307911));
#507=DIRECTION('',(-0.,-0.,1.));
#508=DIRECTION('',(-1.,0.,-0.));
#509=AXIS2_PLACEMENT_3D('',#506,#507,#508);
#510=CIRCLE('',#509,28.185851696);
#511=EDGE_CURVE('',#497,#505,#510,.T.);
#512=ORIENTED_EDGE('',*,*,#511,.T.);
#513=CARTESIAN_POINT('',(-86.44020722,-1.535078291,-17.095307911));
#514=VERTEX_POINT('',#513);
#515=CARTESIAN_POINT('',(-87.153056121,-1.535078291,-17.095307911));
#516=DIRECTION('',(1.,0.,0.));
#517=VECTOR('',#516,0.712848902);
#518=LINE('',#515,#517);
#519=EDGE_CURVE('',#505,#514,#518,.T.);
#520=ORIENTED_EDGE('',*,*,#519,.T.);
#521=CARTESIAN_POINT('',(-70.636191284,-19.309014218,-17.095307911));
#522=VERTEX_POINT('',#521);
#523=CARTESIAN_POINT('',(-60.008180602,6.05425428,-17.095307911));
#524=DIRECTION('',(0.,0.,-1.));
#525=DIRECTION('',(-1.,0.,-0.));
#526=AXIS2_PLACEMENT_3D('',#523,#524,#525);
#527=CIRCLE('',#526,27.5);
#528=EDGE_CURVE('',#522,#514,#527,.T.);
#529=ORIENTED_EDGE('',*,*,#528,.F.);
#530=CARTESIAN_POINT('',(-70.636191284,-20.05106366,-17.095307911));
#531=VERTEX_POINT('',#530);
#532=CARTESIAN_POINT('',(-70.636191284,-20.05106366,-17.095307911));
#533=DIRECTION('',(0.,1.,0.));
#534=VECTOR('',#533,0.742049442);
#535=LINE('',#532,#534);
#536=EDGE_CURVE('',#531,#522,#535,.T.);
#537=ORIENTED_EDGE('',*,*,#536,.F.);
#538=CARTESIAN_POINT('',(-70.436191284,-20.131597416,-17.095307911));
#539=VERTEX_POINT('',#538);
#540=CARTESIAN_POINT('',(-60.008180602,6.05425428,-17.095307911));
#541=DIRECTION('',(0.,0.,-1.));
#542=DIRECTION('',(-1.,0.,-0.));
#543=AXIS2_PLACEMENT_3D('',#540,#541,#542);
#544=CIRCLE('',#543,28.185851696);
#545=EDGE_CURVE('',#539,#531,#544,.T.);
#546=ORIENTED_EDGE('',*,*,#545,.F.);
#547=CARTESIAN_POINT('',(-70.436191284,-20.131597416,-17.095307911));
#548=DIRECTION('',(1.,-0.,0.));
#549=VECTOR('',#548,5.916191284);
#550=LINE('',#547,#549);
#551=EDGE_CURVE('',#539,#345,#550,.T.);
#552=ORIENTED_EDGE('',*,*,#551,.T.);
#553=EDGE_LOOP('',(#351,#359,#368,#377,#385,#393,#401,#410,#418,#427,#435,#444,#452,#461,#469,#478,#486,#495,#503,#512,#520,#529,#537,#546,#552));
#554=FACE_BOUND('',#553,.T.);
#555=ADVANCED_FACE('',(#554),#341,.F.);
#556=CARTESIAN_POINT('',(-54.954871473,-18.730844688,-17.095307911));
#557=DIRECTION('',(0.,1.,0.));
#558=DIRECTION('',(0.,0.,1.));
#559=AXIS2_PLACEMENT_3D('',#556,#557,#558);
#560=PLANE('',#559);
#561=CARTESIAN_POINT('',(-55.48,-18.730844688,-19.405298109));
#562=VERTEX_POINT('',#561);
#563=CARTESIAN_POINT('',(-55.48,-18.730844688,-19.405298109));
#564=DIRECTION('',(0.,0.,1.));
#565=VECTOR('',#564,2.309990198);
#566=LINE('',#563,#565);
#567=EDGE_CURVE('',#562,#379,#566,.T.);
#568=ORIENTED_EDGE('',*,*,#567,.T.);
#569=ORIENTED_EDGE('',*,*,#384,.T.);
#570=CARTESIAN_POINT('',(-50.629546205,-18.730844688,-21.095307911));
#571=VERTEX_POINT('',#570);
#572=CARTESIAN_POINT('',(-50.630074762,-18.730844688,-17.095307911));
#573=DIRECTION('',(0.,-0.,-1.));
#574=VECTOR('',#573,4.);
#575=LINE('',#572,#574);
#576=EDGE_CURVE('',#370,#571,#575,.T.);
#577=ORIENTED_EDGE('',*,*,#576,.T.);
#578=CARTESIAN_POINT('',(-54.412687325,-18.730844688,-21.095307911));
#579=VERTEX_POINT('',#578);
#580=CARTESIAN_POINT('',(-54.412687325,-18.730844688,-21.095307911));
#581=DIRECTION('',(1.,0.,0.));
#582=VECTOR('',#581,3.78314112);
#583=LINE('',#580,#582);
#584=EDGE_CURVE('',#579,#571,#583,.T.);
#585=ORIENTED_EDGE('',*,*,#584,.F.);
#586=CARTESIAN_POINT('',(-54.412687325,-18.730844688,-21.595307911));
#587=VERTEX_POINT('',#586);
#588=CARTESIAN_POINT('',(-54.412687325,-18.730844688,-21.595307911));
#589=DIRECTION('',(-0.,0.,1.));
#590=VECTOR('',#589,0.5);
#591=LINE('',#588,#590);
#592=EDGE_CURVE('',#587,#579,#591,.T.);
#593=ORIENTED_EDGE('',*,*,#592,.F.);
#594=CARTESIAN_POINT('',(-60.001028093,-18.730844688,-21.595307911));
#595=VERTEX_POINT('',#594);
#596=CARTESIAN_POINT('',(-60.001028093,-18.730844688,-21.595307911));
#597=DIRECTION('',(1.,0.,0.));
#598=VECTOR('',#597,5.588340768);
#599=LINE('',#596,#598);
#600=EDGE_CURVE('',#595,#587,#599,.T.);
#601=ORIENTED_EDGE('',*,*,#600,.F.);
#602=CARTESIAN_POINT('',(-60.001028413,-18.730844688,-20.555298109));
#603=VERTEX_POINT('',#602);
#604=CARTESIAN_POINT('',(-60.001028413,-18.730844688,-20.555298109));
#605=DIRECTION('',(0.,0.,-1.));
#606=VECTOR('',#605,1.040009802);
#607=LINE('',#604,#606);
#608=EDGE_CURVE('',#603,#595,#607,.T.);
#609=ORIENTED_EDGE('',*,*,#608,.F.);
#610=CARTESIAN_POINT('',(-56.63,-18.730844688,-20.555298109));
#611=VERTEX_POINT('',#610);
#612=CARTESIAN_POINT('',(-60.001028413,-18.730844688,-20.555298109));
#613=DIRECTION('',(1.,0.,0.));
#614=VECTOR('',#613,3.371028413);
#615=LINE('',#612,#614);
#616=EDGE_CURVE('',#603,#611,#615,.T.);
#617=ORIENTED_EDGE('',*,*,#616,.T.);
#618=CARTESIAN_POINT('',(-56.63,-18.730844688,-19.405298109));
#619=DIRECTION('',(0.,1.,0.));
#620=DIRECTION('',(0.,-0.,1.));
#621=AXIS2_PLACEMENT_3D('',#618,#619,#620);
#622=CIRCLE('',#621,1.15);
#623=EDGE_CURVE('',#562,#611,#622,.T.);
#624=ORIENTED_EDGE('',*,*,#623,.F.);
#625=EDGE_LOOP('',(#568,#569,#577,#585,#593,#601,#609,#617,#624));
#626=FACE_BOUND('',#625,.T.);
#627=ADVANCED_FACE('',(#626),#560,.T.);
#628=CARTESIAN_POINT('',(-65.050739296,-18.732310303,-17.095307911));
#629=DIRECTION('',(0.000290237,-0.999999958,0.));
#630=DIRECTION('',(0.999999958,0.000290237,0.));
#631=AXIS2_PLACEMENT_3D('',#628,#629,#630);
#632=PLANE('',#631);
#633=ORIENTED_EDGE('',*,*,#358,.F.);
#634=CARTESIAN_POINT('',(-64.52,-18.732156262,-19.405294721));
#635=VERTEX_POINT('',#634);
#636=CARTESIAN_POINT('',(-64.52,-18.732156262,-17.095307911));
#637=DIRECTION('',(-0.,-0.,-1.));
#638=VECTOR('',#637,2.309986809);
#639=LINE('',#636,#638);
#640=EDGE_CURVE('',#343,#635,#639,.T.);
#641=ORIENTED_EDGE('',*,*,#640,.T.);
#642=CARTESIAN_POINT('',(-63.369996726,-18.731822488,-20.555298109));
#643=VERTEX_POINT('',#642);
#644=CARTESIAN_POINT('',(-63.37,-18.731822489,-19.405298109));
#645=DIRECTION('',(0.000290237,-0.999999958,0.));
#646=DIRECTION('',(-0.999999958,-0.000290237,-0.));
#647=AXIS2_PLACEMENT_3D('',#644,#645,#646);
#648=ELLIPSE('',#647,1.150000048,1.15);
#649=EDGE_CURVE('',#635,#643,#648,.T.);
#650=ORIENTED_EDGE('',*,*,#649,.T.);
#651=CARTESIAN_POINT('',(-60.001028413,-18.730844688,-20.555298109));
#652=DIRECTION('',(-0.999999958,-0.000290237,-0.));
#653=VECTOR('',#652,3.368968455);
#654=LINE('',#651,#653);
#655=EDGE_CURVE('',#603,#643,#654,.T.);
#656=ORIENTED_EDGE('',*,*,#655,.F.);
#657=ORIENTED_EDGE('',*,*,#608,.T.);
#658=CARTESIAN_POINT('',(-65.587310135,-18.732466036,-21.595307911));
#659=VERTEX_POINT('',#658);
#660=CARTESIAN_POINT('',(-60.001028093,-18.730844688,-21.595307911));
#661=DIRECTION('',(-0.999999958,-0.000290237,-0.));
#662=VECTOR('',#661,5.586282277);
#663=LINE('',#660,#662);
#664=EDGE_CURVE('',#595,#659,#663,.T.);
#665=ORIENTED_EDGE('',*,*,#664,.T.);
#666=CARTESIAN_POINT('',(-65.587310135,-18.732466036,-21.095307911));
#667=VERTEX_POINT('',#666);
#668=CARTESIAN_POINT('',(-65.587310135,-18.732466036,-21.595307911));
#669=DIRECTION('',(-0.,0.,1.));
#670=VECTOR('',#669,0.5);
#671=LINE('',#668,#670);
#672=EDGE_CURVE('',#659,#667,#671,.T.);
#673=ORIENTED_EDGE('',*,*,#672,.T.);
#674=CARTESIAN_POINT('',(-69.379618314,-18.733566705,-21.095307911));
#675=VERTEX_POINT('',#674);
#676=CARTESIAN_POINT('',(-65.587310135,-18.732466036,-21.095307911));
#677=DIRECTION('',(-0.999999958,-0.000290237,-0.));
#678=VECTOR('',#677,3.792308339);
#679=LINE('',#676,#678);
#680=EDGE_CURVE('',#667,#675,#679,.T.);
#681=ORIENTED_EDGE('',*,*,#680,.T.);
#682=CARTESIAN_POINT('',(-69.379089757,-18.733566552,-17.095307911));
#683=DIRECTION('',(0.,-0.,-1.));
#684=VECTOR('',#683,4.);
#685=LINE('',#682,#684);
#686=EDGE_CURVE('',#353,#675,#685,.T.);
#687=ORIENTED_EDGE('',*,*,#686,.F.);
#688=EDGE_LOOP('',(#633,#641,#650,#656,#657,#665,#673,#681,#687));
#689=FACE_BOUND('',#688,.T.);
#690=ADVANCED_FACE('',(#689),#632,.F.);
#691=CARTESIAN_POINT('',(-65.222185943,-20.131597416,-23.495307911));
#692=DIRECTION('',(0.,1.,0.));
#693=DIRECTION('',(-1.,0.,0.));
#694=AXIS2_PLACEMENT_3D('',#691,#692,#693);
#695=PLANE('',#694);
#696=ORIENTED_EDGE('',*,*,#316,.T.);
#697=CARTESIAN_POINT('',(-49.58016992,-20.131597416,-21.095307911));
#698=VERTEX_POINT('',#697);
#699=CARTESIAN_POINT('',(-52.702586622,-20.131597416,-22.095307911));
#700=CARTESIAN_POINT('',(-52.413026026,-20.131597416,-22.095307911));
#701=CARTESIAN_POINT('',(-52.124368887,-20.131597416,-22.086417718));
#702=CARTESIAN_POINT('',(-51.837009165,-20.131597416,-22.064760718));
#703=CARTESIAN_POINT('',(-51.549649442,-20.131597416,-22.043103718));
#704=CARTESIAN_POINT('',(-51.263543481,-20.131597416,-22.00910947));
#705=CARTESIAN_POINT('',(-50.979600696,-20.131597416,-21.953829184));
#706=CARTESIAN_POINT('',(-50.837629303,-20.131597416,-21.926189041));
#707=CARTESIAN_POINT('',(-50.695688369,-20.131597416,-21.89299792));
#708=CARTESIAN_POINT('',(-50.55615417,-20.131597416,-21.852077315));
#709=CARTESIAN_POINT('',(-50.416619971,-20.131597416,-21.81115671));
#710=CARTESIAN_POINT('',(-50.278683503,-20.131597416,-21.762454411));
#711=CARTESIAN_POINT('',(-50.147131018,-20.131597416,-21.701658094));
#712=CARTESIAN_POINT('',(-50.081354776,-20.131597416,-21.671259936));
#713=CARTESIAN_POINT('',(-50.017213543,-20.131597416,-21.637822361));
#714=CARTESIAN_POINT('',(-49.955452309,-20.131597416,-21.599960465));
#715=CARTESIAN_POINT('',(-49.893691075,-20.131597416,-21.56209857));
#716=CARTESIAN_POINT('',(-49.833732493,-20.131597416,-21.51942846));
#717=CARTESIAN_POINT('',(-49.779479292,-20.131597416,-21.470688702));
#718=CARTESIAN_POINT('',(-49.725226092,-20.131597416,-21.421948944));
#719=CARTESIAN_POINT('',(-49.675892175,-20.131597416,-21.366306954));
#720=CARTESIAN_POINT('',(-49.639653256,-20.131597416,-21.303692446));
#721=CARTESIAN_POINT('',(-49.603414337,-20.131597416,-21.241077938));
#722=CARTESIAN_POINT('',(-49.58016992,-20.131597416,-21.169268761));
#723=CARTESIAN_POINT('',(-49.58016992,-20.131597416,-21.095307911));
#724=B_SPLINE_CURVE_WITH_KNOTS('',3,(#699,#700,#701,#702,#703,#704,#705,#706,#707,#708,#709,#710,#711,#712,#713,#714,#715,#716,#717,#718,#719,#720,#721,#722,#723),.UNSPECIFIED.,.F.,.F.,(4,3,3,3,3,3,3,3,4),(0.,0.000864231,0.001728461,0.002160576,0.002592692,0.002808749,0.003024807,0.003240865,0.003456922),.UNSPECIFIED.);
#725=EDGE_CURVE('',#311,#698,#724,.T.);
#726=ORIENTED_EDGE('',*,*,#725,.T.);
#727=CARTESIAN_POINT('',(-49.58016992,-20.131597416,-21.095307911));
#728=DIRECTION('',(-0.,0.,1.));
#729=VECTOR('',#728,4.);
#730=LINE('',#727,#729);
#731=EDGE_CURVE('',#698,#395,#730,.T.);
#732=ORIENTED_EDGE('',*,*,#731,.T.);
#733=ORIENTED_EDGE('',*,*,#400,.F.);
#734=CARTESIAN_POINT('',(-55.48,-20.131597416,-19.405298109));
#735=VERTEX_POINT('',#734);
#736=CARTESIAN_POINT('',(-55.48,-20.131597416,-17.095307911));
#737=DIRECTION('',(0.,0.,-1.));
#738=VECTOR('',#737,2.309990198);
#739=LINE('',#736,#738);
#740=EDGE_CURVE('',#387,#735,#739,.T.);
#741=ORIENTED_EDGE('',*,*,#740,.T.);
#742=CARTESIAN_POINT('',(-56.63,-20.131597416,-20.555298109));
#743=VERTEX_POINT('',#742);
#744=CARTESIAN_POINT('',(-56.63,-20.131597416,-19.405298109));
#745=DIRECTION('',(-0.,-1.,-0.));
#746=DIRECTION('',(1.,-0.,0.));
#747=AXIS2_PLACEMENT_3D('',#744,#745,#746);
#748=CIRCLE('',#747,1.15);
#749=EDGE_CURVE('',#743,#735,#748,.T.);
#750=ORIENTED_EDGE('',*,*,#749,.F.);
#751=CARTESIAN_POINT('',(-63.37,-20.131597416,-20.555298109));
#752=VERTEX_POINT('',#751);
#753=CARTESIAN_POINT('',(-56.63,-20.131597416,-20.555298109));
#754=DIRECTION('',(-1.,0.,-0.));
#755=VECTOR('',#754,6.74);
#756=LINE('',#753,#755);
#757=EDGE_CURVE('',#743,#752,#756,.T.);
#758=ORIENTED_EDGE('',*,*,#757,.T.);
#759=CARTESIAN_POINT('',(-64.52,-20.131597416,-19.405298109));
#760=VERTEX_POINT('',#759);
#761=CARTESIAN_POINT('',(-63.37,-20.131597416,-19.405298109));
#762=DIRECTION('',(-0.,-1.,-0.));
#763=DIRECTION('',(1.,-0.,0.));
#764=AXIS2_PLACEMENT_3D('',#761,#762,#763);
#765=CIRCLE('',#764,1.15);
#766=EDGE_CURVE('',#760,#752,#765,.T.);
#767=ORIENTED_EDGE('',*,*,#766,.F.);
#768=CARTESIAN_POINT('',(-64.52,-20.131597416,-17.095307911));
#769=DIRECTION('',(0.,0.,-1.));
#770=VECTOR('',#769,2.309990198);
#771=LINE('',#768,#770);
#772=EDGE_CURVE('',#345,#760,#771,.T.);
#773=ORIENTED_EDGE('',*,*,#772,.F.);
#774=ORIENTED_EDGE('',*,*,#551,.F.);
#775=CARTESIAN_POINT('',(-70.436191284,-20.131597416,-21.095307911));
#776=VERTEX_POINT('',#775);
#777=CARTESIAN_POINT('',(-70.436191284,-20.131597416,-21.095307911));
#778=DIRECTION('',(-0.,0.,1.));
#779=VECTOR('',#778,4.);
#780=LINE('',#777,#779);
#781=EDGE_CURVE('',#776,#539,#780,.T.);
#782=ORIENTED_EDGE('',*,*,#781,.F.);
#783=CARTESIAN_POINT('',(-70.436191284,-20.131597416,-21.095307911));
#784=CARTESIAN_POINT('',(-70.436191284,-20.131597416,-21.169574897));
#785=CARTESIAN_POINT('',(-70.412919354,-20.131597416,-21.241389203));
#786=CARTESIAN_POINT('',(-70.376224538,-20.131597416,-21.304525969));
#787=CARTESIAN_POINT('',(-70.339529723,-20.131597416,-21.367662735));
#788=CARTESIAN_POINT('',(-70.289735206,-20.131597416,-21.423404642));
#789=CARTESIAN_POINT('',(-70.23546067,-20.131597416,-21.471962936));
#790=CARTESIAN_POINT('',(-70.181186134,-20.131597416,-21.52052123));
#791=CARTESIAN_POINT('',(-70.121038612,-20.131597416,-21.563235704));
#792=CARTESIAN_POINT('',(-70.058728087,-20.131597416,-21.601295059));
#793=CARTESIAN_POINT('',(-69.996417562,-20.131597416,-21.639354415));
#794=CARTESIAN_POINT('',(-69.931967934,-20.131597416,-21.672788319));
#795=CARTESIAN_POINT('',(-69.866079605,-20.131597416,-21.703111273));
#796=CARTESIAN_POINT('',(-69.734302947,-20.131597416,-21.76375718));
#797=CARTESIAN_POINT('',(-69.596071998,-20.131597416,-21.812382068));
#798=CARTESIAN_POINT('',(-69.456602748,-20.131597416,-21.853132438));
#799=CARTESIAN_POINT('',(-69.317133498,-20.131597416,-21.893882809));
#800=CARTESIAN_POINT('',(-69.176557415,-20.131597416,-21.926652193));
#801=CARTESIAN_POINT('',(-69.035246604,-20.131597416,-21.954123709));
#802=CARTESIAN_POINT('',(-68.752624983,-20.131597416,-22.009066741));
#803=CARTESIAN_POINT('',(-68.46709785,-20.131597416,-22.043059143));
#804=CARTESIAN_POINT('',(-68.17986086,-20.131597416,-22.064722357));
#805=CARTESIAN_POINT('',(-67.89262387,-20.131597416,-22.086385571));
#806=CARTESIAN_POINT('',(-67.60321778,-20.131597416,-22.095307911));
#807=CARTESIAN_POINT('',(-67.313774581,-20.131597416,-22.095307911));
#808=B_SPLINE_CURVE_WITH_KNOTS('',3,(#783,#784,#785,#786,#787,#788,#789,#790,#791,#792,#793,#794,#795,#796,#797,#798,#799,#800,#801,#802,#803,#804,#805,#806,#807),.UNSPECIFIED.,.F.,.F.,(4,3,3,3,3,3,3,3,4),(0.,0.000219096,0.000438192,0.000657288,0.000876384,0.001314575,0.001752767,0.002629151,0.003505535),.UNSPECIFIED.);
#809=EDGE_CURVE('',#776,#309,#808,.T.);
#810=ORIENTED_EDGE('',*,*,#809,.T.);
#811=EDGE_LOOP('',(#696,#726,#732,#733,#741,#750,#758,#767,#773,#774,#782,#810));
#812=FACE_BOUND('',#811,.T.);
#813=ADVANCED_FACE('',(#812),#695,.F.);
#814=CARTESIAN_POINT('',(-60.008180602,6.05425428,-21.095307911));
#815=DIRECTION('',(0.,0.,-1.));
#816=DIRECTION('',(-1.,0.,-0.));
#817=AXIS2_PLACEMENT_3D('',#814,#815,#816);
#818=PLANE('',#817);
#819=CARTESIAN_POINT('',(-64.987310135,27.00000508,-21.095307911));
#820=VERTEX_POINT('',#819);
#821=CARTESIAN_POINT('',(-64.987310135,25.806352553,-21.095307911));
#822=VERTEX_POINT('',#821);
#823=CARTESIAN_POINT('',(-64.987310135,27.00000508,-21.095307911));
#824=DIRECTION('',(0.,-1.,0.));
#825=VECTOR('',#824,1.193652527);
#826=LINE('',#823,#825);
#827=EDGE_CURVE('',#820,#822,#826,.T.);
#828=ORIENTED_EDGE('',*,*,#827,.F.);
#829=CARTESIAN_POINT('',(-55.012689865,27.00000508,-21.095307911));
#830=VERTEX_POINT('',#829);
#831=CARTESIAN_POINT('',(-55.012689865,27.00000508,-21.095307911));
#832=DIRECTION('',(-1.,0.,-0.));
#833=VECTOR('',#832,9.974620269);
#834=LINE('',#831,#833);
#835=EDGE_CURVE('',#830,#820,#834,.T.);
#836=ORIENTED_EDGE('',*,*,#835,.F.);
#837=CARTESIAN_POINT('',(-55.012689865,25.806352553,-21.095307911));
#838=VERTEX_POINT('',#837);
#839=CARTESIAN_POINT('',(-55.012689865,27.00000508,-21.095307911));
#840=DIRECTION('',(0.,-1.,0.));
#841=VECTOR('',#840,1.193652527);
#842=LINE('',#839,#841);
#843=EDGE_CURVE('',#830,#838,#842,.T.);
#844=ORIENTED_EDGE('',*,*,#843,.T.);
#845=CARTESIAN_POINT('',(-55.012689865,25.806352553,-21.095307911));
#846=DIRECTION('',(-1.,0.,-0.));
#847=VECTOR('',#846,9.974620269);
#848=LINE('',#845,#847);
#849=EDGE_CURVE('',#838,#822,#848,.T.);
#850=ORIENTED_EDGE('',*,*,#849,.T.);
#851=EDGE_LOOP('',(#828,#836,#844,#850));
#852=FACE_BOUND('',#851,.T.);
#853=CARTESIAN_POINT('',(-56.825080019,19.77492126,-21.095307911));
#854=VERTEX_POINT('',#853);
#855=CARTESIAN_POINT('',(-56.825080019,23.47492126,-21.095307911));
#856=VERTEX_POINT('',#855);
#857=CARTESIAN_POINT('',(-56.825080019,19.77492126,-21.095307911));
#858=DIRECTION('',(0.,1.,0.));
#859=VECTOR('',#858,3.7);
#860=LINE('',#857,#859);
#861=EDGE_CURVE('',#854,#856,#860,.T.);
#862=ORIENTED_EDGE('',*,*,#861,.F.);
#863=CARTESIAN_POINT('',(-63.175080019,19.77492126,-21.095307911));
#864=VERTEX_POINT('',#863);
#865=CARTESIAN_POINT('',(-56.825080019,19.77492126,-21.095307911));
#866=DIRECTION('',(-1.,0.,-0.));
#867=VECTOR('',#866,6.35);
#868=LINE('',#865,#867);
#869=EDGE_CURVE('',#854,#864,#868,.T.);
#870=ORIENTED_EDGE('',*,*,#869,.T.);
#871=CARTESIAN_POINT('',(-63.175080019,23.47492126,-21.095307911));
#872=VERTEX_POINT('',#871);
#873=CARTESIAN_POINT('',(-63.175080019,19.77492126,-21.095307911));
#874=DIRECTION('',(0.,1.,0.));
#875=VECTOR('',#874,3.7);
#876=LINE('',#873,#875);
#877=EDGE_CURVE('',#864,#872,#876,.T.);
#878=ORIENTED_EDGE('',*,*,#877,.T.);
#879=CARTESIAN_POINT('',(-56.825080019,23.47492126,-21.095307911));
#880=DIRECTION('',(-1.,0.,-0.));
#881=VECTOR('',#880,6.35);
#882=LINE('',#879,#881);
#883=EDGE_CURVE('',#856,#872,#882,.T.);
#884=ORIENTED_EDGE('',*,*,#883,.F.);
#885=EDGE_LOOP('',(#862,#870,#878,#884));
#886=FACE_BOUND('',#885,.T.);
#887=CARTESIAN_POINT('',(-40.,-5.999656118,-21.095307911));
#888=VERTEX_POINT('',#887);
#889=CARTESIAN_POINT('',(-45.,-5.999656118,-21.095307911));
#890=VERTEX_POINT('',#889);
#891=CARTESIAN_POINT('',(-42.5,-5.999656118,-21.095307911));
#892=DIRECTION('',(-0.,-0.,1.));
#893=DIRECTION('',(-1.,0.,-0.));
#894=AXIS2_PLACEMENT_3D('',#891,#892,#893);
#895=CIRCLE('',#894,2.5);
#896=EDGE_CURVE('',#888,#890,#895,.T.);
#897=ORIENTED_EDGE('',*,*,#896,.F.);
#898=CARTESIAN_POINT('',(-42.5,-5.999656118,-21.095307911));
#899=DIRECTION('',(-0.,-0.,1.));
#900=DIRECTION('',(-1.,0.,-0.));
#901=AXIS2_PLACEMENT_3D('',#898,#899,#900);
#902=CIRCLE('',#901,2.5);
#903=EDGE_CURVE('',#890,#888,#902,.T.);
#904=ORIENTED_EDGE('',*,*,#903,.F.);
#905=EDGE_LOOP('',(#897,#904));
#906=FACE_BOUND('',#905,.T.);
#907=CARTESIAN_POINT('',(-68.508180602,23.841846414,-21.095307911));
#908=VERTEX_POINT('',#907);
#909=CARTESIAN_POINT('',(-73.508180602,23.841846414,-21.095307911));
#910=VERTEX_POINT('',#909);
#911=CARTESIAN_POINT('',(-71.008180602,23.841846414,-21.095307911));
#912=DIRECTION('',(-0.,-0.,1.));
#913=DIRECTION('',(-1.,0.,-0.));
#914=AXIS2_PLACEMENT_3D('',#911,#912,#913);
#915=CIRCLE('',#914,2.5);
#916=EDGE_CURVE('',#908,#910,#915,.T.);
#917=ORIENTED_EDGE('',*,*,#916,.F.);
#918=CARTESIAN_POINT('',(-71.008180602,23.841846414,-21.095307911));
#919=DIRECTION('',(-0.,-0.,1.));
#920=DIRECTION('',(-1.,0.,-0.));
#921=AXIS2_PLACEMENT_3D('',#918,#919,#920);
#922=CIRCLE('',#921,2.5);
#923=EDGE_CURVE('',#910,#908,#922,.T.);
#924=ORIENTED_EDGE('',*,*,#923,.F.);
#925=EDGE_LOOP('',(#917,#924));
#926=FACE_BOUND('',#925,.T.);
#927=CARTESIAN_POINT('',(-75.,-5.999656118,-21.095307911));
#928=VERTEX_POINT('',#927);
#929=CARTESIAN_POINT('',(-80.,-5.999656118,-21.095307911));
#930=VERTEX_POINT('',#929);
#931=CARTESIAN_POINT('',(-77.5,-5.999656118,-21.095307911));
#932=DIRECTION('',(-0.,-0.,1.));
#933=DIRECTION('',(-1.,0.,-0.));
#934=AXIS2_PLACEMENT_3D('',#931,#932,#933);
#935=CIRCLE('',#934,2.5);
#936=EDGE_CURVE('',#928,#930,#935,.T.);
#937=ORIENTED_EDGE('',*,*,#936,.F.);
#938=CARTESIAN_POINT('',(-77.5,-5.999656118,-21.095307911));
#939=DIRECTION('',(-0.,-0.,1.));
#940=DIRECTION('',(-1.,0.,-0.));
#941=AXIS2_PLACEMENT_3D('',#938,#939,#940);
#942=CIRCLE('',#941,2.5);
#943=EDGE_CURVE('',#930,#928,#942,.T.);
#944=ORIENTED_EDGE('',*,*,#943,.F.);
#945=EDGE_LOOP('',(#937,#944));
#946=FACE_BOUND('',#945,.T.);
#947=CARTESIAN_POINT('',(-46.508180602,23.841846414,-21.095307911));
#948=VERTEX_POINT('',#947);
#949=CARTESIAN_POINT('',(-51.508180602,23.841846414,-21.095307911));
#950=VERTEX_POINT('',#949);
#951=CARTESIAN_POINT('',(-49.008180602,23.841846414,-21.095307911));
#952=DIRECTION('',(-0.,-0.,1.));
#953=DIRECTION('',(-1.,0.,-0.));
#954=AXIS2_PLACEMENT_3D('',#951,#952,#953);
#955=CIRCLE('',#954,2.5);
#956=EDGE_CURVE('',#948,#950,#955,.T.);
#957=ORIENTED_EDGE('',*,*,#956,.F.);
#958=CARTESIAN_POINT('',(-49.008180602,23.841846414,-21.095307911));
#959=DIRECTION('',(-0.,-0.,1.));
#960=DIRECTION('',(-1.,0.,-0.));
#961=AXIS2_PLACEMENT_3D('',#958,#959,#960);
#962=CIRCLE('',#961,2.5);
#963=EDGE_CURVE('',#950,#948,#962,.T.);
#964=ORIENTED_EDGE('',*,*,#963,.F.);
#965=EDGE_LOOP('',(#957,#964));
#966=FACE_BOUND('',#965,.T.);
#967=CARTESIAN_POINT('',(-54.412687325,-10.602135681,-21.095307911));
#968=VERTEX_POINT('',#967);
#969=CARTESIAN_POINT('',(-54.412687325,-5.44574572,-21.095307911));
#970=VERTEX_POINT('',#969);
#971=CARTESIAN_POINT('',(-54.412687325,-10.602135681,-21.095307911));
#972=DIRECTION('',(0.,1.,0.));
#973=VECTOR('',#972,5.156389961);
#974=LINE('',#971,#973);
#975=EDGE_CURVE('',#968,#970,#974,.T.);
#976=ORIENTED_EDGE('',*,*,#975,.F.);
#977=CARTESIAN_POINT('',(-54.412687325,-11.827535732,-21.095307911));
#978=VERTEX_POINT('',#977);
#979=CARTESIAN_POINT('',(-54.412687325,-10.602135681,-21.095307911));
#980=DIRECTION('',(-0.,-1.,-0.));
#981=VECTOR('',#980,1.225400051);
#982=LINE('',#979,#981);
#983=EDGE_CURVE('',#968,#978,#982,.T.);
#984=ORIENTED_EDGE('',*,*,#983,.T.);
#985=CARTESIAN_POINT('',(-54.412687325,-11.827535732,-21.095307911));
#986=DIRECTION('',(0.,-1.,0.));
#987=VECTOR('',#986,6.903308956);
#988=LINE('',#985,#987);
#989=EDGE_CURVE('',#978,#579,#988,.T.);
#990=ORIENTED_EDGE('',*,*,#989,.T.);
#991=ORIENTED_EDGE('',*,*,#584,.T.);
#992=CARTESIAN_POINT('',(-33.508180602,6.05425428,-21.095307911));
#993=VERTEX_POINT('',#992);
#994=CARTESIAN_POINT('',(-60.008180602,6.05425428,-21.095307911));
#995=DIRECTION('',(0.,0.,-1.));
#996=DIRECTION('',(-1.,0.,-0.));
#997=AXIS2_PLACEMENT_3D('',#994,#995,#996);
#998=CIRCLE('',#997,26.5);
#999=EDGE_CURVE('',#993,#571,#998,.T.);
#1000=ORIENTED_EDGE('',*,*,#999,.F.);
#1001=CARTESIAN_POINT('',(-60.008180602,6.05425428,-21.095307911));
#1002=DIRECTION('',(0.,0.,-1.));
#1003=DIRECTION('',(-1.,0.,-0.));
#1004=AXIS2_PLACEMENT_3D('',#1001,#1002,#1003);
#1005=CIRCLE('',#1004,26.5);
#1006=EDGE_CURVE('',#675,#993,#1005,.T.);
#1007=ORIENTED_EDGE('',*,*,#1006,.F.);
#1008=ORIENTED_EDGE('',*,*,#680,.F.);
#1009=CARTESIAN_POINT('',(-65.587310135,-11.827535732,-21.095307911));
#1010=VERTEX_POINT('',#1009);
#1011=CARTESIAN_POINT('',(-65.587310135,-18.732466036,-21.095307911));
#1012=DIRECTION('',(0.,1.,0.));
#1013=VECTOR('',#1012,6.904930304);
#1014=LINE('',#1011,#1013);
#1015=EDGE_CURVE('',#667,#1010,#1014,.T.);
#1016=ORIENTED_EDGE('',*,*,#1015,.T.);
#1017=CARTESIAN_POINT('',(-65.587310135,-10.602135681,-21.095307911));
#1018=VERTEX_POINT('',#1017);
#1019=CARTESIAN_POINT('',(-65.587310135,-10.602135681,-21.095307911));
#1020=DIRECTION('',(-0.,-1.,-0.));
#1021=VECTOR('',#1020,1.225400051);
#1022=LINE('',#1019,#1021);
#1023=EDGE_CURVE('',#1018,#1010,#1022,.T.);
#1024=ORIENTED_EDGE('',*,*,#1023,.F.);
#1025=CARTESIAN_POINT('',(-65.587310135,-5.44574572,-21.095307911));
#1026=VERTEX_POINT('',#1025);
#1027=CARTESIAN_POINT('',(-65.587310135,-10.602135681,-21.095307911));
#1028=DIRECTION('',(0.,1.,0.));
#1029=VECTOR('',#1028,5.156389961);
#1030=LINE('',#1027,#1029);
#1031=EDGE_CURVE('',#1018,#1026,#1030,.T.);
#1032=ORIENTED_EDGE('',*,*,#1031,.T.);
#1033=CARTESIAN_POINT('',(-74.008180602,-5.44574572,-21.095307911));
#1034=VERTEX_POINT('',#1033);
#1035=CARTESIAN_POINT('',(-65.587310135,-5.44574572,-21.095307911));
#1036=DIRECTION('',(-1.,-0.,-0.));
#1037=VECTOR('',#1036,8.420870467);
#1038=LINE('',#1035,#1037);
#1039=EDGE_CURVE('',#1026,#1034,#1038,.T.);
#1040=ORIENTED_EDGE('',*,*,#1039,.T.);
#1041=CARTESIAN_POINT('',(-75.008180602,-4.44574572,-21.095307911));
#1042=VERTEX_POINT('',#1041);
#1043=CARTESIAN_POINT('',(-74.008180602,-4.44574572,-21.095307911));
#1044=DIRECTION('',(0.,0.,-1.));
#1045=DIRECTION('',(-1.,0.,-0.));
#1046=AXIS2_PLACEMENT_3D('',#1043,#1044,#1045);
#1047=CIRCLE('',#1046,1.);
#1048=EDGE_CURVE('',#1034,#1042,#1047,.T.);
#1049=ORIENTED_EDGE('',*,*,#1048,.T.);
#1050=CARTESIAN_POINT('',(-75.008180602,16.55425428,-21.095307911));
#1051=VERTEX_POINT('',#1050);
#1052=CARTESIAN_POINT('',(-75.008180602,-4.44574572,-21.095307911));
#1053=DIRECTION('',(0.,1.,0.));
#1054=VECTOR('',#1053,21.);
#1055=LINE('',#1052,#1054);
#1056=EDGE_CURVE('',#1042,#1051,#1055,.T.);
#1057=ORIENTED_EDGE('',*,*,#1056,.T.);
#1058=CARTESIAN_POINT('',(-74.008180602,17.55425428,-21.095307911));
#1059=VERTEX_POINT('',#1058);
#1060=CARTESIAN_POINT('',(-74.008180602,16.55425428,-21.095307911));
#1061=DIRECTION('',(0.,0.,-1.));
#1062=DIRECTION('',(-1.,0.,-0.));
#1063=AXIS2_PLACEMENT_3D('',#1060,#1061,#1062);
#1064=CIRCLE('',#1063,1.);
#1065=EDGE_CURVE('',#1051,#1059,#1064,.T.);
#1066=ORIENTED_EDGE('',*,*,#1065,.T.);
#1067=CARTESIAN_POINT('',(-46.008180602,17.55425428,-21.095307911));
#1068=VERTEX_POINT('',#1067);
#1069=CARTESIAN_POINT('',(-74.008180602,17.55425428,-21.095307911));
#1070=DIRECTION('',(1.,0.,0.));
#1071=VECTOR('',#1070,28.);
#1072=LINE('',#1069,#1071);
#1073=EDGE_CURVE('',#1059,#1068,#1072,.T.);
#1074=ORIENTED_EDGE('',*,*,#1073,.T.);
#1075=CARTESIAN_POINT('',(-45.008180602,16.55425428,-21.095307911));
#1076=VERTEX_POINT('',#1075);
#1077=CARTESIAN_POINT('',(-46.008180602,16.55425428,-21.095307911));
#1078=DIRECTION('',(0.,0.,-1.));
#1079=DIRECTION('',(-1.,0.,-0.));
#1080=AXIS2_PLACEMENT_3D('',#1077,#1078,#1079);
#1081=CIRCLE('',#1080,1.);
#1082=EDGE_CURVE('',#1068,#1076,#1081,.T.);
#1083=ORIENTED_EDGE('',*,*,#1082,.T.);
#1084=CARTESIAN_POINT('',(-45.008180602,-4.44574572,-21.095307911));
#1085=VERTEX_POINT('',#1084);
#1086=CARTESIAN_POINT('',(-45.008180602,16.55425428,-21.095307911));
#1087=DIRECTION('',(0.,-1.,0.));
#1088=VECTOR('',#1087,21.);
#1089=LINE('',#1086,#1088);
#1090=EDGE_CURVE('',#1076,#1085,#1089,.T.);
#1091=ORIENTED_EDGE('',*,*,#1090,.T.);
#1092=CARTESIAN_POINT('',(-46.008180602,-5.44574572,-21.095307911));
#1093=VERTEX_POINT('',#1092);
#1094=CARTESIAN_POINT('',(-46.008180602,-4.44574572,-21.095307911));
#1095=DIRECTION('',(0.,0.,-1.));
#1096=DIRECTION('',(-1.,0.,-0.));
#1097=AXIS2_PLACEMENT_3D('',#1094,#1095,#1096);
#1098=CIRCLE('',#1097,1.);
#1099=EDGE_CURVE('',#1085,#1093,#1098,.T.);
#1100=ORIENTED_EDGE('',*,*,#1099,.T.);
#1101=CARTESIAN_POINT('',(-46.008180602,-5.44574572,-21.095307911));
#1102=DIRECTION('',(-1.,-0.,-0.));
#1103=VECTOR('',#1102,8.404506723);
#1104=LINE('',#1101,#1103);
#1105=EDGE_CURVE('',#1093,#970,#1104,.T.);
#1106=ORIENTED_EDGE('',*,*,#1105,.T.);
#1107=EDGE_LOOP('',(#976,#984,#990,#991,#1000,#1007,#1008,#1016,#1024,#1032,#1040,#1049,#1057,#1066,#1074,#1083,#1091,#1100,#1106));
#1108=FACE_BOUND('',#1107,.T.);
#1109=ADVANCED_FACE('',(#852,#886,#906,#926,#946,#966,#1108),#818,.F.);
#1110=CARTESIAN_POINT('',(-60.008180602,-5.44574572,-21.595307911));
#1111=DIRECTION('',(-0.,1.,-0.));
#1112=DIRECTION('',(-1.,-0.,0.));
#1113=AXIS2_PLACEMENT_3D('',#1110,#1111,#1112);
#1114=PLANE('',#1113);
#1115=CARTESIAN_POINT('',(-46.008180602,-5.44574572,-21.595307911));
#1116=VERTEX_POINT('',#1115);
#1117=CARTESIAN_POINT('',(-54.412687325,-5.44574572,-21.595307911));
#1118=VERTEX_POINT('',#1117);
#1119=CARTESIAN_POINT('',(-46.008180602,-5.44574572,-21.595307911));
#1120=DIRECTION('',(-1.,-0.,-0.));
#1121=VECTOR('',#1120,8.404506723);
#1122=LINE('',#1119,#1121);
#1123=EDGE_CURVE('',#1116,#1118,#1122,.T.);
#1124=ORIENTED_EDGE('',*,*,#1123,.T.);
#1125=CARTESIAN_POINT('',(-54.412687325,-5.44574572,-21.595307911));
#1126=DIRECTION('',(-0.,-0.,1.));
#1127=VECTOR('',#1126,0.5);
#1128=LINE('',#1125,#1127);
#1129=EDGE_CURVE('',#1118,#970,#1128,.T.);
#1130=ORIENTED_EDGE('',*,*,#1129,.T.);
#1131=ORIENTED_EDGE('',*,*,#1105,.F.);
#1132=CARTESIAN_POINT('',(-46.008180602,-5.44574572,-21.095307911));
#1133=DIRECTION('',(0.,0.,-1.));
#1134=VECTOR('',#1133,0.5);
#1135=LINE('',#1132,#1134);
#1136=EDGE_CURVE('',#1093,#1116,#1135,.T.);
#1137=ORIENTED_EDGE('',*,*,#1136,.T.);
#1138=EDGE_LOOP('',(#1124,#1130,#1131,#1137));
#1139=FACE_BOUND('',#1138,.T.);
#1140=ADVANCED_FACE('',(#1139),#1114,.T.);
#1141=CARTESIAN_POINT('',(-60.008180602,6.05425428,-23.095307911));
#1142=DIRECTION('',(-0.,0.,1.));
#1143=DIRECTION('',(1.,0.,0.));
#1144=AXIS2_PLACEMENT_3D('',#1141,#1142,#1143);
#1145=CYLINDRICAL_SURFACE('',#1144,28.185851696);
#1146=ORIENTED_EDGE('',*,*,#731,.F.);
#1147=CARTESIAN_POINT('',(-32.808180602,-1.335078291,-21.095307911));
#1148=VERTEX_POINT('',#1147);
#1149=CARTESIAN_POINT('',(-60.008180602,6.05425428,-21.095307911));
#1150=DIRECTION('',(-0.,0.,1.));
#1151=DIRECTION('',(1.,0.,0.));
#1152=AXIS2_PLACEMENT_3D('',#1149,#1150,#1151);
#1153=CIRCLE('',#1152,28.185851696);
#1154=EDGE_CURVE('',#698,#1148,#1153,.T.);
#1155=ORIENTED_EDGE('',*,*,#1154,.T.);
#1156=CARTESIAN_POINT('',(-32.808180602,-1.335078291,-21.095307911));
#1157=DIRECTION('',(-0.,0.,1.));
#1158=VECTOR('',#1157,4.);
#1159=LINE('',#1156,#1158);
#1160=EDGE_CURVE('',#1148,#437,#1159,.T.);
#1161=ORIENTED_EDGE('',*,*,#1160,.T.);
#1162=ORIENTED_EDGE('',*,*,#443,.T.);
#1163=CARTESIAN_POINT('',(-32.863305082,-1.535078291,-16.295307911));
#1164=VERTEX_POINT('',#1163);
#1165=CARTESIAN_POINT('',(-32.863305082,-1.535078291,-16.295307911));
#1166=DIRECTION('',(0.,-0.,-1.));
#1167=VECTOR('',#1166,0.8);
#1168=LINE('',#1165,#1167);
#1169=EDGE_CURVE('',#1164,#429,#1168,.T.);
#1170=ORIENTED_EDGE('',*,*,#1169,.F.);
#1171=CARTESIAN_POINT('',(-49.38016992,-20.05106366,-16.295307911));
#1172=VERTEX_POINT('',#1171);
#1173=CARTESIAN_POINT('',(-60.008180602,6.05425428,-16.295307911));
#1174=DIRECTION('',(0.,0.,-1.));
#1175=DIRECTION('',(-1.,0.,-0.));
#1176=AXIS2_PLACEMENT_3D('',#1173,#1174,#1175);
#1177=CIRCLE('',#1176,28.185851696);
#1178=EDGE_CURVE('',#1164,#1172,#1177,.T.);
#1179=ORIENTED_EDGE('',*,*,#1178,.T.);
#1180=CARTESIAN_POINT('',(-49.38016992,-20.05106366,-16.295307911));
#1181=DIRECTION('',(0.,-0.,-1.));
#1182=VECTOR('',#1181,0.8);
#1183=LINE('',#1180,#1182);
#1184=EDGE_CURVE('',#1172,#403,#1183,.T.);
#1185=ORIENTED_EDGE('',*,*,#1184,.T.);
#1186=ORIENTED_EDGE('',*,*,#409,.F.);
#1187=EDGE_LOOP('',(#1146,#1155,#1161,#1162,#1170,#1179,#1185,#1186));
#1188=FACE_BOUND('',#1187,.T.);
#1189=ADVANCED_FACE('',(#1188),#1145,.T.);
#1190=CARTESIAN_POINT('',(-60.008180602,6.05425428,-17.195307911));
#1191=DIRECTION('',(-0.,0.,1.));
#1192=DIRECTION('',(1.,0.,0.));
#1193=AXIS2_PLACEMENT_3D('',#1190,#1191,#1192);
#1194=PLANE('',#1193);
#1195=CARTESIAN_POINT('',(-55.012689865,27.00000508,-17.195307911));
#1196=VERTEX_POINT('',#1195);
#1197=CARTESIAN_POINT('',(-55.012689865,25.806352553,-17.195307911));
#1198=VERTEX_POINT('',#1197);
#1199=CARTESIAN_POINT('',(-55.012689865,27.00000508,-17.195307911));
#1200=DIRECTION('',(0.,-1.,0.));
#1201=VECTOR('',#1200,1.193652527);
#1202=LINE('',#1199,#1201);
#1203=EDGE_CURVE('',#1196,#1198,#1202,.T.);
#1204=ORIENTED_EDGE('',*,*,#1203,.F.);
#1205=CARTESIAN_POINT('',(-64.987310135,27.00000508,-17.195307911));
#1206=VERTEX_POINT('',#1205);
#1207=CARTESIAN_POINT('',(-55.012689865,27.00000508,-17.195307911));
#1208=DIRECTION('',(-1.,0.,-0.));
#1209=VECTOR('',#1208,9.974620269);
#1210=LINE('',#1207,#1209);
#1211=EDGE_CURVE('',#1196,#1206,#1210,.T.);
#1212=ORIENTED_EDGE('',*,*,#1211,.T.);
#1213=CARTESIAN_POINT('',(-64.987310135,25.806352553,-17.195307911));
#1214=VERTEX_POINT('',#1213);
#1215=CARTESIAN_POINT('',(-64.987310135,27.00000508,-17.195307911));
#1216=DIRECTION('',(0.,-1.,0.));
#1217=VECTOR('',#1216,1.193652527);
#1218=LINE('',#1215,#1217);
#1219=EDGE_CURVE('',#1206,#1214,#1218,.T.);
#1220=ORIENTED_EDGE('',*,*,#1219,.T.);
#1221=CARTESIAN_POINT('',(-55.012689865,25.806352553,-17.195307911));
#1222=DIRECTION('',(-1.,0.,-0.));
#1223=VECTOR('',#1222,9.974620269);
#1224=LINE('',#1221,#1223);
#1225=EDGE_CURVE('',#1198,#1214,#1224,.T.);
#1226=ORIENTED_EDGE('',*,*,#1225,.F.);
#1227=EDGE_LOOP('',(#1204,#1212,#1220,#1226));
#1228=FACE_BOUND('',#1227,.T.);
#1229=ADVANCED_FACE('',(#1228),#1194,.T.);
#1230=CARTESIAN_POINT('',(-60.008180602,6.05425428,-23.095307911));
#1231=DIRECTION('',(-0.,0.,1.));
#1232=DIRECTION('',(1.,0.,0.));
#1233=AXIS2_PLACEMENT_3D('',#1230,#1231,#1232);
#1234=CYLINDRICAL_SURFACE('',#1233,26.5);
#1235=CARTESIAN_POINT('',(-33.508180602,6.05425428,-17.095307911));
#1236=DIRECTION('',(0.,-0.,-1.));
#1237=VECTOR('',#1236,4.);
#1238=LINE('',#1235,#1237);
#1239=EDGE_CURVE('',#361,#993,#1238,.T.);
#1240=ORIENTED_EDGE('',*,*,#1239,.F.);
#1241=ORIENTED_EDGE('',*,*,#367,.F.);
#1242=ORIENTED_EDGE('',*,*,#686,.T.);
#1243=ORIENTED_EDGE('',*,*,#1006,.T.);
#1244=EDGE_LOOP('',(#1240,#1241,#1242,#1243));
#1245=FACE_BOUND('',#1244,.T.);
#1246=ADVANCED_FACE('',(#1245),#1234,.F.);
#1247=CARTESIAN_POINT('',(-60.008180602,6.05425428,-23.095307911));
#1248=DIRECTION('',(-0.,0.,1.));
#1249=DIRECTION('',(1.,0.,0.));
#1250=AXIS2_PLACEMENT_3D('',#1247,#1248,#1249);
#1251=CYLINDRICAL_SURFACE('',#1250,28.185851696);
#1252=CARTESIAN_POINT('',(-87.208180602,-1.335078291,-21.095307911));
#1253=VERTEX_POINT('',#1252);
#1254=CARTESIAN_POINT('',(-87.208180602,-1.335078291,-21.095307911));
#1255=DIRECTION('',(-0.,0.,1.));
#1256=VECTOR('',#1255,4.);
#1257=LINE('',#1254,#1256);
#1258=EDGE_CURVE('',#1253,#497,#1257,.T.);
#1259=ORIENTED_EDGE('',*,*,#1258,.F.);
#1260=CARTESIAN_POINT('',(-60.008180602,6.05425428,-21.095307911));
#1261=DIRECTION('',(-0.,0.,1.));
#1262=DIRECTION('',(1.,0.,0.));
#1263=AXIS2_PLACEMENT_3D('',#1260,#1261,#1262);
#1264=CIRCLE('',#1263,28.185851696);
#1265=EDGE_CURVE('',#1253,#776,#1264,.T.);
#1266=ORIENTED_EDGE('',*,*,#1265,.T.);
#1267=ORIENTED_EDGE('',*,*,#781,.T.);
#1268=ORIENTED_EDGE('',*,*,#545,.T.);
#1269=CARTESIAN_POINT('',(-70.636191284,-20.05106366,-16.295307911));
#1270=VERTEX_POINT('',#1269);
#1271=CARTESIAN_POINT('',(-70.636191284,-20.05106366,-16.295307911));
#1272=DIRECTION('',(0.,-0.,-1.));
#1273=VECTOR('',#1272,0.8);
#1274=LINE('',#1271,#1273);
#1275=EDGE_CURVE('',#1270,#531,#1274,.T.);
#1276=ORIENTED_EDGE('',*,*,#1275,.F.);
#1277=CARTESIAN_POINT('',(-87.153056121,-1.535078291,-16.295307911));
#1278=VERTEX_POINT('',#1277);
#1279=CARTESIAN_POINT('',(-60.008180602,6.05425428,-16.295307911));
#1280=DIRECTION('',(0.,0.,-1.));
#1281=DIRECTION('',(-1.,0.,-0.));
#1282=AXIS2_PLACEMENT_3D('',#1279,#1280,#1281);
#1283=CIRCLE('',#1282,28.185851696);
#1284=EDGE_CURVE('',#1270,#1278,#1283,.T.);
#1285=ORIENTED_EDGE('',*,*,#1284,.T.);
#1286=CARTESIAN_POINT('',(-87.153056121,-1.535078291,-16.295307911));
#1287=DIRECTION('',(0.,-0.,-1.));
#1288=VECTOR('',#1287,0.8);
#1289=LINE('',#1286,#1288);
#1290=EDGE_CURVE('',#1278,#505,#1289,.T.);
#1291=ORIENTED_EDGE('',*,*,#1290,.T.);
#1292=ORIENTED_EDGE('',*,*,#511,.F.);
#1293=EDGE_LOOP('',(#1259,#1266,#1267,#1268,#1276,#1285,#1291,#1292));
#1294=FACE_BOUND('',#1293,.T.);
#1295=ADVANCED_FACE('',(#1294),#1251,.T.);
#1296=CARTESIAN_POINT('',(-87.208180602,6.05425428,-23.095307911));
#1297=DIRECTION('',(1.,0.,0.));
#1298=DIRECTION('',(0.,0.,-1.));
#1299=AXIS2_PLACEMENT_3D('',#1296,#1297,#1298);
#1300=PLANE('',#1299);
#1301=CARTESIAN_POINT('',(-87.208180602,13.443586851,-21.095307911));
#1302=VERTEX_POINT('',#1301);
#1303=CARTESIAN_POINT('',(-87.208180602,13.443586851,-21.095307911));
#1304=DIRECTION('',(-0.,0.,1.));
#1305=VECTOR('',#1304,4.);
#1306=LINE('',#1303,#1305);
#1307=EDGE_CURVE('',#1302,#488,#1306,.T.);
#1308=ORIENTED_EDGE('',*,*,#1307,.F.);
#1309=CARTESIAN_POINT('',(-87.208180602,6.05425428,-22.09520783));
#1310=VERTEX_POINT('',#1309);
#1311=CARTESIAN_POINT('',(-87.208180602,13.443586851,-21.095307911));
#1312=CARTESIAN_POINT('',(-87.208180602,13.443586851,-21.136544698));
#1313=CARTESIAN_POINT('',(-87.208180602,13.433713441,-21.176405047));
#1314=CARTESIAN_POINT('',(-87.208180602,13.416777535,-21.213561545));
#1315=CARTESIAN_POINT('',(-87.208180602,13.399841629,-21.250718043));
#1316=CARTESIAN_POINT('',(-87.208180602,13.376625052,-21.284195834));
#1317=CARTESIAN_POINT('',(-87.208180602,13.34981756,-21.315030499));
#1318=CARTESIAN_POINT('',(-87.208180602,13.296202576,-21.37669983));
#1319=CARTESIAN_POINT('',(-87.208180602,13.23124446,-21.425676349));
#1320=CARTESIAN_POINT('',(-87.208180602,13.16249225,-21.46884396));
#1321=CARTESIAN_POINT('',(-87.208180602,13.093740039,-21.512011571));
#1322=CARTESIAN_POINT('',(-87.208180602,13.022047116,-21.548184808));
#1323=CARTESIAN_POINT('',(-87.208180602,12.948781359,-21.580617119));
#1324=CARTESIAN_POINT('',(-87.208180602,12.875515602,-21.613049431));
#1325=CARTESIAN_POINT('',(-87.208180602,12.800608262,-21.6415773));
#1326=CARTESIAN_POINT('',(-87.208180602,12.72461354,-21.667518871));
#1327=CARTESIAN_POINT('',(-87.208180602,12.572624095,-21.719402014));
#1328=CARTESIAN_POINT('',(-87.208180602,12.416265078,-21.761015969));
#1329=CARTESIAN_POINT('',(-87.208180602,12.260104391,-21.796350738));
#1330=CARTESIAN_POINT('',(-87.208180602,12.103943704,-21.831685506));
#1331=CARTESIAN_POINT('',(-87.208180602,11.947025984,-21.860824729));
#1332=CARTESIAN_POINT('',(-87.208180602,11.789620559,-21.885972589));
#1333=CARTESIAN_POINT('',(-87.208180602,11.47480971,-21.936268309));
#1334=CARTESIAN_POINT('',(-87.208180602,11.158072389,-21.970797838));
#1335=CARTESIAN_POINT('',(-87.208180602,10.840338803,-21.997173948));
#1336=CARTESIAN_POINT('',(-87.208180602,10.522605217,-22.023550058));
#1337=CARTESIAN_POINT('',(-87.208180602,10.203837063,-22.041459285));
#1338=CARTESIAN_POINT('',(-87.208180602,9.884483013,-22.054573563));
#1339=CARTESIAN_POINT('',(-87.208180602,9.245774915,-22.080802119));
#1340=CARTESIAN_POINT('',(-87.208180602,8.606538748,-22.088333574));
#1341=CARTESIAN_POINT('',(-87.208180602,7.967426353,-22.091993599));
#1342=CARTESIAN_POINT('',(-87.208180602,7.328313958,-22.095653624));
#1343=CARTESIAN_POINT('',(-87.208180602,6.689159294,-22.095209226));
#1344=CARTESIAN_POINT('',(-87.208180602,6.050009838,-22.095207814));
#1345=CARTESIAN_POINT('',(-87.208180602,5.410860382,-22.095206403));
#1346=CARTESIAN_POINT('',(-87.208180602,4.771709664,-22.095647527));
#1347=CARTESIAN_POINT('',(-87.208180602,4.132570768,-22.091944567));
#1348=CARTESIAN_POINT('',(-87.208180602,3.493431872,-22.088241607));
#1349=CARTESIAN_POINT('',(-87.208180602,2.854281633,-22.080627938));
#1350=CARTESIAN_POINT('',(-87.208180602,2.215667568,-22.054229197));
#1351=CARTESIAN_POINT('',(-87.208180602,1.896360535,-22.041029827));
#1352=CARTESIAN_POINT('',(-87.208180602,1.577224517,-22.022998867));
#1353=CARTESIAN_POINT('',(-87.208180602,1.258807942,-21.996394256));
#1354=CARTESIAN_POINT('',(-87.208180602,0.940391366,-21.969789646));
#1355=CARTESIAN_POINT('',(-87.208180602,0.622432967,-21.934887024));
#1356=CARTESIAN_POINT('',(-87.208180602,0.306938656,-21.88405542));
#1357=CARTESIAN_POINT('',(-87.208180602,0.1491915,-21.858639618));
#1358=CARTESIAN_POINT('',(-87.208180602,-0.008042439,-21.829159677));
#1359=CARTESIAN_POINT('',(-87.208180602,-0.163786054,-21.793579125));
#1360=CARTESIAN_POINT('',(-87.208180602,-0.319529669,-21.757998572));
#1361=CARTESIAN_POINT('',(-87.208180602,-0.474195114,-21.716434923));
#1362=CARTESIAN_POINT('',(-87.208180602,-0.625251265,-21.664381924));
#1363=CARTESIAN_POINT('',(-87.208180602,-0.776307416,-21.612328924));
#1364=CARTESIAN_POINT('',(-87.208180602,-0.924539726,-21.551093305));
#1365=CARTESIAN_POINT('',(-87.208180602,-1.059544401,-21.465332013));
#1366=CARTESIAN_POINT('',(-87.208180602,-1.127046739,-21.422451367));
#1367=CARTESIAN_POINT('',(-87.208180602,-1.191822224,-21.372776772));
#1368=CARTESIAN_POINT('',(-87.208180602,-1.243776684,-21.312172123));
#1369=CARTESIAN_POINT('',(-87.208180602,-1.269753914,-21.281869799));
#1370=CARTESIAN_POINT('',(-87.208180602,-1.292236165,-21.249131766));
#1371=CARTESIAN_POINT('',(-87.208180602,-1.308841685,-21.212298145));
#1372=CARTESIAN_POINT('',(-87.208180602,-1.325447205,-21.175464523));
#1373=CARTESIAN_POINT('',(-87.208180602,-1.335078291,-21.135915505));
#1374=CARTESIAN_POINT('',(-87.208180602,-1.335078291,-21.095307911));
#1375=B_SPLINE_CURVE_WITH_KNOTS('',3,(#1311,#1312,#1313,#1314,#1315,#1316,#1317,#1318,#1319,#1320,#1321,#1322,#1323,#1324,#1325,#1326,#1327,#1328,#1329,#1330,#1331,#1332,#1333,#1334,#1335,#1336,
#1337,#1338,#1339,#1340,#1341,#1342,#1343,#1344,#1345,#1346,#1347,#1348,#1349,#1350,#1351,#1352,#1353,#1354,#1355,#1356,#1357,#1358,#1359,#1360,#1361,
#1362,#1363,#1364,#1365,#1366,#1367,#1368,#1369,#1370,#1371,#1372,#1373,#1374),.UNSPECIFIED.,.F.,.F.,(4,3,3,3,3,3,3,3,3,3,3,3,3,3,3,3,3,3,3,3,3,4),(0.,0.00012135,0.0002427,0.000485401,0.000728101,0.000970801,0.001456202,0.001941602,0.002912403,0.003883205,0.005824807,0.007766409,0.009708011,0.011649614,0.012620415,0.013591216,0.014076617,0.014562017,0.015047418,0.015290118,0.015411468,0.015532818),.UNSPECIFIED.);
#1376=EDGE_CURVE('',#1302,#1310,#1375,.T.);
#1377=ORIENTED_EDGE('',*,*,#1376,.T.);
#1378=CARTESIAN_POINT('',(-87.208180602,13.443586851,-21.095307911));
#1379=CARTESIAN_POINT('',(-87.208180602,13.443586851,-21.136544698));
#1380=CARTESIAN_POINT('',(-87.208180602,13.433713441,-21.176405047));
#1381=CARTESIAN_POINT('',(-87.208180602,13.416777535,-21.213561545));
#1382=CARTESIAN_POINT('',(-87.208180602,13.399841629,-21.250718043));
#1383=CARTESIAN_POINT('',(-87.208180602,13.376625052,-21.284195834));
#1384=CARTESIAN_POINT('',(-87.208180602,13.34981756,-21.315030499));
#1385=CARTESIAN_POINT('',(-87.208180602,13.296202576,-21.37669983));
#1386=CARTESIAN_POINT('',(-87.208180602,13.23124446,-21.425676349));
#1387=CARTESIAN_POINT('',(-87.208180602,13.16249225,-21.46884396));
#1388=CARTESIAN_POINT('',(-87.208180602,13.093740039,-21.512011571));
#1389=CARTESIAN_POINT('',(-87.208180602,13.022047116,-21.548184808));
#1390=CARTESIAN_POINT('',(-87.208180602,12.948781359,-21.580617119));
#1391=CARTESIAN_POINT('',(-87.208180602,12.875515602,-21.613049431));
#1392=CARTESIAN_POINT('',(-87.208180602,12.800608262,-21.6415773));
#1393=CARTESIAN_POINT('',(-87.208180602,12.72461354,-21.667518871));
#1394=CARTESIAN_POINT('',(-87.208180602,12.572624095,-21.719402014));
#1395=CARTESIAN_POINT('',(-87.208180602,12.416265078,-21.761015969));
#1396=CARTESIAN_POINT('',(-87.208180602,12.260104391,-21.796350738));
#1397=CARTESIAN_POINT('',(-87.208180602,12.103943704,-21.831685506));
#1398=CARTESIAN_POINT('',(-87.208180602,11.947025984,-21.860824729));
#1399=CARTESIAN_POINT('',(-87.208180602,11.789620559,-21.885972589));
#1400=CARTESIAN_POINT('',(-87.208180602,11.47480971,-21.936268309));
#1401=CARTESIAN_POINT('',(-87.208180602,11.158072389,-21.970797838));
#1402=CARTESIAN_POINT('',(-87.208180602,10.840338803,-21.997173948));
#1403=CARTESIAN_POINT('',(-87.208180602,10.522605217,-22.023550058));
#1404=CARTESIAN_POINT('',(-87.208180602,10.203837063,-22.041459285));
#1405=CARTESIAN_POINT('',(-87.208180602,9.884483013,-22.054573563));
#1406=CARTESIAN_POINT('',(-87.208180602,9.245774915,-22.080802119));
#1407=CARTESIAN_POINT('',(-87.208180602,8.606538748,-22.088333574));
#1408=CARTESIAN_POINT('',(-87.208180602,7.967426353,-22.091993599));
#1409=CARTESIAN_POINT('',(-87.208180602,7.328313958,-22.095653624));
#1410=CARTESIAN_POINT('',(-87.208180602,6.689159294,-22.095209226));
#1411=CARTESIAN_POINT('',(-87.208180602,6.050009838,-22.095207814));
#1412=CARTESIAN_POINT('',(-87.208180602,5.410860382,-22.095206403));
#1413=CARTESIAN_POINT('',(-87.208180602,4.771709664,-22.095647527));
#1414=CARTESIAN_POINT('',(-87.208180602,4.132570768,-22.091944567));
#1415=CARTESIAN_POINT('',(-87.208180602,3.493431872,-22.088241607));
#1416=CARTESIAN_POINT('',(-87.208180602,2.854281633,-22.080627938));
#1417=CARTESIAN_POINT('',(-87.208180602,2.215667568,-22.054229197));
#1418=CARTESIAN_POINT('',(-87.208180602,1.896360535,-22.041029827));
#1419=CARTESIAN_POINT('',(-87.208180602,1.577224517,-22.022998867));
#1420=CARTESIAN_POINT('',(-87.208180602,1.258807942,-21.996394256));
#1421=CARTESIAN_POINT('',(-87.208180602,0.940391366,-21.969789646));
#1422=CARTESIAN_POINT('',(-87.208180602,0.622432967,-21.934887024));
#1423=CARTESIAN_POINT('',(-87.208180602,0.306938656,-21.88405542));
#1424=CARTESIAN_POINT('',(-87.208180602,0.1491915,-21.858639618));
#1425=CARTESIAN_POINT('',(-87.208180602,-0.008042439,-21.829159677));
#1426=CARTESIAN_POINT('',(-87.208180602,-0.163786054,-21.793579125));
#1427=CARTESIAN_POINT('',(-87.208180602,-0.319529669,-21.757998572));
#1428=CARTESIAN_POINT('',(-87.208180602,-0.474195114,-21.716434923));
#1429=CARTESIAN_POINT('',(-87.208180602,-0.625251265,-21.664381924));
#1430=CARTESIAN_POINT('',(-87.208180602,-0.776307416,-21.612328924));
#1431=CARTESIAN_POINT('',(-87.208180602,-0.924539726,-21.551093305));
#1432=CARTESIAN_POINT('',(-87.208180602,-1.059544401,-21.465332013));
#1433=CARTESIAN_POINT('',(-87.208180602,-1.127046739,-21.422451367));
#1434=CARTESIAN_POINT('',(-87.208180602,-1.191822224,-21.372776772));
#1435=CARTESIAN_POINT('',(-87.208180602,-1.243776684,-21.312172123));
#1436=CARTESIAN_POINT('',(-87.208180602,-1.269753914,-21.281869799));
#1437=CARTESIAN_POINT('',(-87.208180602,-1.292236165,-21.249131766));
#1438=CARTESIAN_POINT('',(-87.208180602,-1.308841685,-21.212298145));
#1439=CARTESIAN_POINT('',(-87.208180602,-1.325447205,-21.175464523));
#1440=CARTESIAN_POINT('',(-87.208180602,-1.335078291,-21.135915505));
#1441=CARTESIAN_POINT('',(-87.208180602,-1.335078291,-21.095307911));
#1442=B_SPLINE_CURVE_WITH_KNOTS('',3,(#1378,#1379,#1380,#1381,#1382,#1383,#1384,#1385,#1386,#1387,#1388,#1389,#1390,#1391,#1392,#1393,#1394,#1395,#1396,#1397,#1398,#1399,#1400,#1401,#1402,#1403,
#1404,#1405,#1406,#1407,#1408,#1409,#1410,#1411,#1412,#1413,#1414,#1415,#1416,#1417,#1418,#1419,#1420,#1421,#1422,#1423,#1424,#1425,#1426,#1427,#1428,
#1429,#1430,#1431,#1432,#1433,#1434,#1435,#1436,#1437,#1438,#1439,#1440,#1441),.UNSPECIFIED.,.F.,.F.,(4,3,3,3,3,3,3,3,3,3,3,3,3,3,3,3,3,3,3,3,3,4),(0.,0.00012135,0.0002427,0.000485401,0.000728101,0.000970801,0.001456202,0.001941602,0.002912403,0.003883205,0.005824807,0.007766409,0.009708011,0.011649614,0.012620415,0.013591216,0.014076617,0.014562017,0.015047418,0.015290118,0.015411468,0.015532818),.UNSPECIFIED.);
#1443=EDGE_CURVE('',#1310,#1253,#1442,.T.);
#1444=ORIENTED_EDGE('',*,*,#1443,.T.);
#1445=ORIENTED_EDGE('',*,*,#1258,.T.);
#1446=ORIENTED_EDGE('',*,*,#502,.T.);
#1447=EDGE_LOOP('',(#1308,#1377,#1444,#1445,#1446));
#1448=FACE_BOUND('',#1447,.T.);
#1449=ADVANCED_FACE('',(#1448),#1300,.F.);
#1450=CARTESIAN_POINT('',(-60.008180602,6.05425428,-23.095307911));
#1451=DIRECTION('',(-0.,0.,1.));
#1452=DIRECTION('',(1.,0.,0.));
#1453=AXIS2_PLACEMENT_3D('',#1450,#1451,#1452);
#1454=CYLINDRICAL_SURFACE('',#1453,28.185851696);
#1455=CARTESIAN_POINT('',(-32.808180602,13.443586851,-21.095307911));
#1456=VERTEX_POINT('',#1455);
#1457=CARTESIAN_POINT('',(-32.808180602,13.443586851,-21.095307911));
#1458=DIRECTION('',(-0.,0.,1.));
#1459=VECTOR('',#1458,4.);
#1460=LINE('',#1457,#1459);
#1461=EDGE_CURVE('',#1456,#446,#1460,.T.);
#1462=ORIENTED_EDGE('',*,*,#1461,.F.);
#1463=CARTESIAN_POINT('',(-60.008180602,6.05425428,-21.095307911));
#1464=DIRECTION('',(-0.,-0.,1.));
#1465=DIRECTION('',(-1.,0.,-0.));
#1466=AXIS2_PLACEMENT_3D('',#1463,#1464,#1465);
#1467=CIRCLE('',#1466,28.185851696);
#1468=EDGE_CURVE('',#1456,#1302,#1467,.T.);
#1469=ORIENTED_EDGE('',*,*,#1468,.T.);
#1470=ORIENTED_EDGE('',*,*,#1307,.T.);
#1471=ORIENTED_EDGE('',*,*,#494,.T.);
#1472=CARTESIAN_POINT('',(-87.153056121,13.643586851,-16.295307911));
#1473=VERTEX_POINT('',#1472);
#1474=CARTESIAN_POINT('',(-87.153056121,13.643586851,-16.295307911));
#1475=DIRECTION('',(0.,-0.,-1.));
#1476=VECTOR('',#1475,0.8);
#1477=LINE('',#1474,#1476);
#1478=EDGE_CURVE('',#1473,#480,#1477,.T.);
#1479=ORIENTED_EDGE('',*,*,#1478,.F.);
#1480=CARTESIAN_POINT('',(-32.863305082,13.643586851,-16.295307911));
#1481=VERTEX_POINT('',#1480);
#1482=CARTESIAN_POINT('',(-60.008180602,6.05425428,-16.295307911));
#1483=DIRECTION('',(0.,0.,-1.));
#1484=DIRECTION('',(-1.,0.,-0.));
#1485=AXIS2_PLACEMENT_3D('',#1482,#1483,#1484);
#1486=CIRCLE('',#1485,28.185851696);
#1487=EDGE_CURVE('',#1473,#1481,#1486,.T.);
#1488=ORIENTED_EDGE('',*,*,#1487,.T.);
#1489=CARTESIAN_POINT('',(-32.863305082,13.643586851,-16.295307911));
#1490=DIRECTION('',(0.,-0.,-1.));
#1491=VECTOR('',#1490,0.8);
#1492=LINE('',#1489,#1491);
#1493=EDGE_CURVE('',#1481,#454,#1492,.T.);
#1494=ORIENTED_EDGE('',*,*,#1493,.T.);
#1495=ORIENTED_EDGE('',*,*,#460,.F.);
#1496=EDGE_LOOP('',(#1462,#1469,#1470,#1471,#1479,#1488,#1494,#1495));
#1497=FACE_BOUND('',#1496,.T.);
#1498=ADVANCED_FACE('',(#1497),#1454,.T.);
#1499=CARTESIAN_POINT('',(-32.808180602,6.05425428,-23.095307911));
#1500=DIRECTION('',(-1.,-0.,-0.));
#1501=DIRECTION('',(-0.,0.,1.));
#1502=AXIS2_PLACEMENT_3D('',#1499,#1500,#1501);
#1503=PLANE('',#1502);
#1504=ORIENTED_EDGE('',*,*,#1160,.F.);
#1505=CARTESIAN_POINT('',(-32.808180602,-1.335078291,-21.095307911));
#1506=CARTESIAN_POINT('',(-32.808180602,-1.335078291,-21.136544698));
#1507=CARTESIAN_POINT('',(-32.808180602,-1.32520488,-21.176405047));
#1508=CARTESIAN_POINT('',(-32.808180602,-1.308268974,-21.213561545));
#1509=CARTESIAN_POINT('',(-32.808180602,-1.291333069,-21.250718043));
#1510=CARTESIAN_POINT('',(-32.808180602,-1.268116491,-21.284195834));
#1511=CARTESIAN_POINT('',(-32.808180602,-1.241308999,-21.315030499));
#1512=CARTESIAN_POINT('',(-32.808180602,-1.187694015,-21.37669983));
#1513=CARTESIAN_POINT('',(-32.808180602,-1.1227359,-21.425676349));
#1514=CARTESIAN_POINT('',(-32.808180602,-1.053983689,-21.46884396));
#1515=CARTESIAN_POINT('',(-32.808180602,-0.985231479,-21.512011571));
#1516=CARTESIAN_POINT('',(-32.808180602,-0.913538555,-21.548184808));
#1517=CARTESIAN_POINT('',(-32.808180602,-0.840272798,-21.580617119));
#1518=CARTESIAN_POINT('',(-32.808180602,-0.767007041,-21.613049431));
#1519=CARTESIAN_POINT('',(-32.808180602,-0.692099701,-21.6415773));
#1520=CARTESIAN_POINT('',(-32.808180602,-0.616104979,-21.667518871));
#1521=CARTESIAN_POINT('',(-32.808180602,-0.464115535,-21.719402014));
#1522=CARTESIAN_POINT('',(-32.808180602,-0.307756517,-21.761015969));
#1523=CARTESIAN_POINT('',(-32.808180602,-0.15159583,-21.796350738));
#1524=CARTESIAN_POINT('',(-32.808180602,0.004564856,-21.831685506));
#1525=CARTESIAN_POINT('',(-32.808180602,0.161482577,-21.860824729));
#1526=CARTESIAN_POINT('',(-32.808180602,0.318888001,-21.885972589));
#1527=CARTESIAN_POINT('',(-32.808180602,0.633698851,-21.936268309));
#1528=CARTESIAN_POINT('',(-32.808180602,0.950436171,-21.970797838));
#1529=CARTESIAN_POINT('',(-32.808180602,1.268169757,-21.997173948));
#1530=CARTESIAN_POINT('',(-32.808180602,1.585903344,-22.023550058));
#1531=CARTESIAN_POINT('',(-32.808180602,1.904671498,-22.041459285));
#1532=CARTESIAN_POINT('',(-32.808180602,2.224025547,-22.054573563));
#1533=CARTESIAN_POINT('',(-32.808180602,2.862733645,-22.080802119));
#1534=CARTESIAN_POINT('',(-32.808180602,3.501969812,-22.088333574));
#1535=CARTESIAN_POINT('',(-32.808180602,4.141082207,-22.091993599));
#1536=CARTESIAN_POINT('',(-32.808180602,4.780194602,-22.095653624));
#1537=CARTESIAN_POINT('',(-32.808180602,5.419349267,-22.095209226));
#1538=CARTESIAN_POINT('',(-32.808180602,6.058498723,-22.095207814));
#1539=CARTESIAN_POINT('',(-32.808180602,6.697648178,-22.095206403));
#1540=CARTESIAN_POINT('',(-32.808180602,7.336798897,-22.095647527));
#1541=CARTESIAN_POINT('',(-32.808180602,7.975937793,-22.091944567));
#1542=CARTESIAN_POINT('',(-32.808180602,8.615076688,-22.088241607));
#1543=CARTESIAN_POINT('',(-32.808180602,9.254226928,-22.080627938));
#1544=CARTESIAN_POINT('',(-32.808180602,9.892840993,-22.054229197));
#1545=CARTESIAN_POINT('',(-32.808180602,10.212148026,-22.041029827));
#1546=CARTESIAN_POINT('',(-32.808180602,10.531284044,-22.022998867));
#1547=CARTESIAN_POINT('',(-32.808180602,10.849700619,-21.996394256));
#1548=CARTESIAN_POINT('',(-32.808180602,11.168117195,-21.969789646));
#1549=CARTESIAN_POINT('',(-32.808180602,11.486075593,-21.934887024));
#1550=CARTESIAN_POINT('',(-32.808180602,11.801569905,-21.88405542));
#1551=CARTESIAN_POINT('',(-32.808180602,11.959317061,-21.858639618));
#1552=CARTESIAN_POINT('',(-32.808180602,12.116550999,-21.829159677));
#1553=CARTESIAN_POINT('',(-32.808180602,12.272294615,-21.793579125));
#1554=CARTESIAN_POINT('',(-32.808180602,12.42803823,-21.757998572));
#1555=CARTESIAN_POINT('',(-32.808180602,12.582703675,-21.716434923));
#1556=CARTESIAN_POINT('',(-32.808180602,12.733759826,-21.664381924));
#1557=CARTESIAN_POINT('',(-32.808180602,12.884815977,-21.612328924));
#1558=CARTESIAN_POINT('',(-32.808180602,13.033048287,-21.551093305));
#1559=CARTESIAN_POINT('',(-32.808180602,13.168052962,-21.465332013));
#1560=CARTESIAN_POINT('',(-32.808180602,13.235555299,-21.422451367));
#1561=CARTESIAN_POINT('',(-32.808180602,13.300330785,-21.372776772));
#1562=CARTESIAN_POINT('',(-32.808180602,13.352285245,-21.312172123));
#1563=CARTESIAN_POINT('',(-32.808180602,13.378262475,-21.281869799));
#1564=CARTESIAN_POINT('',(-32.808180602,13.400744725,-21.249131766));
#1565=CARTESIAN_POINT('',(-32.808180602,13.417350246,-21.212298145));
#1566=CARTESIAN_POINT('',(-32.808180602,13.433955766,-21.175464523));
#1567=CARTESIAN_POINT('',(-32.808180602,13.443586851,-21.135915505));
#1568=CARTESIAN_POINT('',(-32.808180602,13.443586851,-21.095307911));
#1569=B_SPLINE_CURVE_WITH_KNOTS('',3,(#1505,#1506,#1507,#1508,#1509,#1510,#1511,#1512,#1513,#1514,#1515,#1516,#1517,#1518,#1519,#1520,#1521,#1522,#1523,#1524,#1525,#1526,#1527,#1528,#1529,#1530,
#1531,#1532,#1533,#1534,#1535,#1536,#1537,#1538,#1539,#1540,#1541,#1542,#1543,#1544,#1545,#1546,#1547,#1548,#1549,#1550,#1551,#1552,#1553,#1554,#1555,
#1556,#1557,#1558,#1559,#1560,#1561,#1562,#1563,#1564,#1565,#1566,#1567,#1568),.UNSPECIFIED.,.F.,.F.,(4,3,3,3,3,3,3,3,3,3,3,3,3,3,3,3,3,3,3,3,3,4),(0.,0.00012135,0.0002427,0.000485401,0.000728101,0.000970801,0.001456202,0.001941602,0.002912403,0.003883205,0.005824807,0.007766409,0.009708011,0.011649614,0.012620415,0.013591216,0.014076617,0.014562017,0.015047418,0.015290118,0.015411468,0.015532818),.UNSPECIFIED.);
#1570=EDGE_CURVE('',#1148,#1456,#1569,.T.);
#1571=ORIENTED_EDGE('',*,*,#1570,.T.);
#1572=ORIENTED_EDGE('',*,*,#1461,.T.);
#1573=ORIENTED_EDGE('',*,*,#451,.T.);
#1574=EDGE_LOOP('',(#1504,#1571,#1572,#1573));
#1575=FACE_BOUND('',#1574,.T.);
#1576=ADVANCED_FACE('',(#1575),#1503,.F.);
#1577=CARTESIAN_POINT('',(-60.000080019,19.77492126,-20.295307911));
#1578=DIRECTION('',(0.,-1.,0.));
#1579=DIRECTION('',(0.,0.,-1.));
#1580=AXIS2_PLACEMENT_3D('',#1577,#1578,#1579);
#1581=PLANE('',#1580);
#1582=ORIENTED_EDGE('',*,*,#869,.F.);
#1583=CARTESIAN_POINT('',(-56.825080019,19.77492126,-20.295307911));
#1584=VERTEX_POINT('',#1583);
#1585=CARTESIAN_POINT('',(-56.825080019,19.77492126,-20.295307911));
#1586=DIRECTION('',(0.,0.,-1.));
#1587=VECTOR('',#1586,0.8);
#1588=LINE('',#1585,#1587);
#1589=EDGE_CURVE('',#1584,#854,#1588,.T.);
#1590=ORIENTED_EDGE('',*,*,#1589,.F.);
#1591=CARTESIAN_POINT('',(-63.175080019,19.77492126,-20.295307911));
#1592=VERTEX_POINT('',#1591);
#1593=CARTESIAN_POINT('',(-56.825080019,19.77492126,-20.295307911));
#1594=DIRECTION('',(-1.,0.,-0.));
#1595=VECTOR('',#1594,6.35);
#1596=LINE('',#1593,#1595);
#1597=EDGE_CURVE('',#1584,#1592,#1596,.T.);
#1598=ORIENTED_EDGE('',*,*,#1597,.T.);
#1599=CARTESIAN_POINT('',(-63.175080019,19.77492126,-20.295307911));
#1600=DIRECTION('',(0.,0.,-1.));
#1601=VECTOR('',#1600,0.8);
#1602=LINE('',#1599,#1601);
#1603=EDGE_CURVE('',#1592,#864,#1602,.T.);
#1604=ORIENTED_EDGE('',*,*,#1603,.T.);
#1605=EDGE_LOOP('',(#1582,#1590,#1598,#1604));
#1606=FACE_BOUND('',#1605,.T.);
#1607=ADVANCED_FACE('',(#1606),#1581,.T.);
#1608=CARTESIAN_POINT('',(-56.825080019,21.62492126,-20.295307911));
#1609=DIRECTION('',(-1.,0.,-0.));
#1610=DIRECTION('',(-0.,0.,1.));
#1611=AXIS2_PLACEMENT_3D('',#1608,#1609,#1610);
#1612=PLANE('',#1611);
#1613=ORIENTED_EDGE('',*,*,#861,.T.);
#1614=CARTESIAN_POINT('',(-56.825080019,23.47492126,-20.295307911));
#1615=VERTEX_POINT('',#1614);
#1616=CARTESIAN_POINT('',(-56.825080019,23.47492126,-20.295307911));
#1617=DIRECTION('',(0.,0.,-1.));
#1618=VECTOR('',#1617,0.8);
#1619=LINE('',#1616,#1618);
#1620=EDGE_CURVE('',#1615,#856,#1619,.T.);
#1621=ORIENTED_EDGE('',*,*,#1620,.F.);
#1622=CARTESIAN_POINT('',(-56.825080019,19.77492126,-20.295307911));
#1623=DIRECTION('',(0.,1.,0.));
#1624=VECTOR('',#1623,3.7);
#1625=LINE('',#1622,#1624);
#1626=EDGE_CURVE('',#1584,#1615,#1625,.T.);
#1627=ORIENTED_EDGE('',*,*,#1626,.F.);
#1628=ORIENTED_EDGE('',*,*,#1589,.T.);
#1629=EDGE_LOOP('',(#1613,#1621,#1627,#1628));
#1630=FACE_BOUND('',#1629,.T.);
#1631=ADVANCED_FACE('',(#1630),#1612,.F.);
#1632=CARTESIAN_POINT('',(-60.000080019,23.47492126,-20.295307911));
#1633=DIRECTION('',(0.,-1.,0.));
#1634=DIRECTION('',(0.,0.,-1.));
#1635=AXIS2_PLACEMENT_3D('',#1632,#1633,#1634);
#1636=PLANE('',#1635);
#1637=ORIENTED_EDGE('',*,*,#883,.T.);
#1638=CARTESIAN_POINT('',(-63.175080019,23.47492126,-20.295307911));
#1639=VERTEX_POINT('',#1638);
#1640=CARTESIAN_POINT('',(-63.175080019,23.47492126,-20.295307911));
#1641=DIRECTION('',(0.,0.,-1.));
#1642=VECTOR('',#1641,0.8);
#1643=LINE('',#1640,#1642);
#1644=EDGE_CURVE('',#1639,#872,#1643,.T.);
#1645=ORIENTED_EDGE('',*,*,#1644,.F.);
#1646=CARTESIAN_POINT('',(-56.825080019,23.47492126,-20.295307911));
#1647=DIRECTION('',(-1.,0.,-0.));
#1648=VECTOR('',#1647,6.35);
#1649=LINE('',#1646,#1648);
#1650=EDGE_CURVE('',#1615,#1639,#1649,.T.);
#1651=ORIENTED_EDGE('',*,*,#1650,.F.);
#1652=ORIENTED_EDGE('',*,*,#1620,.T.);
#1653=EDGE_LOOP('',(#1637,#1645,#1651,#1652));
#1654=FACE_BOUND('',#1653,.T.);
#1655=ADVANCED_FACE('',(#1654),#1636,.F.);
#1656=CARTESIAN_POINT('',(-63.175080019,21.62492126,-20.295307911));
#1657=DIRECTION('',(-1.,0.,-0.));
#1658=DIRECTION('',(-0.,0.,1.));
#1659=AXIS2_PLACEMENT_3D('',#1656,#1657,#1658);
#1660=PLANE('',#1659);
#1661=ORIENTED_EDGE('',*,*,#877,.F.);
#1662=ORIENTED_EDGE('',*,*,#1603,.F.);
#1663=CARTESIAN_POINT('',(-63.175080019,19.77492126,-20.295307911));
#1664=DIRECTION('',(0.,1.,0.));
#1665=VECTOR('',#1664,3.7);
#1666=LINE('',#1663,#1665);
#1667=EDGE_CURVE('',#1592,#1639,#1666,.T.);
#1668=ORIENTED_EDGE('',*,*,#1667,.T.);
#1669=ORIENTED_EDGE('',*,*,#1644,.T.);
#1670=EDGE_LOOP('',(#1661,#1662,#1668,#1669));
#1671=FACE_BOUND('',#1670,.T.);
#1672=ADVANCED_FACE('',(#1671),#1660,.T.);
#1673=CARTESIAN_POINT('',(-60.008180602,6.05425428,-20.295307911));
#1674=DIRECTION('',(-0.,0.,1.));
#1675=DIRECTION('',(1.,0.,0.));
#1676=AXIS2_PLACEMENT_3D('',#1673,#1674,#1675);
#1677=PLANE('',#1676);
#1678=ORIENTED_EDGE('',*,*,#1597,.F.);
#1679=ORIENTED_EDGE('',*,*,#1626,.T.);
#1680=ORIENTED_EDGE('',*,*,#1650,.T.);
#1681=ORIENTED_EDGE('',*,*,#1667,.F.);
#1682=EDGE_LOOP('',(#1678,#1679,#1680,#1681));
#1683=FACE_BOUND('',#1682,.T.);
#1684=ADVANCED_FACE('',(#1683),#1677,.T.);
#1685=CARTESIAN_POINT('',(-60.,25.806352553,-17.195307911));
#1686=DIRECTION('',(0.,-1.,0.));
#1687=DIRECTION('',(0.,0.,-1.));
#1688=AXIS2_PLACEMENT_3D('',#1685,#1686,#1687);
#1689=PLANE('',#1688);
#1690=ORIENTED_EDGE('',*,*,#849,.F.);
#1691=CARTESIAN_POINT('',(-55.012689865,25.806352553,-17.195307911));
#1692=DIRECTION('',(0.,0.,-1.));
#1693=VECTOR('',#1692,3.9);
#1694=LINE('',#1691,#1693);
#1695=EDGE_CURVE('',#1198,#838,#1694,.T.);
#1696=ORIENTED_EDGE('',*,*,#1695,.F.);
#1697=ORIENTED_EDGE('',*,*,#1225,.T.);
#1698=CARTESIAN_POINT('',(-64.987310135,25.806352553,-17.195307911));
#1699=DIRECTION('',(0.,0.,-1.));
#1700=VECTOR('',#1699,3.9);
#1701=LINE('',#1698,#1700);
#1702=EDGE_CURVE('',#1214,#822,#1701,.T.);
#1703=ORIENTED_EDGE('',*,*,#1702,.T.);
#1704=EDGE_LOOP('',(#1690,#1696,#1697,#1703));
#1705=FACE_BOUND('',#1704,.T.);
#1706=ADVANCED_FACE('',(#1705),#1689,.T.);
#1707=CARTESIAN_POINT('',(-55.012689865,26.403178816,-17.195307911));
#1708=DIRECTION('',(1.,0.,0.));
#1709=DIRECTION('',(0.,0.,-1.));
#1710=AXIS2_PLACEMENT_3D('',#1707,#1708,#1709);
#1711=PLANE('',#1710);
#1712=ORIENTED_EDGE('',*,*,#843,.F.);
#1713=CARTESIAN_POINT('',(-55.012689865,27.00000508,-17.195307911));
#1714=DIRECTION('',(0.,0.,-1.));
#1715=VECTOR('',#1714,3.9);
#1716=LINE('',#1713,#1715);
#1717=EDGE_CURVE('',#1196,#830,#1716,.T.);
#1718=ORIENTED_EDGE('',*,*,#1717,.F.);
#1719=ORIENTED_EDGE('',*,*,#1203,.T.);
#1720=ORIENTED_EDGE('',*,*,#1695,.T.);
#1721=EDGE_LOOP('',(#1712,#1718,#1719,#1720));
#1722=FACE_BOUND('',#1721,.T.);
#1723=ADVANCED_FACE('',(#1722),#1711,.T.);
#1724=CARTESIAN_POINT('',(-64.987310135,26.403178816,-17.195307911));
#1725=DIRECTION('',(1.,0.,0.));
#1726=DIRECTION('',(0.,0.,-1.));
#1727=AXIS2_PLACEMENT_3D('',#1724,#1725,#1726);
#1728=PLANE('',#1727);
#1729=ORIENTED_EDGE('',*,*,#827,.T.);
#1730=ORIENTED_EDGE('',*,*,#1702,.F.);
#1731=ORIENTED_EDGE('',*,*,#1219,.F.);
#1732=CARTESIAN_POINT('',(-64.987310135,27.00000508,-17.195307911));
#1733=DIRECTION('',(0.,0.,-1.));
#1734=VECTOR('',#1733,3.9);
#1735=LINE('',#1732,#1734);
#1736=EDGE_CURVE('',#1206,#820,#1735,.T.);
#1737=ORIENTED_EDGE('',*,*,#1736,.T.);
#1738=EDGE_LOOP('',(#1729,#1730,#1731,#1737));
#1739=FACE_BOUND('',#1738,.T.);
#1740=ADVANCED_FACE('',(#1739),#1728,.F.);
#1741=CARTESIAN_POINT('',(-60.,27.00000508,-21.195307911));
#1742=DIRECTION('',(0.,1.,0.));
#1743=DIRECTION('',(0.,0.,1.));
#1744=AXIS2_PLACEMENT_3D('',#1741,#1742,#1743);
#1745=PLANE('',#1744);
#1746=ORIENTED_EDGE('',*,*,#1211,.F.);
#1747=ORIENTED_EDGE('',*,*,#1717,.T.);
#1748=ORIENTED_EDGE('',*,*,#835,.T.);
#1749=ORIENTED_EDGE('',*,*,#1736,.F.);
#1750=EDGE_LOOP('',(#1746,#1747,#1748,#1749));
#1751=FACE_BOUND('',#1750,.T.);
#1752=ADVANCED_FACE('',(#1751),#1745,.T.);
#1753=CARTESIAN_POINT('',(-42.5,-5.999656118,-21.595307911));
#1754=DIRECTION('',(-0.,0.,1.));
#1755=DIRECTION('',(1.,0.,0.));
#1756=AXIS2_PLACEMENT_3D('',#1753,#1754,#1755);
#1757=CYLINDRICAL_SURFACE('',#1756,2.5);
#1758=CARTESIAN_POINT('',(-40.,-5.999656118,-17.095307911));
#1759=VERTEX_POINT('',#1758);
#1760=CARTESIAN_POINT('',(-40.,-5.999656118,-17.095307911));
#1761=DIRECTION('',(0.,-0.,-1.));
#1762=VECTOR('',#1761,4.);
#1763=LINE('',#1760,#1762);
#1764=EDGE_CURVE('',#1759,#888,#1763,.T.);
#1765=ORIENTED_EDGE('',*,*,#1764,.T.);
#1766=ORIENTED_EDGE('',*,*,#896,.T.);
#1767=ORIENTED_EDGE('',*,*,#903,.T.);
#1768=ORIENTED_EDGE('',*,*,#1764,.F.);
#1769=CARTESIAN_POINT('',(-45.,-5.999656118,-17.095307911));
#1770=VERTEX_POINT('',#1769);
#1771=CARTESIAN_POINT('',(-42.5,-5.999656118,-17.095307911));
#1772=DIRECTION('',(0.,0.,-1.));
#1773=DIRECTION('',(-1.,0.,-0.));
#1774=AXIS2_PLACEMENT_3D('',#1771,#1772,#1773);
#1775=CIRCLE('',#1774,2.5);
#1776=EDGE_CURVE('',#1759,#1770,#1775,.T.);
#1777=ORIENTED_EDGE('',*,*,#1776,.T.);
#1778=CARTESIAN_POINT('',(-42.5,-5.999656118,-17.095307911));
#1779=DIRECTION('',(0.,0.,-1.));
#1780=DIRECTION('',(-1.,0.,-0.));
#1781=AXIS2_PLACEMENT_3D('',#1778,#1779,#1780);
#1782=CIRCLE('',#1781,2.5);
#1783=EDGE_CURVE('',#1770,#1759,#1782,.T.);
#1784=ORIENTED_EDGE('',*,*,#1783,.T.);
#1785=EDGE_LOOP('',(#1765,#1766,#1767,#1768,#1777,#1784));
#1786=FACE_BOUND('',#1785,.T.);
#1787=ADVANCED_FACE('',(#1786),#1757,.T.);
#1788=CARTESIAN_POINT('',(-59.694190172,5.412031621,-17.095307911));
#1789=DIRECTION('',(0.,0.,-1.));
#1790=DIRECTION('',(1.,0.,0.));
#1791=AXIS2_PLACEMENT_3D('',#1788,#1789,#1790);
#1792=PLANE('',#1791);
#1793=ORIENTED_EDGE('',*,*,#77,.T.);
#1794=ORIENTED_EDGE('',*,*,#84,.T.);
#1795=EDGE_LOOP('',(#1793,#1794));
#1796=FACE_BOUND('',#1795,.T.);
#1797=ORIENTED_EDGE('',*,*,#1776,.F.);
#1798=ORIENTED_EDGE('',*,*,#1783,.F.);
#1799=EDGE_LOOP('',(#1797,#1798));
#1800=FACE_BOUND('',#1799,.T.);
#1801=ADVANCED_FACE('',(#1796,#1800),#1792,.F.);
#1802=CARTESIAN_POINT('',(-71.008180602,23.841846414,-21.595307911));
#1803=DIRECTION('',(-0.,0.,1.));
#1804=DIRECTION('',(1.,0.,0.));
#1805=AXIS2_PLACEMENT_3D('',#1802,#1803,#1804);
#1806=CYLINDRICAL_SURFACE('',#1805,2.5);
#1807=CARTESIAN_POINT('',(-68.508180602,23.841846414,-17.095307911));
#1808=VERTEX_POINT('',#1807);
#1809=CARTESIAN_POINT('',(-68.508180602,23.841846414,-17.095307911));
#1810=DIRECTION('',(0.,-0.,-1.));
#1811=VECTOR('',#1810,4.);
#1812=LINE('',#1809,#1811);
#1813=EDGE_CURVE('',#1808,#908,#1812,.T.);
#1814=ORIENTED_EDGE('',*,*,#1813,.T.);
#1815=ORIENTED_EDGE('',*,*,#916,.T.);
#1816=ORIENTED_EDGE('',*,*,#923,.T.);
#1817=ORIENTED_EDGE('',*,*,#1813,.F.);
#1818=CARTESIAN_POINT('',(-73.508180602,23.841846414,-17.095307911));
#1819=VERTEX_POINT('',#1818);
#1820=CARTESIAN_POINT('',(-71.008180602,23.841846414,-17.095307911));
#1821=DIRECTION('',(0.,0.,-1.));
#1822=DIRECTION('',(-1.,0.,-0.));
#1823=AXIS2_PLACEMENT_3D('',#1820,#1821,#1822);
#1824=CIRCLE('',#1823,2.5);
#1825=EDGE_CURVE('',#1808,#1819,#1824,.T.);
#1826=ORIENTED_EDGE('',*,*,#1825,.T.);
#1827=CARTESIAN_POINT('',(-71.008180602,23.841846414,-17.095307911));
#1828=DIRECTION('',(0.,0.,-1.));
#1829=DIRECTION('',(-1.,0.,-0.));
#1830=AXIS2_PLACEMENT_3D('',#1827,#1828,#1829);
#1831=CIRCLE('',#1830,2.5);
#1832=EDGE_CURVE('',#1819,#1808,#1831,.T.);
#1833=ORIENTED_EDGE('',*,*,#1832,.T.);
#1834=EDGE_LOOP('',(#1814,#1815,#1816,#1817,#1826,#1833));
#1835=FACE_BOUND('',#1834,.T.);
#1836=ADVANCED_FACE('',(#1835),#1806,.T.);
#1837=CARTESIAN_POINT('',(-59.694190172,5.412031621,-17.095307911));
#1838=DIRECTION('',(0.,0.,-1.));
#1839=DIRECTION('',(1.,0.,0.));
#1840=AXIS2_PLACEMENT_3D('',#1837,#1838,#1839);
#1841=PLANE('',#1840);
#1842=ORIENTED_EDGE('',*,*,#179,.T.);
#1843=ORIENTED_EDGE('',*,*,#186,.T.);
#1844=EDGE_LOOP('',(#1842,#1843));
#1845=FACE_BOUND('',#1844,.T.);
#1846=ORIENTED_EDGE('',*,*,#1825,.F.);
#1847=ORIENTED_EDGE('',*,*,#1832,.F.);
#1848=EDGE_LOOP('',(#1846,#1847));
#1849=FACE_BOUND('',#1848,.T.);
#1850=ADVANCED_FACE('',(#1845,#1849),#1841,.F.);
#1851=CARTESIAN_POINT('',(-77.5,-5.999656118,-21.595307911));
#1852=DIRECTION('',(-0.,0.,1.));
#1853=DIRECTION('',(1.,0.,0.));
#1854=AXIS2_PLACEMENT_3D('',#1851,#1852,#1853);
#1855=CYLINDRICAL_SURFACE('',#1854,2.5);
#1856=CARTESIAN_POINT('',(-75.,-5.999656118,-17.095307911));
#1857=VERTEX_POINT('',#1856);
#1858=CARTESIAN_POINT('',(-75.,-5.999656118,-17.095307911));
#1859=DIRECTION('',(0.,-0.,-1.));
#1860=VECTOR('',#1859,4.);
#1861=LINE('',#1858,#1860);
#1862=EDGE_CURVE('',#1857,#928,#1861,.T.);
#1863=ORIENTED_EDGE('',*,*,#1862,.T.);
#1864=ORIENTED_EDGE('',*,*,#936,.T.);
#1865=ORIENTED_EDGE('',*,*,#943,.T.);
#1866=ORIENTED_EDGE('',*,*,#1862,.F.);
#1867=CARTESIAN_POINT('',(-80.,-5.999656118,-17.095307911));
#1868=VERTEX_POINT('',#1867);
#1869=CARTESIAN_POINT('',(-77.5,-5.999656118,-17.095307911));
#1870=DIRECTION('',(0.,0.,-1.));
#1871=DIRECTION('',(-1.,0.,-0.));
#1872=AXIS2_PLACEMENT_3D('',#1869,#1870,#1871);
#1873=CIRCLE('',#1872,2.5);
#1874=EDGE_CURVE('',#1857,#1868,#1873,.T.);
#1875=ORIENTED_EDGE('',*,*,#1874,.T.);
#1876=CARTESIAN_POINT('',(-77.5,-5.999656118,-17.095307911));
#1877=DIRECTION('',(0.,0.,-1.));
#1878=DIRECTION('',(-1.,0.,-0.));
#1879=AXIS2_PLACEMENT_3D('',#1876,#1877,#1878);
#1880=CIRCLE('',#1879,2.5);
#1881=EDGE_CURVE('',#1868,#1857,#1880,.T.);
#1882=ORIENTED_EDGE('',*,*,#1881,.T.);
#1883=EDGE_LOOP('',(#1863,#1864,#1865,#1866,#1875,#1882));
#1884=FACE_BOUND('',#1883,.T.);
#1885=ADVANCED_FACE('',(#1884),#1855,.T.);
#1886=CARTESIAN_POINT('',(-59.694190172,5.412031621,-17.095307911));
#1887=DIRECTION('',(0.,0.,-1.));
#1888=DIRECTION('',(1.,0.,0.));
#1889=AXIS2_PLACEMENT_3D('',#1886,#1887,#1888);
#1890=PLANE('',#1889);
#1891=ORIENTED_EDGE('',*,*,#128,.T.);
#1892=ORIENTED_EDGE('',*,*,#135,.T.);
#1893=EDGE_LOOP('',(#1891,#1892));
#1894=FACE_BOUND('',#1893,.T.);
#1895=ORIENTED_EDGE('',*,*,#1874,.F.);
#1896=ORIENTED_EDGE('',*,*,#1881,.F.);
#1897=EDGE_LOOP('',(#1895,#1896));
#1898=FACE_BOUND('',#1897,.T.);
#1899=ADVANCED_FACE('',(#1894,#1898),#1890,.F.);
#1900=CARTESIAN_POINT('',(-49.008180602,23.841846414,-21.595307911));
#1901=DIRECTION('',(-0.,0.,1.));
#1902=DIRECTION('',(1.,0.,0.));
#1903=AXIS2_PLACEMENT_3D('',#1900,#1901,#1902);
#1904=CYLINDRICAL_SURFACE('',#1903,2.5);
#1905=CARTESIAN_POINT('',(-46.508180602,23.841846414,-17.095307911));
#1906=VERTEX_POINT('',#1905);
#1907=CARTESIAN_POINT('',(-46.508180602,23.841846414,-17.095307911));
#1908=DIRECTION('',(0.,-0.,-1.));
#1909=VECTOR('',#1908,4.);
#1910=LINE('',#1907,#1909);
#1911=EDGE_CURVE('',#1906,#948,#1910,.T.);
#1912=ORIENTED_EDGE('',*,*,#1911,.T.);
#1913=ORIENTED_EDGE('',*,*,#956,.T.);
#1914=ORIENTED_EDGE('',*,*,#963,.T.);
#1915=ORIENTED_EDGE('',*,*,#1911,.F.);
#1916=CARTESIAN_POINT('',(-51.508180602,23.841846414,-17.095307911));
#1917=VERTEX_POINT('',#1916);
#1918=CARTESIAN_POINT('',(-49.008180602,23.841846414,-17.095307911));
#1919=DIRECTION('',(0.,0.,-1.));
#1920=DIRECTION('',(-1.,0.,-0.));
#1921=AXIS2_PLACEMENT_3D('',#1918,#1919,#1920);
#1922=CIRCLE('',#1921,2.5);
#1923=EDGE_CURVE('',#1906,#1917,#1922,.T.);
#1924=ORIENTED_EDGE('',*,*,#1923,.T.);
#1925=CARTESIAN_POINT('',(-49.008180602,23.841846414,-17.095307911));
#1926=DIRECTION('',(0.,0.,-1.));
#1927=DIRECTION('',(-1.,0.,-0.));
#1928=AXIS2_PLACEMENT_3D('',#1925,#1926,#1927);
#1929=CIRCLE('',#1928,2.5);
#1930=EDGE_CURVE('',#1917,#1906,#1929,.T.);
#1931=ORIENTED_EDGE('',*,*,#1930,.T.);
#1932=EDGE_LOOP('',(#1912,#1913,#1914,#1915,#1924,#1931));
#1933=FACE_BOUND('',#1932,.T.);
#1934=ADVANCED_FACE('',(#1933),#1904,.T.);
#1935=CARTESIAN_POINT('',(-59.694190172,5.412031621,-17.095307911));
#1936=DIRECTION('',(0.,0.,-1.));
#1937=DIRECTION('',(1.,0.,0.));
#1938=AXIS2_PLACEMENT_3D('',#1935,#1936,#1937);
#1939=PLANE('',#1938);
#1940=ORIENTED_EDGE('',*,*,#230,.T.);
#1941=ORIENTED_EDGE('',*,*,#237,.T.);
#1942=EDGE_LOOP('',(#1940,#1941));
#1943=FACE_BOUND('',#1942,.T.);
#1944=ORIENTED_EDGE('',*,*,#1923,.F.);
#1945=ORIENTED_EDGE('',*,*,#1930,.F.);
#1946=EDGE_LOOP('',(#1944,#1945));
#1947=FACE_BOUND('',#1946,.T.);
#1948=ADVANCED_FACE('',(#1943,#1947),#1939,.F.);
#1949=CARTESIAN_POINT('',(-75.008180602,13.84175407,-21.595307911));
#1950=DIRECTION('',(1.,0.,0.));
#1951=DIRECTION('',(0.,0.,-1.));
#1952=AXIS2_PLACEMENT_3D('',#1949,#1950,#1951);
#1953=PLANE('',#1952);
#1954=CARTESIAN_POINT('',(-75.008180602,-4.44574572,-21.595307911));
#1955=VERTEX_POINT('',#1954);
#1956=CARTESIAN_POINT('',(-75.008180602,16.55425428,-21.595307911));
#1957=VERTEX_POINT('',#1956);
#1958=CARTESIAN_POINT('',(-75.008180602,-4.44574572,-21.595307911));
#1959=DIRECTION('',(0.,1.,0.));
#1960=VECTOR('',#1959,21.);
#1961=LINE('',#1958,#1960);
#1962=EDGE_CURVE('',#1955,#1957,#1961,.T.);
#1963=ORIENTED_EDGE('',*,*,#1962,.T.);
#1964=CARTESIAN_POINT('',(-75.008180602,16.55425428,-21.595307911));
#1965=DIRECTION('',(-0.,-0.,1.));
#1966=VECTOR('',#1965,0.5);
#1967=LINE('',#1964,#1966);
#1968=EDGE_CURVE('',#1957,#1051,#1967,.T.);
#1969=ORIENTED_EDGE('',*,*,#1968,.T.);
#1970=ORIENTED_EDGE('',*,*,#1056,.F.);
#1971=CARTESIAN_POINT('',(-75.008180602,-4.44574572,-21.095307911));
#1972=DIRECTION('',(0.,0.,-1.));
#1973=VECTOR('',#1972,0.5);
#1974=LINE('',#1971,#1973);
#1975=EDGE_CURVE('',#1042,#1955,#1974,.T.);
#1976=ORIENTED_EDGE('',*,*,#1975,.T.);
#1977=EDGE_LOOP('',(#1963,#1969,#1970,#1976));
#1978=FACE_BOUND('',#1977,.T.);
#1979=ADVANCED_FACE('',(#1978),#1953,.T.);
#1980=CARTESIAN_POINT('',(-60.008180602,-5.44574572,-21.595307911));
#1981=DIRECTION('',(-0.,1.,-0.));
#1982=DIRECTION('',(-1.,-0.,0.));
#1983=AXIS2_PLACEMENT_3D('',#1980,#1981,#1982);
#1984=PLANE('',#1983);
#1985=CARTESIAN_POINT('',(-65.587310135,-5.44574572,-21.595307911));
#1986=VERTEX_POINT('',#1985);
#1987=CARTESIAN_POINT('',(-65.587310135,-5.44574572,-21.595307911));
#1988=DIRECTION('',(-0.,-0.,1.));
#1989=VECTOR('',#1988,0.5);
#1990=LINE('',#1987,#1989);
#1991=EDGE_CURVE('',#1986,#1026,#1990,.T.);
#1992=ORIENTED_EDGE('',*,*,#1991,.F.);
#1993=CARTESIAN_POINT('',(-74.008180602,-5.44574572,-21.595307911));
#1994=VERTEX_POINT('',#1993);
#1995=CARTESIAN_POINT('',(-65.587310135,-5.44574572,-21.595307911));
#1996=DIRECTION('',(-1.,-0.,-0.));
#1997=VECTOR('',#1996,8.420870467);
#1998=LINE('',#1995,#1997);
#1999=EDGE_CURVE('',#1986,#1994,#1998,.T.);
#2000=ORIENTED_EDGE('',*,*,#1999,.T.);
#2001=CARTESIAN_POINT('',(-74.008180602,-5.44574572,-21.595307911));
#2002=DIRECTION('',(-0.,-0.,1.));
#2003=VECTOR('',#2002,0.5);
#2004=LINE('',#2001,#2003);
#2005=EDGE_CURVE('',#1994,#1034,#2004,.T.);
#2006=ORIENTED_EDGE('',*,*,#2005,.T.);
#2007=ORIENTED_EDGE('',*,*,#1039,.F.);
#2008=EDGE_LOOP('',(#1992,#2000,#2006,#2007));
#2009=FACE_BOUND('',#2008,.T.);
#2010=ADVANCED_FACE('',(#2009),#1984,.T.);
#2011=CARTESIAN_POINT('',(-45.008180602,9.766754491,-21.595307911));
#2012=DIRECTION('',(-1.,0.,-0.));
#2013=DIRECTION('',(-0.,0.,1.));
#2014=AXIS2_PLACEMENT_3D('',#2011,#2012,#2013);
#2015=PLANE('',#2014);
#2016=CARTESIAN_POINT('',(-45.008180602,16.55425428,-21.595307911));
#2017=VERTEX_POINT('',#2016);
#2018=CARTESIAN_POINT('',(-45.008180602,-4.44574572,-21.595307911));
#2019=VERTEX_POINT('',#2018);
#2020=CARTESIAN_POINT('',(-45.008180602,16.55425428,-21.595307911));
#2021=DIRECTION('',(0.,-1.,0.));
#2022=VECTOR('',#2021,21.);
#2023=LINE('',#2020,#2022);
#2024=EDGE_CURVE('',#2017,#2019,#2023,.T.);
#2025=ORIENTED_EDGE('',*,*,#2024,.T.);
#2026=CARTESIAN_POINT('',(-45.008180602,-4.44574572,-21.595307911));
#2027=DIRECTION('',(-0.,-0.,1.));
#2028=VECTOR('',#2027,0.5);
#2029=LINE('',#2026,#2028);
#2030=EDGE_CURVE('',#2019,#1085,#2029,.T.);
#2031=ORIENTED_EDGE('',*,*,#2030,.T.);
#2032=ORIENTED_EDGE('',*,*,#1090,.F.);
#2033=CARTESIAN_POINT('',(-45.008180602,16.55425428,-21.095307911));
#2034=DIRECTION('',(0.,0.,-1.));
#2035=VECTOR('',#2034,0.5);
#2036=LINE('',#2033,#2035);
#2037=EDGE_CURVE('',#1076,#2017,#2036,.T.);
#2038=ORIENTED_EDGE('',*,*,#2037,.T.);
#2039=EDGE_LOOP('',(#2025,#2031,#2032,#2038));
#2040=FACE_BOUND('',#2039,.T.);
#2041=ADVANCED_FACE('',(#2040),#2015,.T.);
#2042=CARTESIAN_POINT('',(-60.008180602,17.55425428,-21.595307911));
#2043=DIRECTION('',(0.,-1.,0.));
#2044=DIRECTION('',(1.,0.,0.));
#2045=AXIS2_PLACEMENT_3D('',#2042,#2043,#2044);
#2046=PLANE('',#2045);
#2047=CARTESIAN_POINT('',(-74.008180602,17.55425428,-21.595307911));
#2048=VERTEX_POINT('',#2047);
#2049=CARTESIAN_POINT('',(-46.008180602,17.55425428,-21.595307911));
#2050=VERTEX_POINT('',#2049);
#2051=CARTESIAN_POINT('',(-74.008180602,17.55425428,-21.595307911));
#2052=DIRECTION('',(1.,0.,0.));
#2053=VECTOR('',#2052,28.);
#2054=LINE('',#2051,#2053);
#2055=EDGE_CURVE('',#2048,#2050,#2054,.T.);
#2056=ORIENTED_EDGE('',*,*,#2055,.T.);
#2057=CARTESIAN_POINT('',(-46.008180602,17.55425428,-21.595307911));
#2058=DIRECTION('',(-0.,-0.,1.));
#2059=VECTOR('',#2058,0.5);
#2060=LINE('',#2057,#2059);
#2061=EDGE_CURVE('',#2050,#1068,#2060,.T.);
#2062=ORIENTED_EDGE('',*,*,#2061,.T.);
#2063=ORIENTED_EDGE('',*,*,#1073,.F.);
#2064=CARTESIAN_POINT('',(-74.008180602,17.55425428,-21.095307911));
#2065=DIRECTION('',(0.,0.,-1.));
#2066=VECTOR('',#2065,0.5);
#2067=LINE('',#2064,#2066);
#2068=EDGE_CURVE('',#1059,#2048,#2067,.T.);
#2069=ORIENTED_EDGE('',*,*,#2068,.T.);
#2070=EDGE_LOOP('',(#2056,#2062,#2063,#2069));
#2071=FACE_BOUND('',#2070,.T.);
#2072=ADVANCED_FACE('',(#2071),#2046,.T.);
#2073=CARTESIAN_POINT('',(-60.,0.,-21.595307911));
#2074=DIRECTION('',(-0.,0.,1.));
#2075=DIRECTION('',(0.,-1.,0.));
#2076=AXIS2_PLACEMENT_3D('',#2073,#2074,#2075);
#2077=PLANE('',#2076);
#2078=ORIENTED_EDGE('',*,*,#1123,.F.);
#2079=CARTESIAN_POINT('',(-46.008180602,-4.44574572,-21.595307911));
#2080=DIRECTION('',(-0.,0.,1.));
#2081=DIRECTION('',(1.,0.,0.));
#2082=AXIS2_PLACEMENT_3D('',#2079,#2080,#2081);
#2083=CIRCLE('',#2082,1.);
#2084=EDGE_CURVE('',#1116,#2019,#2083,.T.);
#2085=ORIENTED_EDGE('',*,*,#2084,.T.);
#2086=ORIENTED_EDGE('',*,*,#2024,.F.);
#2087=CARTESIAN_POINT('',(-46.008180602,16.55425428,-21.595307911));
#2088=DIRECTION('',(-0.,0.,1.));
#2089=DIRECTION('',(1.,0.,0.));
#2090=AXIS2_PLACEMENT_3D('',#2087,#2088,#2089);
#2091=CIRCLE('',#2090,1.);
#2092=EDGE_CURVE('',#2017,#2050,#2091,.T.);
#2093=ORIENTED_EDGE('',*,*,#2092,.T.);
#2094=ORIENTED_EDGE('',*,*,#2055,.F.);
#2095=CARTESIAN_POINT('',(-74.008180602,16.55425428,-21.595307911));
#2096=DIRECTION('',(-0.,0.,1.));
#2097=DIRECTION('',(1.,0.,0.));
#2098=AXIS2_PLACEMENT_3D('',#2095,#2096,#2097);
#2099=CIRCLE('',#2098,1.);
#2100=EDGE_CURVE('',#2048,#1957,#2099,.T.);
#2101=ORIENTED_EDGE('',*,*,#2100,.T.);
#2102=ORIENTED_EDGE('',*,*,#1962,.F.);
#2103=CARTESIAN_POINT('',(-74.008180602,-4.44574572,-21.595307911));
#2104=DIRECTION('',(-0.,0.,1.));
#2105=DIRECTION('',(1.,0.,0.));
#2106=AXIS2_PLACEMENT_3D('',#2103,#2104,#2105);
#2107=CIRCLE('',#2106,1.);
#2108=EDGE_CURVE('',#1955,#1994,#2107,.T.);
#2109=ORIENTED_EDGE('',*,*,#2108,.T.);
#2110=ORIENTED_EDGE('',*,*,#1999,.F.);
#2111=CARTESIAN_POINT('',(-65.587310135,-10.602135681,-21.595307911));
#2112=VERTEX_POINT('',#2111);
#2113=CARTESIAN_POINT('',(-65.587310135,-10.602135681,-21.595307911));
#2114=DIRECTION('',(0.,1.,0.));
#2115=VECTOR('',#2114,5.156389961);
#2116=LINE('',#2113,#2115);
#2117=EDGE_CURVE('',#2112,#1986,#2116,.T.);
#2118=ORIENTED_EDGE('',*,*,#2117,.F.);
#2119=CARTESIAN_POINT('',(-64.50000762,-10.602135681,-21.595307911));
#2120=VERTEX_POINT('',#2119);
#2121=CARTESIAN_POINT('',(-64.50000762,-10.602135681,-21.595307911));
#2122=DIRECTION('',(-1.,0.,-0.));
#2123=VECTOR('',#2122,1.087302515);
#2124=LINE('',#2121,#2123);
#2125=EDGE_CURVE('',#2120,#2112,#2124,.T.);
#2126=ORIENTED_EDGE('',*,*,#2125,.F.);
#2127=CARTESIAN_POINT('',(-63.887307595,-11.214835706,-21.595307911));
#2128=VERTEX_POINT('',#2127);
#2129=CARTESIAN_POINT('',(-64.50000762,-11.214835706,-21.595307911));
#2130=DIRECTION('',(-0.,0.,1.));
#2131=DIRECTION('',(1.,0.,0.));
#2132=AXIS2_PLACEMENT_3D('',#2129,#2130,#2131);
#2133=CIRCLE('',#2132,0.612700025);
#2134=EDGE_CURVE('',#2128,#2120,#2133,.T.);
#2135=ORIENTED_EDGE('',*,*,#2134,.F.);
#2136=CARTESIAN_POINT('',(-64.50000762,-11.827535732,-21.595307911));
#2137=VERTEX_POINT('',#2136);
#2138=CARTESIAN_POINT('',(-64.50000762,-11.214835706,-21.595307911));
#2139=DIRECTION('',(-0.,0.,1.));
#2140=DIRECTION('',(1.,0.,0.));
#2141=AXIS2_PLACEMENT_3D('',#2138,#2139,#2140);
#2142=CIRCLE('',#2141,0.612700025);
#2143=EDGE_CURVE('',#2137,#2128,#2142,.T.);
#2144=ORIENTED_EDGE('',*,*,#2143,.F.);
#2145=CARTESIAN_POINT('',(-65.587310135,-11.827535732,-21.595307911));
#2146=VERTEX_POINT('',#2145);
#2147=CARTESIAN_POINT('',(-64.50000762,-11.827535732,-21.595307911));
#2148=DIRECTION('',(-1.,0.,-0.));
#2149=VECTOR('',#2148,1.087302515);
#2150=LINE('',#2147,#2149);
#2151=EDGE_CURVE('',#2137,#2146,#2150,.T.);
#2152=ORIENTED_EDGE('',*,*,#2151,.T.);
#2153=CARTESIAN_POINT('',(-65.587310135,-18.732466036,-21.595307911));
#2154=DIRECTION('',(0.,1.,0.));
#2155=VECTOR('',#2154,6.904930304);
#2156=LINE('',#2153,#2155);
#2157=EDGE_CURVE('',#659,#2146,#2156,.T.);
#2158=ORIENTED_EDGE('',*,*,#2157,.F.);
#2159=ORIENTED_EDGE('',*,*,#664,.F.);
#2160=ORIENTED_EDGE('',*,*,#600,.T.);
#2161=CARTESIAN_POINT('',(-54.412687325,-11.827535732,-21.595307911));
#2162=VERTEX_POINT('',#2161);
#2163=CARTESIAN_POINT('',(-54.412687325,-11.827535732,-21.595307911));
#2164=DIRECTION('',(0.,-1.,0.));
#2165=VECTOR('',#2164,6.903308956);
#2166=LINE('',#2163,#2165);
#2167=EDGE_CURVE('',#2162,#587,#2166,.T.);
#2168=ORIENTED_EDGE('',*,*,#2167,.F.);
#2169=CARTESIAN_POINT('',(-55.49998984,-11.827535732,-21.595307911));
#2170=VERTEX_POINT('',#2169);
#2171=CARTESIAN_POINT('',(-54.412687325,-11.827535732,-21.595307911));
#2172=DIRECTION('',(-1.,0.,-0.));
#2173=VECTOR('',#2172,1.087302515);
#2174=LINE('',#2171,#2173);
#2175=EDGE_CURVE('',#2162,#2170,#2174,.T.);
#2176=ORIENTED_EDGE('',*,*,#2175,.T.);
#2177=CARTESIAN_POINT('',(-55.49998984,-10.602135681,-21.595307911));
#2178=VERTEX_POINT('',#2177);
#2179=CARTESIAN_POINT('',(-55.49998984,-11.214835706,-21.595307911));
#2180=DIRECTION('',(-0.,0.,1.));
#2181=DIRECTION('',(1.,0.,0.));
#2182=AXIS2_PLACEMENT_3D('',#2179,#2180,#2181);
#2183=CIRCLE('',#2182,0.612700025);
#2184=EDGE_CURVE('',#2178,#2170,#2183,.T.);
#2185=ORIENTED_EDGE('',*,*,#2184,.F.);
#2186=CARTESIAN_POINT('',(-54.412687325,-10.602135681,-21.595307911));
#2187=VERTEX_POINT('',#2186);
#2188=CARTESIAN_POINT('',(-54.412687325,-10.602135681,-21.595307911));
#2189=DIRECTION('',(-1.,0.,-0.));
#2190=VECTOR('',#2189,1.087302515);
#2191=LINE('',#2188,#2190);
#2192=EDGE_CURVE('',#2187,#2178,#2191,.T.);
#2193=ORIENTED_EDGE('',*,*,#2192,.F.);
#2194=CARTESIAN_POINT('',(-54.412687325,-10.602135681,-21.595307911));
#2195=DIRECTION('',(0.,1.,0.));
#2196=VECTOR('',#2195,5.156389961);
#2197=LINE('',#2194,#2196);
#2198=EDGE_CURVE('',#2187,#1118,#2197,.T.);
#2199=ORIENTED_EDGE('',*,*,#2198,.T.);
#2200=EDGE_LOOP('',(#2078,#2085,#2086,#2093,#2094,#2101,#2102,#2109,#2110,#2118,#2126,#2135,#2144,#2152,#2158,#2159,#2160,#2168,#2176,#2185,#2193,#2199));
#2201=FACE_BOUND('',#2200,.T.);
#2202=ADVANCED_FACE('',(#2201),#2077,.T.);
#2203=CARTESIAN_POINT('',(-74.008180602,-4.44574572,-21.595307911));
#2204=DIRECTION('',(0.,0.,-1.));
#2205=DIRECTION('',(-1.,0.,-0.));
#2206=AXIS2_PLACEMENT_3D('',#2203,#2204,#2205);
#2207=CYLINDRICAL_SURFACE('',#2206,1.);
#2208=ORIENTED_EDGE('',*,*,#2108,.F.);
#2209=ORIENTED_EDGE('',*,*,#1975,.F.);
#2210=ORIENTED_EDGE('',*,*,#1048,.F.);
#2211=ORIENTED_EDGE('',*,*,#2005,.F.);
#2212=EDGE_LOOP('',(#2208,#2209,#2210,#2211));
#2213=FACE_BOUND('',#2212,.T.);
#2214=ADVANCED_FACE('',(#2213),#2207,.F.);
#2215=CARTESIAN_POINT('',(-74.008180602,16.55425428,-21.595307911));
#2216=DIRECTION('',(0.,0.,-1.));
#2217=DIRECTION('',(-1.,0.,-0.));
#2218=AXIS2_PLACEMENT_3D('',#2215,#2216,#2217);
#2219=CYLINDRICAL_SURFACE('',#2218,1.);
#2220=ORIENTED_EDGE('',*,*,#2100,.F.);
#2221=ORIENTED_EDGE('',*,*,#2068,.F.);
#2222=ORIENTED_EDGE('',*,*,#1065,.F.);
#2223=ORIENTED_EDGE('',*,*,#1968,.F.);
#2224=EDGE_LOOP('',(#2220,#2221,#2222,#2223));
#2225=FACE_BOUND('',#2224,.T.);
#2226=ADVANCED_FACE('',(#2225),#2219,.F.);
#2227=CARTESIAN_POINT('',(-46.008180602,16.55425428,-21.595307911));
#2228=DIRECTION('',(0.,0.,-1.));
#2229=DIRECTION('',(-1.,0.,-0.));
#2230=AXIS2_PLACEMENT_3D('',#2227,#2228,#2229);
#2231=CYLINDRICAL_SURFACE('',#2230,1.);
#2232=ORIENTED_EDGE('',*,*,#2092,.F.);
#2233=ORIENTED_EDGE('',*,*,#2037,.F.);
#2234=ORIENTED_EDGE('',*,*,#1082,.F.);
#2235=ORIENTED_EDGE('',*,*,#2061,.F.);
#2236=EDGE_LOOP('',(#2232,#2233,#2234,#2235));
#2237=FACE_BOUND('',#2236,.T.);
#2238=ADVANCED_FACE('',(#2237),#2231,.F.);
#2239=CARTESIAN_POINT('',(-46.008180602,-4.44574572,-21.595307911));
#2240=DIRECTION('',(0.,0.,-1.));
#2241=DIRECTION('',(-1.,0.,-0.));
#2242=AXIS2_PLACEMENT_3D('',#2239,#2240,#2241);
#2243=CYLINDRICAL_SURFACE('',#2242,1.);
#2244=ORIENTED_EDGE('',*,*,#2084,.F.);
#2245=ORIENTED_EDGE('',*,*,#1136,.F.);
#2246=ORIENTED_EDGE('',*,*,#1099,.F.);
#2247=ORIENTED_EDGE('',*,*,#2030,.F.);
#2248=EDGE_LOOP('',(#2244,#2245,#2246,#2247));
#2249=FACE_BOUND('',#2248,.T.);
#2250=ADVANCED_FACE('',(#2249),#2243,.F.);
#2251=CARTESIAN_POINT('',(-33.163863291,-1.535078291,-16.295307911));
#2252=DIRECTION('',(0.,-1.,0.));
#2253=DIRECTION('',(0.,0.,-1.));
#2254=AXIS2_PLACEMENT_3D('',#2251,#2252,#2253);
#2255=PLANE('',#2254);
#2256=ORIENTED_EDGE('',*,*,#434,.T.);
#2257=CARTESIAN_POINT('',(-33.576153984,-1.535078291,-16.295307911));
#2258=VERTEX_POINT('',#2257);
#2259=CARTESIAN_POINT('',(-33.576153984,-1.535078291,-16.295307911));
#2260=DIRECTION('',(0.,0.,-1.));
#2261=VECTOR('',#2260,0.8);
#2262=LINE('',#2259,#2261);
#2263=EDGE_CURVE('',#2258,#420,#2262,.T.);
#2264=ORIENTED_EDGE('',*,*,#2263,.F.);
#2265=CARTESIAN_POINT('',(-32.863305082,-1.535078291,-16.295307911));
#2266=DIRECTION('',(-1.,0.,-0.));
#2267=VECTOR('',#2266,0.712848902);
#2268=LINE('',#2265,#2267);
#2269=EDGE_CURVE('',#1164,#2258,#2268,.T.);
#2270=ORIENTED_EDGE('',*,*,#2269,.F.);
#2271=ORIENTED_EDGE('',*,*,#1169,.T.);
#2272=EDGE_LOOP('',(#2256,#2264,#2270,#2271));
#2273=FACE_BOUND('',#2272,.T.);
#2274=ADVANCED_FACE('',(#2273),#2255,.F.);
#2275=CARTESIAN_POINT('',(-49.38016992,-19.761746994,-16.295307911));
#2276=DIRECTION('',(-1.,0.,-0.));
#2277=DIRECTION('',(-0.,0.,1.));
#2278=AXIS2_PLACEMENT_3D('',#2275,#2276,#2277);
#2279=PLANE('',#2278);
#2280=ORIENTED_EDGE('',*,*,#417,.F.);
#2281=ORIENTED_EDGE('',*,*,#1184,.F.);
#2282=CARTESIAN_POINT('',(-49.38016992,-19.309014218,-16.295307911));
#2283=VERTEX_POINT('',#2282);
#2284=CARTESIAN_POINT('',(-49.38016992,-20.05106366,-16.295307911));
#2285=DIRECTION('',(0.,1.,0.));
#2286=VECTOR('',#2285,0.742049442);
#2287=LINE('',#2284,#2286);
#2288=EDGE_CURVE('',#1172,#2283,#2287,.T.);
#2289=ORIENTED_EDGE('',*,*,#2288,.T.);
#2290=CARTESIAN_POINT('',(-49.38016992,-19.309014218,-16.295307911));
#2291=DIRECTION('',(0.,0.,-1.));
#2292=VECTOR('',#2291,0.8);
#2293=LINE('',#2290,#2292);
#2294=EDGE_CURVE('',#2283,#412,#2293,.T.);
#2295=ORIENTED_EDGE('',*,*,#2294,.T.);
#2296=EDGE_LOOP('',(#2280,#2281,#2289,#2295));
#2297=FACE_BOUND('',#2296,.T.);
#2298=ADVANCED_FACE('',(#2297),#2279,.T.);
#2299=CARTESIAN_POINT('',(-60.008180602,6.05425428,-16.295307911));
#2300=DIRECTION('',(0.,0.,-1.));
#2301=DIRECTION('',(-1.,0.,-0.));
#2302=AXIS2_PLACEMENT_3D('',#2299,#2300,#2301);
#2303=CYLINDRICAL_SURFACE('',#2302,27.5);
#2304=ORIENTED_EDGE('',*,*,#426,.T.);
#2305=ORIENTED_EDGE('',*,*,#2294,.F.);
#2306=CARTESIAN_POINT('',(-60.008180602,6.05425428,-16.295307911));
#2307=DIRECTION('',(0.,0.,-1.));
#2308=DIRECTION('',(-1.,0.,-0.));
#2309=AXIS2_PLACEMENT_3D('',#2306,#2307,#2308);
#2310=CIRCLE('',#2309,27.5);
#2311=EDGE_CURVE('',#2258,#2283,#2310,.T.);
#2312=ORIENTED_EDGE('',*,*,#2311,.F.);
#2313=ORIENTED_EDGE('',*,*,#2263,.T.);
#2314=EDGE_LOOP('',(#2304,#2305,#2312,#2313));
#2315=FACE_BOUND('',#2314,.T.);
#2316=ADVANCED_FACE('',(#2315),#2303,.F.);
#2317=CARTESIAN_POINT('',(-59.694190172,5.412031621,-16.295307911));
#2318=DIRECTION('',(0.,0.,-1.));
#2319=DIRECTION('',(1.,0.,0.));
#2320=AXIS2_PLACEMENT_3D('',#2317,#2318,#2319);
#2321=PLANE('',#2320);
#2322=ORIENTED_EDGE('',*,*,#2269,.T.);
#2323=ORIENTED_EDGE('',*,*,#2311,.T.);
#2324=ORIENTED_EDGE('',*,*,#2288,.F.);
#2325=ORIENTED_EDGE('',*,*,#1178,.F.);
#2326=EDGE_LOOP('',(#2322,#2323,#2324,#2325));
#2327=FACE_BOUND('',#2326,.T.);
#2328=ADVANCED_FACE('',(#2327),#2321,.F.);
#2329=CARTESIAN_POINT('',(-70.636191284,-19.761746994,-16.295307911));
#2330=DIRECTION('',(-1.,0.,-0.));
#2331=DIRECTION('',(-0.,0.,1.));
#2332=AXIS2_PLACEMENT_3D('',#2329,#2330,#2331);
#2333=PLANE('',#2332);
#2334=ORIENTED_EDGE('',*,*,#536,.T.);
#2335=CARTESIAN_POINT('',(-70.636191284,-19.309014218,-16.295307911));
#2336=VERTEX_POINT('',#2335);
#2337=CARTESIAN_POINT('',(-70.636191284,-19.309014218,-16.295307911));
#2338=DIRECTION('',(0.,0.,-1.));
#2339=VECTOR('',#2338,0.8);
#2340=LINE('',#2337,#2339);
#2341=EDGE_CURVE('',#2336,#522,#2340,.T.);
#2342=ORIENTED_EDGE('',*,*,#2341,.F.);
#2343=CARTESIAN_POINT('',(-70.636191284,-20.05106366,-16.295307911));
#2344=DIRECTION('',(0.,1.,0.));
#2345=VECTOR('',#2344,0.742049442);
#2346=LINE('',#2343,#2345);
#2347=EDGE_CURVE('',#1270,#2336,#2346,.T.);
#2348=ORIENTED_EDGE('',*,*,#2347,.F.);
#2349=ORIENTED_EDGE('',*,*,#1275,.T.);
#2350=EDGE_LOOP('',(#2334,#2342,#2348,#2349));
#2351=FACE_BOUND('',#2350,.T.);
#2352=ADVANCED_FACE('',(#2351),#2333,.F.);
#2353=CARTESIAN_POINT('',(-86.852497913,-1.535078291,-16.295307911));
#2354=DIRECTION('',(0.,1.,0.));
#2355=DIRECTION('',(0.,0.,1.));
#2356=AXIS2_PLACEMENT_3D('',#2353,#2354,#2355);
#2357=PLANE('',#2356);
#2358=ORIENTED_EDGE('',*,*,#519,.F.);
#2359=ORIENTED_EDGE('',*,*,#1290,.F.);
#2360=CARTESIAN_POINT('',(-86.44020722,-1.535078291,-16.295307911));
#2361=VERTEX_POINT('',#2360);
#2362=CARTESIAN_POINT('',(-87.153056121,-1.535078291,-16.295307911));
#2363=DIRECTION('',(1.,0.,0.));
#2364=VECTOR('',#2363,0.712848902);
#2365=LINE('',#2362,#2364);
#2366=EDGE_CURVE('',#1278,#2361,#2365,.T.);
#2367=ORIENTED_EDGE('',*,*,#2366,.T.);
#2368=CARTESIAN_POINT('',(-86.44020722,-1.535078291,-16.295307911));
#2369=DIRECTION('',(0.,0.,-1.));
#2370=VECTOR('',#2369,0.8);
#2371=LINE('',#2368,#2370);
#2372=EDGE_CURVE('',#2361,#514,#2371,.T.);
#2373=ORIENTED_EDGE('',*,*,#2372,.T.);
#2374=EDGE_LOOP('',(#2358,#2359,#2367,#2373));
#2375=FACE_BOUND('',#2374,.T.);
#2376=ADVANCED_FACE('',(#2375),#2357,.T.);
#2377=CARTESIAN_POINT('',(-60.008180602,6.05425428,-16.295307911));
#2378=DIRECTION('',(0.,0.,-1.));
#2379=DIRECTION('',(-1.,0.,-0.));
#2380=AXIS2_PLACEMENT_3D('',#2377,#2378,#2379);
#2381=CYLINDRICAL_SURFACE('',#2380,27.5);
#2382=ORIENTED_EDGE('',*,*,#528,.T.);
#2383=ORIENTED_EDGE('',*,*,#2372,.F.);
#2384=CARTESIAN_POINT('',(-60.008180602,6.05425428,-16.295307911));
#2385=DIRECTION('',(0.,0.,-1.));
#2386=DIRECTION('',(-1.,0.,-0.));
#2387=AXIS2_PLACEMENT_3D('',#2384,#2385,#2386);
#2388=CIRCLE('',#2387,27.5);
#2389=EDGE_CURVE('',#2336,#2361,#2388,.T.);
#2390=ORIENTED_EDGE('',*,*,#2389,.F.);
#2391=ORIENTED_EDGE('',*,*,#2341,.T.);
#2392=EDGE_LOOP('',(#2382,#2383,#2390,#2391));
#2393=FACE_BOUND('',#2392,.T.);
#2394=ADVANCED_FACE('',(#2393),#2381,.F.);
#2395=CARTESIAN_POINT('',(-59.694190172,5.412031621,-16.295307911));
#2396=DIRECTION('',(0.,0.,-1.));
#2397=DIRECTION('',(1.,0.,0.));
#2398=AXIS2_PLACEMENT_3D('',#2395,#2396,#2397);
#2399=PLANE('',#2398);
#2400=ORIENTED_EDGE('',*,*,#2347,.T.);
#2401=ORIENTED_EDGE('',*,*,#2389,.T.);
#2402=ORIENTED_EDGE('',*,*,#2366,.F.);
#2403=ORIENTED_EDGE('',*,*,#1284,.F.);
#2404=EDGE_LOOP('',(#2400,#2401,#2402,#2403));
#2405=FACE_BOUND('',#2404,.T.);
#2406=ADVANCED_FACE('',(#2405),#2399,.F.);
#2407=CARTESIAN_POINT('',(-33.163863291,13.643586851,-16.295307911));
#2408=DIRECTION('',(0.,-1.,0.));
#2409=DIRECTION('',(1.,0.,0.));
#2410=AXIS2_PLACEMENT_3D('',#2407,#2408,#2409);
#2411=PLANE('',#2410);
#2412=ORIENTED_EDGE('',*,*,#468,.F.);
#2413=ORIENTED_EDGE('',*,*,#1493,.F.);
#2414=CARTESIAN_POINT('',(-33.576153984,13.643586851,-16.295307911));
#2415=VERTEX_POINT('',#2414);
#2416=CARTESIAN_POINT('',(-32.863305082,13.643586851,-16.295307911));
#2417=DIRECTION('',(-1.,-0.,-0.));
#2418=VECTOR('',#2417,0.712848902);
#2419=LINE('',#2416,#2418);
#2420=EDGE_CURVE('',#1481,#2415,#2419,.T.);
#2421=ORIENTED_EDGE('',*,*,#2420,.T.);
#2422=CARTESIAN_POINT('',(-33.576153984,13.643586851,-16.295307911));
#2423=DIRECTION('',(0.,0.,-1.));
#2424=VECTOR('',#2423,0.8);
#2425=LINE('',#2422,#2424);
#2426=EDGE_CURVE('',#2415,#463,#2425,.T.);
#2427=ORIENTED_EDGE('',*,*,#2426,.T.);
#2428=EDGE_LOOP('',(#2412,#2413,#2421,#2427));
#2429=FACE_BOUND('',#2428,.T.);
#2430=ADVANCED_FACE('',(#2429),#2411,.T.);
#2431=CARTESIAN_POINT('',(-60.008180602,6.05425428,-16.295307911));
#2432=DIRECTION('',(0.,0.,-1.));
#2433=DIRECTION('',(-1.,0.,-0.));
#2434=AXIS2_PLACEMENT_3D('',#2431,#2432,#2433);
#2435=CYLINDRICAL_SURFACE('',#2434,27.5);
#2436=ORIENTED_EDGE('',*,*,#477,.T.);
#2437=ORIENTED_EDGE('',*,*,#2426,.F.);
#2438=CARTESIAN_POINT('',(-86.44020722,13.643586851,-16.295307911));
#2439=VERTEX_POINT('',#2438);
#2440=CARTESIAN_POINT('',(-60.008180602,6.05425428,-16.295307911));
#2441=DIRECTION('',(0.,0.,-1.));
#2442=DIRECTION('',(-1.,0.,-0.));
#2443=AXIS2_PLACEMENT_3D('',#2440,#2441,#2442);
#2444=CIRCLE('',#2443,27.5);
#2445=EDGE_CURVE('',#2439,#2415,#2444,.T.);
#2446=ORIENTED_EDGE('',*,*,#2445,.F.);
#2447=CARTESIAN_POINT('',(-86.44020722,13.643586851,-16.295307911));
#2448=DIRECTION('',(0.,0.,-1.));
#2449=VECTOR('',#2448,0.8);
#2450=LINE('',#2447,#2449);
#2451=EDGE_CURVE('',#2439,#471,#2450,.T.);
#2452=ORIENTED_EDGE('',*,*,#2451,.T.);
#2453=EDGE_LOOP('',(#2436,#2437,#2446,#2452));
#2454=FACE_BOUND('',#2453,.T.);
#2455=ADVANCED_FACE('',(#2454),#2435,.F.);
#2456=CARTESIAN_POINT('',(-86.852497913,13.643586851,-16.295307911));
#2457=DIRECTION('',(0.,1.,0.));
#2458=DIRECTION('',(0.,0.,1.));
#2459=AXIS2_PLACEMENT_3D('',#2456,#2457,#2458);
#2460=PLANE('',#2459);
#2461=ORIENTED_EDGE('',*,*,#485,.T.);
#2462=ORIENTED_EDGE('',*,*,#2451,.F.);
#2463=CARTESIAN_POINT('',(-87.153056121,13.643586851,-16.295307911));
#2464=DIRECTION('',(1.,0.,0.));
#2465=VECTOR('',#2464,0.712848902);
#2466=LINE('',#2463,#2465);
#2467=EDGE_CURVE('',#1473,#2439,#2466,.T.);
#2468=ORIENTED_EDGE('',*,*,#2467,.F.);
#2469=ORIENTED_EDGE('',*,*,#1478,.T.);
#2470=EDGE_LOOP('',(#2461,#2462,#2468,#2469));
#2471=FACE_BOUND('',#2470,.T.);
#2472=ADVANCED_FACE('',(#2471),#2460,.F.);
#2473=CARTESIAN_POINT('',(-59.694190172,5.412031621,-16.295307911));
#2474=DIRECTION('',(0.,0.,-1.));
#2475=DIRECTION('',(1.,0.,0.));
#2476=AXIS2_PLACEMENT_3D('',#2473,#2474,#2475);
#2477=PLANE('',#2476);
#2478=ORIENTED_EDGE('',*,*,#1487,.F.);
#2479=ORIENTED_EDGE('',*,*,#2467,.T.);
#2480=ORIENTED_EDGE('',*,*,#2445,.T.);
#2481=ORIENTED_EDGE('',*,*,#2420,.F.);
#2482=EDGE_LOOP('',(#2478,#2479,#2480,#2481));
#2483=FACE_BOUND('',#2482,.T.);
#2484=ADVANCED_FACE('',(#2483),#2477,.F.);
#2485=CARTESIAN_POINT('',(-54.412687325,-18.215228694,-21.595307911));
#2486=DIRECTION('',(-1.,0.,-0.));
#2487=DIRECTION('',(-0.,0.,1.));
#2488=AXIS2_PLACEMENT_3D('',#2485,#2486,#2487);
#2489=PLANE('',#2488);
#2490=ORIENTED_EDGE('',*,*,#989,.F.);
#2491=CARTESIAN_POINT('',(-54.412687325,-11.827535732,-21.595307911));
#2492=DIRECTION('',(-0.,0.,1.));
#2493=VECTOR('',#2492,0.5);
#2494=LINE('',#2491,#2493);
#2495=EDGE_CURVE('',#2162,#978,#2494,.T.);
#2496=ORIENTED_EDGE('',*,*,#2495,.F.);
#2497=ORIENTED_EDGE('',*,*,#2167,.T.);
#2498=ORIENTED_EDGE('',*,*,#592,.T.);
#2499=EDGE_LOOP('',(#2490,#2496,#2497,#2498));
#2500=FACE_BOUND('',#2499,.T.);
#2501=ADVANCED_FACE('',(#2500),#2489,.T.);
#2502=CARTESIAN_POINT('',(-55.006338583,-11.827535732,-21.595307911));
#2503=DIRECTION('',(0.,1.,0.));
#2504=DIRECTION('',(0.,0.,1.));
#2505=AXIS2_PLACEMENT_3D('',#2502,#2503,#2504);
#2506=PLANE('',#2505);
#2507=ORIENTED_EDGE('',*,*,#2495,.T.);
#2508=CARTESIAN_POINT('',(-54.412687325,-11.827535732,-19.595307911));
#2509=VERTEX_POINT('',#2508);
#2510=CARTESIAN_POINT('',(-54.412687325,-11.827535732,-19.595307911));
#2511=DIRECTION('',(0.,0.,-1.));
#2512=VECTOR('',#2511,1.5);
#2513=LINE('',#2510,#2512);
#2514=EDGE_CURVE('',#2509,#978,#2513,.T.);
#2515=ORIENTED_EDGE('',*,*,#2514,.F.);
#2516=CARTESIAN_POINT('',(-55.49998984,-11.827535732,-19.595307911));
#2517=VERTEX_POINT('',#2516);
#2518=CARTESIAN_POINT('',(-54.412687325,-11.827535732,-19.595307911));
#2519=DIRECTION('',(-1.,0.,-0.));
#2520=VECTOR('',#2519,1.087302515);
#2521=LINE('',#2518,#2520);
#2522=EDGE_CURVE('',#2509,#2517,#2521,.T.);
#2523=ORIENTED_EDGE('',*,*,#2522,.T.);
#2524=CARTESIAN_POINT('',(-55.49998984,-11.827535732,-21.595307911));
#2525=DIRECTION('',(-0.,0.,1.));
#2526=VECTOR('',#2525,2.);
#2527=LINE('',#2524,#2526);
#2528=EDGE_CURVE('',#2170,#2517,#2527,.T.);
#2529=ORIENTED_EDGE('',*,*,#2528,.F.);
#2530=ORIENTED_EDGE('',*,*,#2175,.F.);
#2531=EDGE_LOOP('',(#2507,#2515,#2523,#2529,#2530));
#2532=FACE_BOUND('',#2531,.T.);
#2533=ADVANCED_FACE('',(#2532),#2506,.F.);
#2534=CARTESIAN_POINT('',(-55.49998984,-11.214835706,-21.595307911));
#2535=DIRECTION('',(-0.,0.,1.));
#2536=DIRECTION('',(1.,0.,0.));
#2537=AXIS2_PLACEMENT_3D('',#2534,#2535,#2536);
#2538=CYLINDRICAL_SURFACE('',#2537,0.612700025);
#2539=ORIENTED_EDGE('',*,*,#2528,.T.);
#2540=CARTESIAN_POINT('',(-55.49998984,-10.602135681,-19.595307911));
#2541=VERTEX_POINT('',#2540);
#2542=CARTESIAN_POINT('',(-55.49998984,-11.214835706,-19.595307911));
#2543=DIRECTION('',(-0.,0.,1.));
#2544=DIRECTION('',(1.,0.,0.));
#2545=AXIS2_PLACEMENT_3D('',#2542,#2543,#2544);
#2546=CIRCLE('',#2545,0.612700025);
#2547=EDGE_CURVE('',#2541,#2517,#2546,.T.);
#2548=ORIENTED_EDGE('',*,*,#2547,.F.);
#2549=CARTESIAN_POINT('',(-55.49998984,-10.602135681,-21.595307911));
#2550=DIRECTION('',(-0.,0.,1.));
#2551=VECTOR('',#2550,2.);
#2552=LINE('',#2549,#2551);
#2553=EDGE_CURVE('',#2178,#2541,#2552,.T.);
#2554=ORIENTED_EDGE('',*,*,#2553,.F.);
#2555=ORIENTED_EDGE('',*,*,#2184,.T.);
#2556=EDGE_LOOP('',(#2539,#2548,#2554,#2555));
#2557=FACE_BOUND('',#2556,.T.);
#2558=ADVANCED_FACE('',(#2557),#2538,.T.);
#2559=CARTESIAN_POINT('',(-55.006338583,-10.602135681,-21.595307911));
#2560=DIRECTION('',(0.,1.,0.));
#2561=DIRECTION('',(0.,0.,1.));
#2562=AXIS2_PLACEMENT_3D('',#2559,#2560,#2561);
#2563=PLANE('',#2562);
#2564=ORIENTED_EDGE('',*,*,#2553,.T.);
#2565=CARTESIAN_POINT('',(-54.412687325,-10.602135681,-19.595307911));
#2566=VERTEX_POINT('',#2565);
#2567=CARTESIAN_POINT('',(-54.412687325,-10.602135681,-19.595307911));
#2568=DIRECTION('',(-1.,0.,-0.));
#2569=VECTOR('',#2568,1.087302515);
#2570=LINE('',#2567,#2569);
#2571=EDGE_CURVE('',#2566,#2541,#2570,.T.);
#2572=ORIENTED_EDGE('',*,*,#2571,.F.);
#2573=CARTESIAN_POINT('',(-54.412687325,-10.602135681,-19.595307911));
#2574=DIRECTION('',(0.,0.,-1.));
#2575=VECTOR('',#2574,1.5);
#2576=LINE('',#2573,#2575);
#2577=EDGE_CURVE('',#2566,#968,#2576,.T.);
#2578=ORIENTED_EDGE('',*,*,#2577,.T.);
#2579=CARTESIAN_POINT('',(-54.412687325,-10.602135681,-21.595307911));
#2580=DIRECTION('',(-0.,0.,1.));
#2581=VECTOR('',#2580,0.5);
#2582=LINE('',#2579,#2581);
#2583=EDGE_CURVE('',#2187,#968,#2582,.T.);
#2584=ORIENTED_EDGE('',*,*,#2583,.F.);
#2585=ORIENTED_EDGE('',*,*,#2192,.T.);
#2586=EDGE_LOOP('',(#2564,#2572,#2578,#2584,#2585));
#2587=FACE_BOUND('',#2586,.T.);
#2588=ADVANCED_FACE('',(#2587),#2563,.T.);
#2589=CARTESIAN_POINT('',(-54.412687325,-8.40086276,-21.595307911));
#2590=DIRECTION('',(1.,0.,0.));
#2591=DIRECTION('',(0.,0.,-1.));
#2592=AXIS2_PLACEMENT_3D('',#2589,#2590,#2591);
#2593=PLANE('',#2592);
#2594=ORIENTED_EDGE('',*,*,#975,.T.);
#2595=ORIENTED_EDGE('',*,*,#1129,.F.);
#2596=ORIENTED_EDGE('',*,*,#2198,.F.);
#2597=ORIENTED_EDGE('',*,*,#2583,.T.);
#2598=EDGE_LOOP('',(#2594,#2595,#2596,#2597));
#2599=FACE_BOUND('',#2598,.T.);
#2600=ADVANCED_FACE('',(#2599),#2593,.F.);
#2601=CARTESIAN_POINT('',(-65.587310135,-5.82266778,-21.595307911));
#2602=DIRECTION('',(1.,0.,0.));
#2603=DIRECTION('',(0.,0.,-1.));
#2604=AXIS2_PLACEMENT_3D('',#2601,#2602,#2603);
#2605=PLANE('',#2604);
#2606=ORIENTED_EDGE('',*,*,#1031,.F.);
#2607=CARTESIAN_POINT('',(-65.587310135,-10.602135681,-21.595307911));
#2608=DIRECTION('',(-0.,0.,1.));
#2609=VECTOR('',#2608,0.5);
#2610=LINE('',#2607,#2609);
#2611=EDGE_CURVE('',#2112,#1018,#2610,.T.);
#2612=ORIENTED_EDGE('',*,*,#2611,.F.);
#2613=ORIENTED_EDGE('',*,*,#2117,.T.);
#2614=ORIENTED_EDGE('',*,*,#1991,.T.);
#2615=EDGE_LOOP('',(#2606,#2612,#2613,#2614));
#2616=FACE_BOUND('',#2615,.T.);
#2617=ADVANCED_FACE('',(#2616),#2605,.T.);
#2618=CARTESIAN_POINT('',(-64.993658877,-10.602135681,-21.595307911));
#2619=DIRECTION('',(0.,1.,0.));
#2620=DIRECTION('',(0.,0.,1.));
#2621=AXIS2_PLACEMENT_3D('',#2618,#2619,#2620);
#2622=PLANE('',#2621);
#2623=ORIENTED_EDGE('',*,*,#2611,.T.);
#2624=CARTESIAN_POINT('',(-65.587310135,-10.602135681,-19.595307911));
#2625=VERTEX_POINT('',#2624);
#2626=CARTESIAN_POINT('',(-65.587310135,-10.602135681,-19.595307911));
#2627=DIRECTION('',(0.,0.,-1.));
#2628=VECTOR('',#2627,1.5);
#2629=LINE('',#2626,#2628);
#2630=EDGE_CURVE('',#2625,#1018,#2629,.T.);
#2631=ORIENTED_EDGE('',*,*,#2630,.F.);
#2632=CARTESIAN_POINT('',(-64.50000762,-10.602135681,-19.595307911));
#2633=VERTEX_POINT('',#2632);
#2634=CARTESIAN_POINT('',(-64.50000762,-10.602135681,-19.595307911));
#2635=DIRECTION('',(-1.,0.,-0.));
#2636=VECTOR('',#2635,1.087302515);
#2637=LINE('',#2634,#2636);
#2638=EDGE_CURVE('',#2633,#2625,#2637,.T.);
#2639=ORIENTED_EDGE('',*,*,#2638,.F.);
#2640=CARTESIAN_POINT('',(-64.50000762,-10.602135681,-21.595307911));
#2641=DIRECTION('',(-0.,0.,1.));
#2642=VECTOR('',#2641,2.);
#2643=LINE('',#2640,#2642);
#2644=EDGE_CURVE('',#2120,#2633,#2643,.T.);
#2645=ORIENTED_EDGE('',*,*,#2644,.F.);
#2646=ORIENTED_EDGE('',*,*,#2125,.T.);
#2647=EDGE_LOOP('',(#2623,#2631,#2639,#2645,#2646));
#2648=FACE_BOUND('',#2647,.T.);
#2649=ADVANCED_FACE('',(#2648),#2622,.T.);
#2650=CARTESIAN_POINT('',(-64.50000762,-11.214835706,-21.595307911));
#2651=DIRECTION('',(-0.,0.,1.));
#2652=DIRECTION('',(1.,0.,0.));
#2653=AXIS2_PLACEMENT_3D('',#2650,#2651,#2652);
#2654=CYLINDRICAL_SURFACE('',#2653,0.612700025);
#2655=CARTESIAN_POINT('',(-63.887307595,-11.214835706,-19.595307911));
#2656=VERTEX_POINT('',#2655);
#2657=CARTESIAN_POINT('',(-63.887307595,-11.214835706,-19.595307911));
#2658=DIRECTION('',(0.,-0.,-1.));
#2659=VECTOR('',#2658,2.);
#2660=LINE('',#2657,#2659);
#2661=EDGE_CURVE('',#2656,#2128,#2660,.T.);
#2662=ORIENTED_EDGE('',*,*,#2661,.T.);
#2663=ORIENTED_EDGE('',*,*,#2134,.T.);
#2664=ORIENTED_EDGE('',*,*,#2644,.T.);
#2665=CARTESIAN_POINT('',(-64.50000762,-11.214835706,-19.595307911));
#2666=DIRECTION('',(-0.,0.,1.));
#2667=DIRECTION('',(1.,0.,0.));
#2668=AXIS2_PLACEMENT_3D('',#2665,#2666,#2667);
#2669=CIRCLE('',#2668,0.612700025);
#2670=EDGE_CURVE('',#2656,#2633,#2669,.T.);
#2671=ORIENTED_EDGE('',*,*,#2670,.F.);
#2672=EDGE_LOOP('',(#2662,#2663,#2664,#2671));
#2673=FACE_BOUND('',#2672,.T.);
#2674=ADVANCED_FACE('',(#2673),#2654,.T.);
#2675=CARTESIAN_POINT('',(-64.993658877,-11.827535732,-21.595307911));
#2676=DIRECTION('',(0.,1.,0.));
#2677=DIRECTION('',(0.,0.,1.));
#2678=AXIS2_PLACEMENT_3D('',#2675,#2676,#2677);
#2679=PLANE('',#2678);
#2680=CARTESIAN_POINT('',(-64.50000762,-11.827535732,-19.595307911));
#2681=VERTEX_POINT('',#2680);
#2682=CARTESIAN_POINT('',(-64.50000762,-11.827535732,-21.595307911));
#2683=DIRECTION('',(-0.,0.,1.));
#2684=VECTOR('',#2683,2.);
#2685=LINE('',#2682,#2684);
#2686=EDGE_CURVE('',#2137,#2681,#2685,.T.);
#2687=ORIENTED_EDGE('',*,*,#2686,.T.);
#2688=CARTESIAN_POINT('',(-65.587310135,-11.827535732,-19.595307911));
#2689=VERTEX_POINT('',#2688);
#2690=CARTESIAN_POINT('',(-64.50000762,-11.827535732,-19.595307911));
#2691=DIRECTION('',(-1.,0.,-0.));
#2692=VECTOR('',#2691,1.087302515);
#2693=LINE('',#2690,#2692);
#2694=EDGE_CURVE('',#2681,#2689,#2693,.T.);
#2695=ORIENTED_EDGE('',*,*,#2694,.T.);
#2696=CARTESIAN_POINT('',(-65.587310135,-11.827535732,-19.595307911));
#2697=DIRECTION('',(0.,0.,-1.));
#2698=VECTOR('',#2697,1.5);
#2699=LINE('',#2696,#2698);
#2700=EDGE_CURVE('',#2689,#1010,#2699,.T.);
#2701=ORIENTED_EDGE('',*,*,#2700,.T.);
#2702=CARTESIAN_POINT('',(-65.587310135,-11.827535732,-21.595307911));
#2703=DIRECTION('',(-0.,0.,1.));
#2704=VECTOR('',#2703,0.5);
#2705=LINE('',#2702,#2704);
#2706=EDGE_CURVE('',#2146,#1010,#2705,.T.);
#2707=ORIENTED_EDGE('',*,*,#2706,.F.);
#2708=ORIENTED_EDGE('',*,*,#2151,.F.);
#2709=EDGE_LOOP('',(#2687,#2695,#2701,#2707,#2708));
#2710=FACE_BOUND('',#2709,.T.);
#2711=ADVANCED_FACE('',(#2710),#2679,.F.);
#2712=CARTESIAN_POINT('',(-65.587310135,-14.763574216,-21.595307911));
#2713=DIRECTION('',(1.,0.,0.));
#2714=DIRECTION('',(0.,0.,-1.));
#2715=AXIS2_PLACEMENT_3D('',#2712,#2713,#2714);
#2716=PLANE('',#2715);
#2717=ORIENTED_EDGE('',*,*,#1015,.F.);
#2718=ORIENTED_EDGE('',*,*,#672,.F.);
#2719=ORIENTED_EDGE('',*,*,#2157,.T.);
#2720=ORIENTED_EDGE('',*,*,#2706,.T.);
#2721=EDGE_LOOP('',(#2717,#2718,#2719,#2720));
#2722=FACE_BOUND('',#2721,.T.);
#2723=ADVANCED_FACE('',(#2722),#2716,.T.);
#2724=CARTESIAN_POINT('',(-65.587310135,-11.214835706,-20.095307911));
#2725=DIRECTION('',(1.,-0.,0.));
#2726=DIRECTION('',(0.,0.,-1.));
#2727=AXIS2_PLACEMENT_3D('',#2724,#2725,#2726);
#2728=PLANE('',#2727);
#2729=ORIENTED_EDGE('',*,*,#1023,.T.);
#2730=ORIENTED_EDGE('',*,*,#2700,.F.);
#2731=CARTESIAN_POINT('',(-65.587310135,-10.602135681,-19.595307911));
#2732=DIRECTION('',(-0.,-1.,-0.));
#2733=VECTOR('',#2732,1.225400051);
#2734=LINE('',#2731,#2733);
#2735=EDGE_CURVE('',#2625,#2689,#2734,.T.);
#2736=ORIENTED_EDGE('',*,*,#2735,.F.);
#2737=ORIENTED_EDGE('',*,*,#2630,.T.);
#2738=EDGE_LOOP('',(#2729,#2730,#2736,#2737));
#2739=FACE_BOUND('',#2738,.T.);
#2740=ADVANCED_FACE('',(#2739),#2728,.F.);
#2741=CARTESIAN_POINT('',(-60.008180602,6.05425428,-19.595307911));
#2742=DIRECTION('',(-0.,0.,1.));
#2743=DIRECTION('',(1.,0.,0.));
#2744=AXIS2_PLACEMENT_3D('',#2741,#2742,#2743);
#2745=PLANE('',#2744);
#2746=ORIENTED_EDGE('',*,*,#2694,.F.);
#2747=CARTESIAN_POINT('',(-64.50000762,-11.214835706,-19.595307911));
#2748=DIRECTION('',(-0.,0.,1.));
#2749=DIRECTION('',(1.,0.,0.));
#2750=AXIS2_PLACEMENT_3D('',#2747,#2748,#2749);
#2751=CIRCLE('',#2750,0.612700025);
#2752=EDGE_CURVE('',#2681,#2656,#2751,.T.);
#2753=ORIENTED_EDGE('',*,*,#2752,.T.);
#2754=ORIENTED_EDGE('',*,*,#2670,.T.);
#2755=ORIENTED_EDGE('',*,*,#2638,.T.);
#2756=ORIENTED_EDGE('',*,*,#2735,.T.);
#2757=EDGE_LOOP('',(#2746,#2753,#2754,#2755,#2756));
#2758=FACE_BOUND('',#2757,.T.);
#2759=ADVANCED_FACE('',(#2758),#2745,.T.);
#2760=CARTESIAN_POINT('',(-54.412687325,-11.214835706,-20.095307911));
#2761=DIRECTION('',(1.,-0.,0.));
#2762=DIRECTION('',(0.,0.,-1.));
#2763=AXIS2_PLACEMENT_3D('',#2760,#2761,#2762);
#2764=PLANE('',#2763);
#2765=ORIENTED_EDGE('',*,*,#983,.F.);
#2766=ORIENTED_EDGE('',*,*,#2577,.F.);
#2767=CARTESIAN_POINT('',(-54.412687325,-10.602135681,-19.595307911));
#2768=DIRECTION('',(-0.,-1.,-0.));
#2769=VECTOR('',#2768,1.225400051);
#2770=LINE('',#2767,#2769);
#2771=EDGE_CURVE('',#2566,#2509,#2770,.T.);
#2772=ORIENTED_EDGE('',*,*,#2771,.T.);
#2773=ORIENTED_EDGE('',*,*,#2514,.T.);
#2774=EDGE_LOOP('',(#2765,#2766,#2772,#2773));
#2775=FACE_BOUND('',#2774,.T.);
#2776=ADVANCED_FACE('',(#2775),#2764,.T.);
#2777=CARTESIAN_POINT('',(-60.008180602,6.05425428,-19.595307911));
#2778=DIRECTION('',(-0.,0.,1.));
#2779=DIRECTION('',(1.,0.,0.));
#2780=AXIS2_PLACEMENT_3D('',#2777,#2778,#2779);
#2781=PLANE('',#2780);
#2782=ORIENTED_EDGE('',*,*,#2771,.F.);
#2783=ORIENTED_EDGE('',*,*,#2571,.T.);
#2784=ORIENTED_EDGE('',*,*,#2547,.T.);
#2785=ORIENTED_EDGE('',*,*,#2522,.F.);
#2786=EDGE_LOOP('',(#2782,#2783,#2784,#2785));
#2787=FACE_BOUND('',#2786,.T.);
#2788=ADVANCED_FACE('',(#2787),#2781,.T.);
#2789=CARTESIAN_POINT('',(-64.52,-14.231597416,-18.925298109));
#2790=DIRECTION('',(-1.,0.,0.));
#2791=DIRECTION('',(-0.,-1.,0.));
#2792=AXIS2_PLACEMENT_3D('',#2789,#2790,#2791);
#2793=PLANE('',#2792);
#2794=CARTESIAN_POINT('',(-64.52,-18.732156262,-19.405298109));
#2795=DIRECTION('',(-0.,-1.,-0.));
#2796=VECTOR('',#2795,1.399441154);
#2797=LINE('',#2794,#2796);
#2798=EDGE_CURVE('',#635,#760,#2797,.T.);
#2799=ORIENTED_EDGE('',*,*,#2798,.F.);
#2800=ORIENTED_EDGE('',*,*,#640,.F.);
#2801=ORIENTED_EDGE('',*,*,#350,.T.);
#2802=ORIENTED_EDGE('',*,*,#772,.T.);
#2803=EDGE_LOOP('',(#2799,#2800,#2801,#2802));
#2804=FACE_BOUND('',#2803,.T.);
#2805=ADVANCED_FACE('',(#2804),#2793,.F.);
#2806=CARTESIAN_POINT('',(-63.37,-14.231597416,-19.405298109));
#2807=DIRECTION('',(-0.,-1.,-0.));
#2808=DIRECTION('',(1.,-0.,0.));
#2809=AXIS2_PLACEMENT_3D('',#2806,#2807,#2808);
#2810=CYLINDRICAL_SURFACE('',#2809,1.15);
#2811=ORIENTED_EDGE('',*,*,#2798,.T.);
#2812=ORIENTED_EDGE('',*,*,#766,.T.);
#2813=CARTESIAN_POINT('',(-63.37,-18.731822488,-20.555298109));
#2814=DIRECTION('',(-0.,-1.,-0.));
#2815=VECTOR('',#2814,1.399774928);
#2816=LINE('',#2813,#2815);
#2817=EDGE_CURVE('',#643,#752,#2816,.T.);
#2818=ORIENTED_EDGE('',*,*,#2817,.F.);
#2819=ORIENTED_EDGE('',*,*,#649,.F.);
#2820=EDGE_LOOP('',(#2811,#2812,#2818,#2819));
#2821=FACE_BOUND('',#2820,.T.);
#2822=ADVANCED_FACE('',(#2821),#2810,.F.);
#2823=CARTESIAN_POINT('',(-55.48,-14.231597416,-18.925298109));
#2824=DIRECTION('',(-1.,0.,0.));
#2825=DIRECTION('',(-0.,-1.,0.));
#2826=AXIS2_PLACEMENT_3D('',#2823,#2824,#2825);
#2827=PLANE('',#2826);
#2828=CARTESIAN_POINT('',(-55.48,-18.730844688,-19.405298109));
#2829=DIRECTION('',(-0.,-1.,-0.));
#2830=VECTOR('',#2829,1.400752728);
#2831=LINE('',#2828,#2830);
#2832=EDGE_CURVE('',#562,#735,#2831,.T.);
#2833=ORIENTED_EDGE('',*,*,#2832,.T.);
#2834=ORIENTED_EDGE('',*,*,#740,.F.);
#2835=ORIENTED_EDGE('',*,*,#392,.F.);
#2836=ORIENTED_EDGE('',*,*,#567,.F.);
#2837=EDGE_LOOP('',(#2833,#2834,#2835,#2836));
#2838=FACE_BOUND('',#2837,.T.);
#2839=ADVANCED_FACE('',(#2838),#2827,.T.);
#2840=CARTESIAN_POINT('',(-60.,-14.231597416,-20.555298109));
#2841=DIRECTION('',(-0.,-0.,1.));
#2842=DIRECTION('',(0.,-1.,-0.));
#2843=AXIS2_PLACEMENT_3D('',#2840,#2841,#2842);
#2844=PLANE('',#2843);
#2845=ORIENTED_EDGE('',*,*,#655,.T.);
#2846=ORIENTED_EDGE('',*,*,#2817,.T.);
#2847=ORIENTED_EDGE('',*,*,#757,.F.);
#2848=CARTESIAN_POINT('',(-56.63,-18.730844688,-20.555298109));
#2849=DIRECTION('',(-0.,-1.,-0.));
#2850=VECTOR('',#2849,1.400752728);
#2851=LINE('',#2848,#2850);
#2852=EDGE_CURVE('',#611,#743,#2851,.T.);
#2853=ORIENTED_EDGE('',*,*,#2852,.F.);
#2854=ORIENTED_EDGE('',*,*,#616,.F.);
#2855=EDGE_LOOP('',(#2845,#2846,#2847,#2853,#2854));
#2856=FACE_BOUND('',#2855,.T.);
#2857=ADVANCED_FACE('',(#2856),#2844,.T.);
#2858=CARTESIAN_POINT('',(-56.63,-14.231597416,-19.405298109));
#2859=DIRECTION('',(-0.,-1.,-0.));
#2860=DIRECTION('',(1.,-0.,0.));
#2861=AXIS2_PLACEMENT_3D('',#2858,#2859,#2860);
#2862=CYLINDRICAL_SURFACE('',#2861,1.15);
#2863=ORIENTED_EDGE('',*,*,#623,.T.);
#2864=ORIENTED_EDGE('',*,*,#2852,.T.);
#2865=ORIENTED_EDGE('',*,*,#749,.T.);
#2866=ORIENTED_EDGE('',*,*,#2832,.F.);
#2867=EDGE_LOOP('',(#2863,#2864,#2865,#2866));
#2868=FACE_BOUND('',#2867,.T.);
#2869=ADVANCED_FACE('',(#2868),#2862,.F.);
#2870=CARTESIAN_POINT('',(-49.008180602,23.841846414,-21.595307911));
#2871=DIRECTION('',(0.,0.,-1.));
#2872=DIRECTION('',(-1.,0.,-0.));
#2873=AXIS2_PLACEMENT_3D('',#2870,#2871,#2872);
#2874=CYLINDRICAL_SURFACE('',#2873,2.);
#2875=CARTESIAN_POINT('',(-51.008180602,23.841846414,-21.595307911));
#2876=VERTEX_POINT('',#2875);
#2877=CARTESIAN_POINT('',(-51.008180602,23.841846414,-22.095307911));
#2878=DIRECTION('',(-0.,-0.,1.));
#2879=VECTOR('',#2878,0.5);
#2880=LINE('',#2877,#2879);
#2881=EDGE_CURVE('',#298,#2876,#2880,.T.);
#2882=ORIENTED_EDGE('',*,*,#2881,.F.);
#2883=ORIENTED_EDGE('',*,*,#304,.T.);
#2884=ORIENTED_EDGE('',*,*,#2881,.T.);
#2885=CARTESIAN_POINT('',(-49.008180602,23.841846414,-21.595307911));
#2886=DIRECTION('',(0.,0.,-1.));
#2887=DIRECTION('',(-1.,0.,-0.));
#2888=AXIS2_PLACEMENT_3D('',#2885,#2886,#2887);
#2889=CIRCLE('',#2888,2.);
#2890=EDGE_CURVE('',#2876,#2876,#2889,.T.);
#2891=ORIENTED_EDGE('',*,*,#2890,.F.);
#2892=EDGE_LOOP('',(#2882,#2883,#2884,#2891));
#2893=FACE_BOUND('',#2892,.T.);
#2894=ADVANCED_FACE('',(#2893),#2874,.F.);
#2895=CARTESIAN_POINT('',(-71.008180602,23.841846414,-21.595307911));
#2896=DIRECTION('',(0.,0.,-1.));
#2897=DIRECTION('',(-1.,0.,-0.));
#2898=AXIS2_PLACEMENT_3D('',#2895,#2896,#2897);
#2899=CYLINDRICAL_SURFACE('',#2898,2.);
#2900=CARTESIAN_POINT('',(-73.008180602,23.841846414,-21.595307911));
#2901=VERTEX_POINT('',#2900);
#2902=CARTESIAN_POINT('',(-73.008180602,23.841846414,-22.095307911));
#2903=DIRECTION('',(-0.,-0.,1.));
#2904=VECTOR('',#2903,0.5);
#2905=LINE('',#2902,#2904);
#2906=EDGE_CURVE('',#287,#2901,#2905,.T.);
#2907=ORIENTED_EDGE('',*,*,#2906,.F.);
#2908=ORIENTED_EDGE('',*,*,#293,.T.);
#2909=ORIENTED_EDGE('',*,*,#2906,.T.);
#2910=CARTESIAN_POINT('',(-71.008180602,23.841846414,-21.595307911));
#2911=DIRECTION('',(0.,0.,-1.));
#2912=DIRECTION('',(-1.,0.,-0.));
#2913=AXIS2_PLACEMENT_3D('',#2910,#2911,#2912);
#2914=CIRCLE('',#2913,2.);
#2915=EDGE_CURVE('',#2901,#2901,#2914,.T.);
#2916=ORIENTED_EDGE('',*,*,#2915,.F.);
#2917=EDGE_LOOP('',(#2907,#2908,#2909,#2916));
#2918=FACE_BOUND('',#2917,.T.);
#2919=ADVANCED_FACE('',(#2918),#2899,.F.);
#2920=CARTESIAN_POINT('',(-77.5,-5.999656118,-21.595307911));
#2921=DIRECTION('',(0.,0.,-1.));
#2922=DIRECTION('',(-1.,0.,-0.));
#2923=AXIS2_PLACEMENT_3D('',#2920,#2921,#2922);
#2924=CYLINDRICAL_SURFACE('',#2923,2.);
#2925=CARTESIAN_POINT('',(-79.5,-5.999656118,-21.595307911));
#2926=VERTEX_POINT('',#2925);
#2927=CARTESIAN_POINT('',(-79.5,-5.999656118,-22.095307911));
#2928=DIRECTION('',(-0.,-0.,1.));
#2929=VECTOR('',#2928,0.5);
#2930=LINE('',#2927,#2929);
#2931=EDGE_CURVE('',#276,#2926,#2930,.T.);
#2932=ORIENTED_EDGE('',*,*,#2931,.F.);
#2933=ORIENTED_EDGE('',*,*,#282,.T.);
#2934=ORIENTED_EDGE('',*,*,#2931,.T.);
#2935=CARTESIAN_POINT('',(-77.5,-5.999656118,-21.595307911));
#2936=DIRECTION('',(0.,0.,-1.));
#2937=DIRECTION('',(-1.,0.,-0.));
#2938=AXIS2_PLACEMENT_3D('',#2935,#2936,#2937);
#2939=CIRCLE('',#2938,2.);
#2940=EDGE_CURVE('',#2926,#2926,#2939,.T.);
#2941=ORIENTED_EDGE('',*,*,#2940,.F.);
#2942=EDGE_LOOP('',(#2932,#2933,#2934,#2941));
#2943=FACE_BOUND('',#2942,.T.);
#2944=ADVANCED_FACE('',(#2943),#2924,.F.);
#2945=CARTESIAN_POINT('',(-42.5,-5.999656118,-21.595307911));
#2946=DIRECTION('',(0.,0.,-1.));
#2947=DIRECTION('',(-1.,0.,-0.));
#2948=AXIS2_PLACEMENT_3D('',#2945,#2946,#2947);
#2949=CYLINDRICAL_SURFACE('',#2948,2.);
#2950=CARTESIAN_POINT('',(-44.5,-5.999656118,-21.595307911));
#2951=VERTEX_POINT('',#2950);
#2952=CARTESIAN_POINT('',(-44.5,-5.999656118,-22.095307911));
#2953=DIRECTION('',(-0.,-0.,1.));
#2954=VECTOR('',#2953,0.5);
#2955=LINE('',#2952,#2954);
#2956=EDGE_CURVE('',#265,#2951,#2955,.T.);
#2957=ORIENTED_EDGE('',*,*,#2956,.F.);
#2958=ORIENTED_EDGE('',*,*,#271,.T.);
#2959=ORIENTED_EDGE('',*,*,#2956,.T.);
#2960=CARTESIAN_POINT('',(-42.5,-5.999656118,-21.595307911));
#2961=DIRECTION('',(0.,0.,-1.));
#2962=DIRECTION('',(-1.,0.,-0.));
#2963=AXIS2_PLACEMENT_3D('',#2960,#2961,#2962);
#2964=CIRCLE('',#2963,2.);
#2965=EDGE_CURVE('',#2951,#2951,#2964,.T.);
#2966=ORIENTED_EDGE('',*,*,#2965,.F.);
#2967=EDGE_LOOP('',(#2957,#2958,#2959,#2966));
#2968=FACE_BOUND('',#2967,.T.);
#2969=ADVANCED_FACE('',(#2968),#2949,.F.);
#2970=CARTESIAN_POINT('',(-42.5,-5.999656118,-20.595307911));
#2971=DIRECTION('',(0.,0.,-1.));
#2972=DIRECTION('',(-1.,0.,-0.));
#2973=AXIS2_PLACEMENT_3D('',#2970,#2971,#2972);
#2974=CONICAL_SURFACE('',#2973,1.,45.);
#2975=CARTESIAN_POINT('',(-44.5,-5.999656118,-21.595307911));
#2976=DIRECTION('',(0.707106781,-0.,0.707106781));
#2977=VECTOR('',#2976,1.414213562);
#2978=LINE('',#2975,#2977);
#2979=EDGE_CURVE('',#2951,#88,#2978,.T.);
#2980=ORIENTED_EDGE('',*,*,#2979,.F.);
#2981=ORIENTED_EDGE('',*,*,#2965,.T.);
#2982=ORIENTED_EDGE('',*,*,#2979,.T.);
#2983=ORIENTED_EDGE('',*,*,#94,.F.);
#2984=ORIENTED_EDGE('',*,*,#101,.F.);
#2985=EDGE_LOOP('',(#2980,#2981,#2982,#2983,#2984));
#2986=FACE_BOUND('',#2985,.T.);
#2987=ADVANCED_FACE('',(#2986),#2974,.F.);
#2988=CARTESIAN_POINT('',(-49.008180602,23.841846414,-21.595307911));
#2989=DIRECTION('',(0.,0.,-1.));
#2990=DIRECTION('',(-1.,0.,-0.));
#2991=AXIS2_PLACEMENT_3D('',#2988,#2989,#2990);
#2992=CONICAL_SURFACE('',#2991,2.,45.);
#2993=CARTESIAN_POINT('',(-51.008180602,23.841846414,-21.595307911));
#2994=DIRECTION('',(0.707106781,-0.,0.707106781));
#2995=VECTOR('',#2994,1.414213562);
#2996=LINE('',#2993,#2995);
#2997=EDGE_CURVE('',#2876,#241,#2996,.T.);
#2998=ORIENTED_EDGE('',*,*,#2997,.F.);
#2999=ORIENTED_EDGE('',*,*,#2890,.T.);
#3000=ORIENTED_EDGE('',*,*,#2997,.T.);
#3001=ORIENTED_EDGE('',*,*,#247,.F.);
#3002=ORIENTED_EDGE('',*,*,#254,.F.);
#3003=EDGE_LOOP('',(#2998,#2999,#3000,#3001,#3002));
#3004=FACE_BOUND('',#3003,.T.);
#3005=ADVANCED_FACE('',(#3004),#2992,.F.);
#3006=CARTESIAN_POINT('',(-71.008180602,23.841846414,-20.595307911));
#3007=DIRECTION('',(0.,0.,-1.));
#3008=DIRECTION('',(-1.,0.,-0.));
#3009=AXIS2_PLACEMENT_3D('',#3006,#3007,#3008);
#3010=CONICAL_SURFACE('',#3009,1.,45.);
#3011=CARTESIAN_POINT('',(-73.008180602,23.841846414,-21.595307911));
#3012=DIRECTION('',(0.707106781,-0.,0.707106781));
#3013=VECTOR('',#3012,1.414213562);
#3014=LINE('',#3011,#3013);
#3015=EDGE_CURVE('',#2901,#190,#3014,.T.);
#3016=ORIENTED_EDGE('',*,*,#3015,.F.);
#3017=ORIENTED_EDGE('',*,*,#2915,.T.);
#3018=ORIENTED_EDGE('',*,*,#3015,.T.);
#3019=ORIENTED_EDGE('',*,*,#196,.F.);
#3020=ORIENTED_EDGE('',*,*,#203,.F.);
#3021=EDGE_LOOP('',(#3016,#3017,#3018,#3019,#3020));
#3022=FACE_BOUND('',#3021,.T.);
#3023=ADVANCED_FACE('',(#3022),#3010,.F.);
#3024=CARTESIAN_POINT('',(-77.5,-5.999656118,-20.595307911));
#3025=DIRECTION('',(0.,0.,-1.));
#3026=DIRECTION('',(-1.,0.,-0.));
#3027=AXIS2_PLACEMENT_3D('',#3024,#3025,#3026);
#3028=CONICAL_SURFACE('',#3027,1.,45.);
#3029=CARTESIAN_POINT('',(-79.5,-5.999656118,-21.595307911));
#3030=DIRECTION('',(0.707106781,-0.,0.707106781));
#3031=VECTOR('',#3030,1.414213562);
#3032=LINE('',#3029,#3031);
#3033=EDGE_CURVE('',#2926,#139,#3032,.T.);
#3034=ORIENTED_EDGE('',*,*,#3033,.F.);
#3035=ORIENTED_EDGE('',*,*,#2940,.T.);
#3036=ORIENTED_EDGE('',*,*,#3033,.T.);
#3037=ORIENTED_EDGE('',*,*,#145,.F.);
#3038=ORIENTED_EDGE('',*,*,#152,.F.);
#3039=EDGE_LOOP('',(#3034,#3035,#3036,#3037,#3038));
#3040=FACE_BOUND('',#3039,.T.);
#3041=ADVANCED_FACE('',(#3040),#3028,.F.);
#3042=CARTESIAN_POINT('',(-60.008180602,6.05425428,-21.095307911));
#3043=DIRECTION('',(0.,0.,-1.));
#3044=DIRECTION('',(-1.,0.,-0.));
#3045=AXIS2_PLACEMENT_3D('',#3042,#3043,#3044);
#3046=TOROIDAL_SURFACE('',#3045,27.185851696,1.);
#3047=CARTESIAN_POINT('',(-87.194032298,6.05425428,-21.095307911));
#3048=DIRECTION('',(-0.,1.,0.));
#3049=DIRECTION('',(-1.,0.,-0.));
#3050=AXIS2_PLACEMENT_3D('',#3047,#3048,#3049);
#3051=CIRCLE('',#3050,1.);
#3052=EDGE_CURVE('',#319,#1310,#3051,.T.);
#3053=ORIENTED_EDGE('',*,*,#3052,.T.);
#3054=ORIENTED_EDGE('',*,*,#1376,.F.);
#3055=ORIENTED_EDGE('',*,*,#1468,.F.);
#3056=ORIENTED_EDGE('',*,*,#1570,.F.);
#3057=ORIENTED_EDGE('',*,*,#1154,.F.);
#3058=ORIENTED_EDGE('',*,*,#725,.F.);
#3059=ORIENTED_EDGE('',*,*,#332,.F.);
#3060=EDGE_LOOP('',(#3053,#3054,#3055,#3056,#3057,#3058,#3059));
#3061=FACE_BOUND('',#3060,.T.);
#3062=ADVANCED_FACE('',(#3061),#3046,.T.);
#3063=CARTESIAN_POINT('',(-60.008180602,6.05425428,-23.095307911));
#3064=DIRECTION('',(-0.,0.,1.));
#3065=DIRECTION('',(1.,0.,0.));
#3066=AXIS2_PLACEMENT_3D('',#3063,#3064,#3065);
#3067=CYLINDRICAL_SURFACE('',#3066,26.5);
#3068=ORIENTED_EDGE('',*,*,#1239,.T.);
#3069=ORIENTED_EDGE('',*,*,#999,.T.);
#3070=ORIENTED_EDGE('',*,*,#576,.F.);
#3071=ORIENTED_EDGE('',*,*,#376,.F.);
#3072=EDGE_LOOP('',(#3068,#3069,#3070,#3071));
#3073=FACE_BOUND('',#3072,.T.);
#3074=ADVANCED_FACE('',(#3073),#3067,.F.);
#3075=CARTESIAN_POINT('',(-64.50000762,-11.214835706,-21.595307911));
#3076=DIRECTION('',(-0.,0.,1.));
#3077=DIRECTION('',(1.,0.,0.));
#3078=AXIS2_PLACEMENT_3D('',#3075,#3076,#3077);
#3079=CYLINDRICAL_SURFACE('',#3078,0.612700025);
#3080=ORIENTED_EDGE('',*,*,#2661,.F.);
#3081=ORIENTED_EDGE('',*,*,#2752,.F.);
#3082=ORIENTED_EDGE('',*,*,#2686,.F.);
#3083=ORIENTED_EDGE('',*,*,#2143,.T.);
#3084=EDGE_LOOP('',(#3080,#3081,#3082,#3083));
#3085=FACE_BOUND('',#3084,.T.);
#3086=ADVANCED_FACE('',(#3085),#3079,.T.);
#3087=CARTESIAN_POINT('',(-60.008180602,6.05425428,-21.095307911));
#3088=DIRECTION('',(0.,0.,-1.));
#3089=DIRECTION('',(-1.,0.,-0.));
#3090=AXIS2_PLACEMENT_3D('',#3087,#3088,#3089);
#3091=TOROIDAL_SURFACE('',#3090,27.185851696,1.);
#3092=ORIENTED_EDGE('',*,*,#3052,.F.);
#3093=ORIENTED_EDGE('',*,*,#325,.F.);
#3094=ORIENTED_EDGE('',*,*,#809,.F.);
#3095=ORIENTED_EDGE('',*,*,#1265,.F.);
#3096=ORIENTED_EDGE('',*,*,#1443,.F.);
#3097=EDGE_LOOP('',(#3092,#3093,#3094,#3095,#3096));
#3098=FACE_BOUND('',#3097,.T.);
#3099=ADVANCED_FACE('',(#3098),#3091,.T.);
#3100=CLOSED_SHELL('',(#105,#156,#207,#258,#336,#555,#627,#690,#813,#1109,#1140,#1189,#1229,#1246,#1295,#1449,#1498,#1576,#1607,#1631,#1655,#1672,#1684,#1706,#1723,#1740,
#1752,#1787,#1801,#1836,#1850,#1885,#1899,#1934,#1948,#1979,#2010,#2041,#2072,#2202,#2214,#2226,#2238,#2250,#2274,#2298,#2316,#2328,#2352,#2376,#2394,
#2406,#2430,#2455,#2472,#2484,#2501,#2533,#2558,#2588,#2600,#2617,#2649,#2674,#2711,#2723,#2740,#2759,#2776,#2788,#2805,#2822,#2839,#2857,#2869,#2894,
#2919,#2944,#2969,#2987,#3005,#3023,#3041,#3062,#3074,#3086,#3099));
#3101=MANIFOLD_SOLID_BREP('\X2\5E9558F34E0B\X0\ (2)',#3100);
#3102=COLOUR_RGB('',0.784313738,0.784313738,0.784313738);
#3103=FILL_AREA_STYLE_COLOUR('',#3102);
#3104=FILL_AREA_STYLE('',(#3103));
#3105=SURFACE_STYLE_FILL_AREA(#3104);
#3106=SURFACE_SIDE_STYLE('',(#3105));
#3107=SURFACE_STYLE_USAGE(.BOTH.,#3106);
#3108=PRESENTATION_STYLE_ASSIGNMENT((#3107));
#54=STYLED_ITEM('',(#3108),#3101);
#3110=CARTESIAN_POINT('',(-60.,3.856293712,-14.704283976));
#3111=DIRECTION('',(0.,0.258819045,-0.965925826));
#3112=DIRECTION('',(0.,0.965925826,0.258819045));
#3113=AXIS2_PLACEMENT_3D('',#3110,#3111,#3112);
#3114=PLANE('',#3113);
#3115=CARTESIAN_POINT('',(-38.358150953,6.633809776,-13.960050789));
#3116=VERTEX_POINT('',#3115);
#3117=CARTESIAN_POINT('',(-38.358150953,5.909365406,-14.154165073));
#3118=DIRECTION('',(0.,0.258819045,-0.965925826));
#3119=DIRECTION('',(0.,0.965925826,0.258819045));
#3120=AXIS2_PLACEMENT_3D('',#3117,#3118,#3119);
#3121=CIRCLE('',#3120,0.75);
#3122=EDGE_CURVE('',#3116,#3116,#3121,.T.);
#3123=ORIENTED_EDGE('',*,*,#3122,.F.);
#3124=EDGE_LOOP('',(#3123));
#3125=FACE_BOUND('',#3124,.T.);
#3126=CARTESIAN_POINT('',(-34.058180602,5.184921037,-14.348279357));
#3127=VERTEX_POINT('',#3126);
#3128=CARTESIAN_POINT('',(-34.058180602,6.633809776,-13.960050789));
#3129=VERTEX_POINT('',#3128);
#3130=CARTESIAN_POINT('',(-34.058180602,5.909365406,-14.154165073));
#3131=DIRECTION('',(0.,0.258819045,-0.965925826));
#3132=DIRECTION('',(-0.,0.965925826,0.258819045));
#3133=AXIS2_PLACEMENT_3D('',#3130,#3131,#3132);
#3134=CIRCLE('',#3133,0.75);
#3135=EDGE_CURVE('',#3127,#3129,#3134,.T.);
#3136=ORIENTED_EDGE('',*,*,#3135,.F.);
#3137=CARTESIAN_POINT('',(-34.058180602,5.909365406,-14.154165073));
#3138=DIRECTION('',(0.,0.258819045,-0.965925826));
#3139=DIRECTION('',(-0.,0.965925826,0.258819045));
#3140=AXIS2_PLACEMENT_3D('',#3137,#3138,#3139);
#3141=CIRCLE('',#3140,0.75);
#3142=EDGE_CURVE('',#3129,#3127,#3141,.T.);
#3143=ORIENTED_EDGE('',*,*,#3142,.F.);
#3144=EDGE_LOOP('',(#3136,#3143));
#3145=FACE_BOUND('',#3144,.T.);
#3146=CARTESIAN_POINT('',(-35.708180602,9.000328051,-13.325944129));
#3147=VERTEX_POINT('',#3146);
#3148=CARTESIAN_POINT('',(-35.708180602,7.358254146,-13.765936505));
#3149=VERTEX_POINT('',#3148);
#3150=CARTESIAN_POINT('',(-35.708180602,9.000328051,-13.325944129));
#3151=DIRECTION('',(-0.,-0.965925826,-0.258819045));
#3152=VECTOR('',#3151,1.7);
#3153=LINE('',#3150,#3152);
#3154=EDGE_CURVE('',#3147,#3149,#3153,.T.);
#3155=ORIENTED_EDGE('',*,*,#3154,.F.);
#3156=CARTESIAN_POINT('',(-35.208180602,9.483290964,-13.196534606));
#3157=VERTEX_POINT('',#3156);
#3158=CARTESIAN_POINT('',(-35.208180602,9.000328051,-13.325944129));
#3159=DIRECTION('',(0.,0.258819045,-0.965925826));
#3160=DIRECTION('',(0.,0.965925826,0.258819045));
#3161=AXIS2_PLACEMENT_3D('',#3158,#3159,#3160);
#3162=CIRCLE('',#3161,0.5);
#3163=EDGE_CURVE('',#3147,#3157,#3162,.T.);
#3164=ORIENTED_EDGE('',*,*,#3163,.T.);
#3165=CARTESIAN_POINT('',(-33.808180602,9.483290964,-13.196534606));
#3166=VERTEX_POINT('',#3165);
#3167=CARTESIAN_POINT('',(-33.808180602,9.483290964,-13.196534606));
#3168=DIRECTION('',(-1.,0.,-0.));
#3169=VECTOR('',#3168,1.4);
#3170=LINE('',#3167,#3169);
#3171=EDGE_CURVE('',#3166,#3157,#3170,.T.);
#3172=ORIENTED_EDGE('',*,*,#3171,.F.);
#3173=CARTESIAN_POINT('',(-33.308180602,9.000328051,-13.325944129));
#3174=VERTEX_POINT('',#3173);
#3175=CARTESIAN_POINT('',(-33.808180602,9.000328051,-13.325944129));
#3176=DIRECTION('',(0.,0.258819045,-0.965925826));
#3177=DIRECTION('',(0.,0.965925826,0.258819045));
#3178=AXIS2_PLACEMENT_3D('',#3175,#3176,#3177);
#3179=CIRCLE('',#3178,0.5);
#3180=EDGE_CURVE('',#3166,#3174,#3179,.T.);
#3181=ORIENTED_EDGE('',*,*,#3180,.T.);
#3182=CARTESIAN_POINT('',(-33.308180602,7.228844623,-13.800611682));
#3183=VERTEX_POINT('',#3182);
#3184=CARTESIAN_POINT('',(-33.308180602,9.000328051,-13.325944129));
#3185=DIRECTION('',(-0.,-0.965925826,-0.258819045));
#3186=VECTOR('',#3185,1.833974596);
#3187=LINE('',#3184,#3186);
#3188=EDGE_CURVE('',#3174,#3183,#3187,.T.);
#3189=ORIENTED_EDGE('',*,*,#3188,.T.);
#3190=CARTESIAN_POINT('',(-32.808180602,6.39232832,-14.024755551));
#3191=VERTEX_POINT('',#3190);
#3192=CARTESIAN_POINT('',(-33.808180602,6.39232832,-14.024755551));
#3193=DIRECTION('',(0.,0.258819045,-0.965925826));
#3194=DIRECTION('',(0.,0.965925826,0.258819045));
#3195=AXIS2_PLACEMENT_3D('',#3192,#3193,#3194);
#3196=CIRCLE('',#3195,1.);
#3197=EDGE_CURVE('',#3183,#3191,#3196,.T.);
#3198=ORIENTED_EDGE('',*,*,#3197,.T.);
#3199=CARTESIAN_POINT('',(-32.808180602,-0.369152464,-15.836488866));
#3200=VERTEX_POINT('',#3199);
#3201=CARTESIAN_POINT('',(-32.808180602,6.39232832,-14.024755551));
#3202=DIRECTION('',(-0.,-0.965925826,-0.258819045));
#3203=VECTOR('',#3202,7.);
#3204=LINE('',#3201,#3203);
#3205=EDGE_CURVE('',#3191,#3200,#3204,.T.);
#3206=ORIENTED_EDGE('',*,*,#3205,.T.);
#3207=CARTESIAN_POINT('',(-33.808180602,-1.335078291,-16.095307911));
#3208=VERTEX_POINT('',#3207);
#3209=CARTESIAN_POINT('',(-33.808180602,-0.369152464,-15.836488866));
#3210=DIRECTION('',(0.,0.258819045,-0.965925826));
#3211=DIRECTION('',(0.,0.965925826,0.258819045));
#3212=AXIS2_PLACEMENT_3D('',#3209,#3210,#3211);
#3213=CIRCLE('',#3212,1.);
#3214=EDGE_CURVE('',#3200,#3208,#3213,.T.);
#3215=ORIENTED_EDGE('',*,*,#3214,.T.);
#3216=CARTESIAN_POINT('',(-38.308180602,-1.335078291,-16.095307911));
#3217=VERTEX_POINT('',#3216);
#3218=CARTESIAN_POINT('',(-38.308180602,-1.335078291,-16.095307911));
#3219=DIRECTION('',(1.,-0.,0.));
#3220=VECTOR('',#3219,4.5);
#3221=LINE('',#3218,#3220);
#3222=EDGE_CURVE('',#3217,#3208,#3221,.T.);
#3223=ORIENTED_EDGE('',*,*,#3222,.F.);
#3224=CARTESIAN_POINT('',(-37.808180602,-0.852115378,-15.965898389));
#3225=VERTEX_POINT('',#3224);
#3226=CARTESIAN_POINT('',(-38.308180602,-0.852115378,-15.965898389));
#3227=DIRECTION('',(-0.,-0.258819045,0.965925826));
#3228=DIRECTION('',(0.,0.965925826,0.258819045));
#3229=AXIS2_PLACEMENT_3D('',#3226,#3227,#3228);
#3230=CIRCLE('',#3229,0.5);
#3231=EDGE_CURVE('',#3217,#3225,#3230,.T.);
#3232=ORIENTED_EDGE('',*,*,#3231,.T.);
#3233=CARTESIAN_POINT('',(-37.808180602,-0.369152464,-15.836488866));
#3234=VERTEX_POINT('',#3233);
#3235=CARTESIAN_POINT('',(-37.808180602,-0.852115378,-15.965898389));
#3236=DIRECTION('',(-0.,0.965925826,0.258819045));
#3237=VECTOR('',#3236,0.5);
#3238=LINE('',#3235,#3237);
#3239=EDGE_CURVE('',#3225,#3234,#3238,.T.);
#3240=ORIENTED_EDGE('',*,*,#3239,.T.);
#3241=CARTESIAN_POINT('',(-38.308180602,0.113810449,-15.707079344));
#3242=VERTEX_POINT('',#3241);
#3243=CARTESIAN_POINT('',(-38.308180602,-0.369152464,-15.836488866));
#3244=DIRECTION('',(-0.,-0.258819045,0.965925826));
#3245=DIRECTION('',(0.,0.965925826,0.258819045));
#3246=AXIS2_PLACEMENT_3D('',#3243,#3244,#3245);
#3247=CIRCLE('',#3246,0.5);
#3248=EDGE_CURVE('',#3234,#3242,#3247,.T.);
#3249=ORIENTED_EDGE('',*,*,#3248,.T.);
#3250=CARTESIAN_POINT('',(-34.808180602,0.113810449,-15.707079344));
#3251=VERTEX_POINT('',#3250);
#3252=CARTESIAN_POINT('',(-34.808180602,0.113810449,-15.707079344));
#3253=DIRECTION('',(-1.,0.,-0.));
#3254=VECTOR('',#3253,3.5);
#3255=LINE('',#3252,#3254);
#3256=EDGE_CURVE('',#3251,#3242,#3255,.T.);
#3257=ORIENTED_EDGE('',*,*,#3256,.F.);
#3258=CARTESIAN_POINT('',(-34.808180602,4.460476667,-14.542393641));
#3259=VERTEX_POINT('',#3258);
#3260=CARTESIAN_POINT('',(-34.808180602,0.113810449,-15.707079344));
#3261=DIRECTION('',(0.,0.965925826,0.258819045));
#3262=VECTOR('',#3261,4.5);
#3263=LINE('',#3260,#3262);
#3264=EDGE_CURVE('',#3251,#3259,#3263,.T.);
#3265=ORIENTED_EDGE('',*,*,#3264,.T.);
#3266=CARTESIAN_POINT('',(-39.858150953,4.460476667,-14.542393641));
#3267=VERTEX_POINT('',#3266);
#3268=CARTESIAN_POINT('',(-34.808180602,4.460476667,-14.542393641));
#3269=DIRECTION('',(-1.,0.,-0.));
#3270=VECTOR('',#3269,5.049970351);
#3271=LINE('',#3268,#3270);
#3272=EDGE_CURVE('',#3259,#3267,#3271,.T.);
#3273=ORIENTED_EDGE('',*,*,#3272,.T.);
#3274=CARTESIAN_POINT('',(-39.858150953,7.358254146,-13.765936505));
#3275=VERTEX_POINT('',#3274);
#3276=CARTESIAN_POINT('',(-39.858150953,7.358254146,-13.765936505));
#3277=DIRECTION('',(-0.,-0.965925826,-0.258819045));
#3278=VECTOR('',#3277,3.);
#3279=LINE('',#3276,#3278);
#3280=EDGE_CURVE('',#3275,#3267,#3279,.T.);
#3281=ORIENTED_EDGE('',*,*,#3280,.F.);
#3282=CARTESIAN_POINT('',(-35.708180602,7.358254146,-13.765936505));
#3283=DIRECTION('',(-1.,0.,-0.));
#3284=VECTOR('',#3283,4.149970351);
#3285=LINE('',#3282,#3284);
#3286=EDGE_CURVE('',#3149,#3275,#3285,.T.);
#3287=ORIENTED_EDGE('',*,*,#3286,.F.);
#3288=EDGE_LOOP('',(#3155,#3164,#3172,#3181,#3189,#3198,#3206,#3215,#3223,#3232,#3240,#3249,#3257,#3265,#3273,#3281,#3287));
#3289=FACE_BOUND('',#3288,.T.);
#3290=ADVANCED_FACE('',(#3125,#3145,#3289),#3114,.T.);
#3291=CARTESIAN_POINT('',(-60.008180602,-5.413834401,6.467853405));
#3292=DIRECTION('',(0.,0.965925826,0.258819045));
#3293=DIRECTION('',(-1.,0.,0.));
#3294=AXIS2_PLACEMENT_3D('',#3291,#3292,#3293);
#3295=PLANE('',#3294);
#3296=CARTESIAN_POINT('',(-43.712334186,-6.927083039,12.115374205));
#3297=VERTEX_POINT('',#3296);
#3298=CARTESIAN_POINT('',(-43.712334186,0.500180779,-15.603551726));
#3299=VERTEX_POINT('',#3298);
#3300=CARTESIAN_POINT('',(-43.712334186,-6.927083039,12.115374205));
#3301=DIRECTION('',(0.,0.258819045,-0.965925826));
#3302=VECTOR('',#3301,28.696743763);
#3303=LINE('',#3300,#3302);
#3304=EDGE_CURVE('',#3297,#3299,#3303,.T.);
#3305=ORIENTED_EDGE('',*,*,#3304,.T.);
#3306=CARTESIAN_POINT('',(-85.208180602,0.500180779,-15.603551726));
#3307=VERTEX_POINT('',#3306);
#3308=CARTESIAN_POINT('',(-85.208180602,0.500180779,-15.603551726));
#3309=DIRECTION('',(1.,-0.,0.));
#3310=VECTOR('',#3309,41.495846416);
#3311=LINE('',#3308,#3310);
#3312=EDGE_CURVE('',#3307,#3299,#3311,.T.);
#3313=ORIENTED_EDGE('',*,*,#3312,.F.);
#3314=CARTESIAN_POINT('',(-85.208180602,-7.316154383,13.567408228));
#3315=VERTEX_POINT('',#3314);
#3316=CARTESIAN_POINT('',(-85.208180602,-7.316154383,13.567408228));
#3317=DIRECTION('',(0.,0.258819045,-0.965925826));
#3318=VECTOR('',#3317,30.2);
#3319=LINE('',#3316,#3318);
#3320=EDGE_CURVE('',#3315,#3307,#3319,.T.);
#3321=ORIENTED_EDGE('',*,*,#3320,.F.);
#3322=CARTESIAN_POINT('',(-34.808180602,-7.316154383,13.567408228));
#3323=VERTEX_POINT('',#3322);
#3324=CARTESIAN_POINT('',(-85.208180602,-7.316154383,13.567408228));
#3325=DIRECTION('',(1.,-0.,0.));
#3326=VECTOR('',#3325,50.4);
#3327=LINE('',#3324,#3326);
#3328=EDGE_CURVE('',#3315,#3323,#3327,.T.);
#3329=ORIENTED_EDGE('',*,*,#3328,.T.);
#3330=CARTESIAN_POINT('',(-34.808180602,-6.927083039,12.115374205));
#3331=VERTEX_POINT('',#3330);
#3332=CARTESIAN_POINT('',(-34.808180602,-7.316154383,13.567408228));
#3333=DIRECTION('',(0.,0.258819045,-0.965925826));
#3334=VECTOR('',#3333,1.503256237);
#3335=LINE('',#3332,#3334);
#3336=EDGE_CURVE('',#3323,#3331,#3335,.T.);
#3337=ORIENTED_EDGE('',*,*,#3336,.T.);
#3338=CARTESIAN_POINT('',(-34.808180602,-6.927083039,12.115374205));
#3339=DIRECTION('',(-1.,0.,-0.));
#3340=VECTOR('',#3339,8.904153584);
#3341=LINE('',#3338,#3340);
#3342=EDGE_CURVE('',#3331,#3297,#3341,.T.);
#3343=ORIENTED_EDGE('',*,*,#3342,.T.);
#3344=EDGE_LOOP('',(#3305,#3313,#3321,#3329,#3337,#3343));
#3345=FACE_BOUND('',#3344,.T.);
#3346=ADVANCED_FACE('',(#3345),#3295,.T.);
#3347=CARTESIAN_POINT('',(-60.008180602,-7.702524713,13.46388061));
#3348=DIRECTION('',(-0.,-0.258819045,0.965925826));
#3349=DIRECTION('',(1.,-0.,0.));
#3350=AXIS2_PLACEMENT_3D('',#3347,#3348,#3349);
#3351=PLANE('',#3350);
#3352=CARTESIAN_POINT('',(-58.912830153,-5.28771162,14.110927829));
#3353=VERTEX_POINT('',#3352);
#3354=CARTESIAN_POINT('',(-58.912830153,-4.548161991,14.309089554));
#3355=VERTEX_POINT('',#3354);
#3356=CARTESIAN_POINT('',(-58.912830153,-5.28771162,14.110927829));
#3357=DIRECTION('',(-0.,0.965925826,0.258819045));
#3358=VECTOR('',#3357,0.765638115);
#3359=LINE('',#3356,#3358);
#3360=EDGE_CURVE('',#3353,#3355,#3359,.T.);
#3361=ORIENTED_EDGE('',*,*,#3360,.F.);
#3362=CARTESIAN_POINT('',(-56.912830153,-5.28771162,14.110927829));
#3363=VERTEX_POINT('',#3362);
#3364=CARTESIAN_POINT('',(-56.912830153,-5.28771162,14.110927829));
#3365=DIRECTION('',(-1.,0.,-0.));
#3366=VECTOR('',#3365,2.);
#3367=LINE('',#3364,#3366);
#3368=EDGE_CURVE('',#3363,#3353,#3367,.T.);
#3369=ORIENTED_EDGE('',*,*,#3368,.F.);
#3370=CARTESIAN_POINT('',(-56.912830153,-4.548161991,14.309089554));
#3371=VERTEX_POINT('',#3370);
#3372=CARTESIAN_POINT('',(-56.912830153,-4.548161991,14.309089554));
#3373=DIRECTION('',(0.,-0.965925826,-0.258819045));
#3374=VECTOR('',#3373,0.765638115);
#3375=LINE('',#3372,#3374);
#3376=EDGE_CURVE('',#3371,#3363,#3375,.T.);
#3377=ORIENTED_EDGE('',*,*,#3376,.F.);
#3378=CARTESIAN_POINT('',(-58.912830153,-4.548161991,14.309089554));
#3379=DIRECTION('',(1.,-0.,0.));
#3380=VECTOR('',#3379,2.);
#3381=LINE('',#3378,#3380);
#3382=EDGE_CURVE('',#3355,#3371,#3381,.T.);
#3383=ORIENTED_EDGE('',*,*,#3382,.F.);
#3384=EDGE_LOOP('',(#3361,#3369,#3377,#3383));
#3385=FACE_BOUND('',#3384,.T.);
#3386=ORIENTED_EDGE('',*,*,#3328,.F.);
#3387=CARTESIAN_POINT('',(-85.208180602,-3.355858495,14.628566313));
#3388=VERTEX_POINT('',#3387);
#3389=CARTESIAN_POINT('',(-85.208180602,-7.316154383,13.567408228));
#3390=DIRECTION('',(0.,0.965925826,0.258819045));
#3391=VECTOR('',#3390,4.1);
#3392=LINE('',#3389,#3391);
#3393=EDGE_CURVE('',#3315,#3388,#3392,.T.);
#3394=ORIENTED_EDGE('',*,*,#3393,.T.);
#3395=CARTESIAN_POINT('',(-84.00004826,-3.355858495,14.628566313));
#3396=VERTEX_POINT('',#3395);
#3397=CARTESIAN_POINT('',(-85.208180602,-3.355858495,14.628566313));
#3398=DIRECTION('',(1.,-0.,0.));
#3399=VECTOR('',#3398,1.208132342);
#3400=LINE('',#3397,#3399);
#3401=EDGE_CURVE('',#3388,#3396,#3400,.T.);
#3402=ORIENTED_EDGE('',*,*,#3401,.T.);
#3403=CARTESIAN_POINT('',(-84.00004826,-4.321785793,14.369746874));
#3404=VERTEX_POINT('',#3403);
#3405=CARTESIAN_POINT('',(-84.00004826,-4.321785793,14.369746874));
#3406=DIRECTION('',(-0.,0.965925826,0.258819045));
#3407=VECTOR('',#3406,1.000001524);
#3408=LINE('',#3405,#3407);
#3409=EDGE_CURVE('',#3404,#3396,#3408,.T.);
#3410=ORIENTED_EDGE('',*,*,#3409,.F.);
#3411=ORIENTED_EDGE('',*,*,#3409,.T.);
#3412=CARTESIAN_POINT('',(-35.99995428,-3.355858495,14.628566313));
#3413=VERTEX_POINT('',#3412);
#3414=CARTESIAN_POINT('',(-84.00004826,-3.355858495,14.628566313));
#3415=DIRECTION('',(1.,-0.,0.));
#3416=VECTOR('',#3415,48.00009398);
#3417=LINE('',#3414,#3416);
#3418=EDGE_CURVE('',#3396,#3413,#3417,.T.);
#3419=ORIENTED_EDGE('',*,*,#3418,.T.);
#3420=CARTESIAN_POINT('',(-35.99995428,-4.321785793,14.369746874));
#3421=VERTEX_POINT('',#3420);
#3422=CARTESIAN_POINT('',(-35.99995428,-4.321785793,14.369746874));
#3423=DIRECTION('',(-0.,0.965925826,0.258819045));
#3424=VECTOR('',#3423,1.000001524);
#3425=LINE('',#3422,#3424);
#3426=EDGE_CURVE('',#3421,#3413,#3425,.T.);
#3427=ORIENTED_EDGE('',*,*,#3426,.F.);
#3428=ORIENTED_EDGE('',*,*,#3426,.T.);
#3429=CARTESIAN_POINT('',(-34.808180602,-3.355858495,14.628566313));
#3430=VERTEX_POINT('',#3429);
#3431=CARTESIAN_POINT('',(-35.99995428,-3.355858495,14.628566313));
#3432=DIRECTION('',(1.,-0.,0.));
#3433=VECTOR('',#3432,1.191773678);
#3434=LINE('',#3431,#3433);
#3435=EDGE_CURVE('',#3413,#3430,#3434,.T.);
#3436=ORIENTED_EDGE('',*,*,#3435,.T.);
#3437=CARTESIAN_POINT('',(-34.808180602,-7.316154383,13.567408228));
#3438=DIRECTION('',(0.,0.965925826,0.258819045));
#3439=VECTOR('',#3438,4.1);
#3440=LINE('',#3437,#3439);
#3441=EDGE_CURVE('',#3323,#3430,#3440,.T.);
#3442=ORIENTED_EDGE('',*,*,#3441,.F.);
#3443=EDGE_LOOP('',(#3386,#3394,#3402,#3410,#3411,#3419,#3427,#3428,#3436,#3442));
#3444=FACE_BOUND('',#3443,.T.);
#3445=ADVANCED_FACE('',(#3385,#3444),#3351,.F.);
#3446=CARTESIAN_POINT('',(-85.208180602,-3.820239037,-1.025006784));
#3447=DIRECTION('',(1.,-0.,0.));
#3448=DIRECTION('',(0.,0.258819045,-0.965925826));
#3449=AXIS2_PLACEMENT_3D('',#3446,#3447,#3448);
#3450=PLANE('',#3449);
#3451=ORIENTED_EDGE('',*,*,#3393,.F.);
#3452=ORIENTED_EDGE('',*,*,#3320,.T.);
#3453=CARTESIAN_POINT('',(-85.208180602,4.460476667,-14.542393641));
#3454=VERTEX_POINT('',#3453);
#3455=CARTESIAN_POINT('',(-85.208180602,0.500180779,-15.603551726));
#3456=DIRECTION('',(0.,0.965925826,0.258819045));
#3457=VECTOR('',#3456,4.1);
#3458=LINE('',#3455,#3457);
#3459=EDGE_CURVE('',#3307,#3454,#3458,.T.);
#3460=ORIENTED_EDGE('',*,*,#3459,.T.);
#3461=CARTESIAN_POINT('',(-85.208180602,-3.355858495,14.628566313));
#3462=DIRECTION('',(0.,0.258819045,-0.965925826));
#3463=VECTOR('',#3462,30.2);
#3464=LINE('',#3461,#3463);
#3465=EDGE_CURVE('',#3388,#3454,#3464,.T.);
#3466=ORIENTED_EDGE('',*,*,#3465,.F.);
#3467=EDGE_LOOP('',(#3451,#3452,#3460,#3466));
#3468=FACE_BOUND('',#3467,.T.);
#3469=ADVANCED_FACE('',(#3468),#3450,.T.);
#3470=CARTESIAN_POINT('',(-34.808180602,-3.820239037,-1.025006784));
#3471=DIRECTION('',(1.,-0.,0.));
#3472=DIRECTION('',(0.,0.258819045,-0.965925826));
#3473=AXIS2_PLACEMENT_3D('',#3470,#3471,#3472);
#3474=PLANE('',#3473);
#3475=ORIENTED_EDGE('',*,*,#3264,.F.);
#3476=CARTESIAN_POINT('',(-34.808180602,-7.31345337,12.011846587));
#3477=VERTEX_POINT('',#3476);
#3478=CARTESIAN_POINT('',(-34.808180602,-7.31345337,12.011846587));
#3479=DIRECTION('',(0.,0.258819045,-0.965925826));
#3480=VECTOR('',#3479,28.696743763);
#3481=LINE('',#3478,#3480);
#3482=EDGE_CURVE('',#3477,#3251,#3481,.T.);
#3483=ORIENTED_EDGE('',*,*,#3482,.F.);
#3484=CARTESIAN_POINT('',(-34.808180602,-6.927083039,12.115374205));
#3485=DIRECTION('',(-0.,-0.965925826,-0.258819045));
#3486=VECTOR('',#3485,0.4);
#3487=LINE('',#3484,#3486);
#3488=EDGE_CURVE('',#3331,#3477,#3487,.T.);
#3489=ORIENTED_EDGE('',*,*,#3488,.F.);
#3490=ORIENTED_EDGE('',*,*,#3336,.F.);
#3491=ORIENTED_EDGE('',*,*,#3441,.T.);
#3492=CARTESIAN_POINT('',(-34.808180602,-3.355858495,14.628566313));
#3493=DIRECTION('',(0.,0.258819045,-0.965925826));
#3494=VECTOR('',#3493,30.2);
#3495=LINE('',#3492,#3494);
#3496=EDGE_CURVE('',#3430,#3259,#3495,.T.);
#3497=ORIENTED_EDGE('',*,*,#3496,.T.);
#3498=EDGE_LOOP('',(#3475,#3483,#3489,#3490,#3491,#3497));
#3499=FACE_BOUND('',#3498,.T.);
#3500=CARTESIAN_POINT('',(-34.808180602,-6.651134227,10.699142562));
#3501=VERTEX_POINT('',#3500);
#3502=CARTESIAN_POINT('',(-34.808180602,-4.958457672,4.381987658));
#3503=VERTEX_POINT('',#3502);
#3504=CARTESIAN_POINT('',(-34.808180602,-6.651134227,10.699142562));
#3505=DIRECTION('',(0.,0.258819045,-0.965925826));
#3506=VECTOR('',#3505,6.54);
#3507=LINE('',#3504,#3506);
#3508=EDGE_CURVE('',#3501,#3503,#3507,.T.);
#3509=ORIENTED_EDGE('',*,*,#3508,.T.);
#3510=CARTESIAN_POINT('',(-34.808180602,-3.55000107,3.56881486));
#3511=VERTEX_POINT('',#3510);
#3512=CARTESIAN_POINT('',(-34.808180602,-3.847642972,4.67962956));
#3513=DIRECTION('',(1.,-0.,0.));
#3514=DIRECTION('',(0.,0.258819045,-0.965925826));
#3515=AXIS2_PLACEMENT_3D('',#3512,#3513,#3514);
#3516=CIRCLE('',#3515,1.15);
#3517=EDGE_CURVE('',#3503,#3511,#3516,.T.);
#3518=ORIENTED_EDGE('',*,*,#3517,.T.);
#3519=CARTESIAN_POINT('',(-34.808180602,-2.815897442,3.765517334));
#3520=VERTEX_POINT('',#3519);
#3521=CARTESIAN_POINT('',(-34.808180602,-3.55000107,3.56881486));
#3522=DIRECTION('',(0.,0.965925826,0.258819045));
#3523=VECTOR('',#3522,0.76);
#3524=LINE('',#3521,#3523);
#3525=EDGE_CURVE('',#3511,#3520,#3524,.T.);
#3526=ORIENTED_EDGE('',*,*,#3525,.T.);
#3527=CARTESIAN_POINT('',(-34.808180602,-2.002724643,5.173973936));
#3528=VERTEX_POINT('',#3527);
#3529=CARTESIAN_POINT('',(-34.808180602,-3.113539344,4.876332034));
#3530=DIRECTION('',(1.,-0.,0.));
#3531=DIRECTION('',(0.,0.258819045,-0.965925826));
#3532=AXIS2_PLACEMENT_3D('',#3529,#3530,#3531);
#3533=CIRCLE('',#3532,1.15);
#3534=EDGE_CURVE('',#3520,#3528,#3533,.T.);
#3535=ORIENTED_EDGE('',*,*,#3534,.T.);
#3536=CARTESIAN_POINT('',(-34.808180602,-3.695401198,11.49112884));
#3537=VERTEX_POINT('',#3536);
#3538=CARTESIAN_POINT('',(-34.808180602,-3.695401198,11.49112884));
#3539=DIRECTION('',(0.,0.258819045,-0.965925826));
#3540=VECTOR('',#3539,6.54);
#3541=LINE('',#3538,#3540);
#3542=EDGE_CURVE('',#3537,#3528,#3541,.T.);
#3543=ORIENTED_EDGE('',*,*,#3542,.F.);
#3544=CARTESIAN_POINT('',(-34.808180602,-5.103857801,12.304301639));
#3545=VERTEX_POINT('',#3544);
#3546=CARTESIAN_POINT('',(-34.808180602,-4.806215899,11.193486938));
#3547=DIRECTION('',(1.,-0.,0.));
#3548=DIRECTION('',(0.,0.258819045,-0.965925826));
#3549=AXIS2_PLACEMENT_3D('',#3546,#3547,#3548);
#3550=CIRCLE('',#3549,1.15);
#3551=EDGE_CURVE('',#3537,#3545,#3550,.T.);
#3552=ORIENTED_EDGE('',*,*,#3551,.T.);
#3553=CARTESIAN_POINT('',(-34.808180602,-5.837961429,12.107599164));
#3554=VERTEX_POINT('',#3553);
#3555=CARTESIAN_POINT('',(-34.808180602,-5.837961429,12.107599164));
#3556=DIRECTION('',(0.,0.965925826,0.258819045));
#3557=VECTOR('',#3556,0.76);
#3558=LINE('',#3555,#3557);
#3559=EDGE_CURVE('',#3554,#3545,#3558,.T.);
#3560=ORIENTED_EDGE('',*,*,#3559,.F.);
#3561=CARTESIAN_POINT('',(-34.808180602,-5.540319527,10.996784464));
#3562=DIRECTION('',(1.,-0.,0.));
#3563=DIRECTION('',(0.,0.258819045,-0.965925826));
#3564=AXIS2_PLACEMENT_3D('',#3561,#3562,#3563);
#3565=CIRCLE('',#3564,1.15);
#3566=EDGE_CURVE('',#3554,#3501,#3565,.T.);
#3567=ORIENTED_EDGE('',*,*,#3566,.T.);
#3568=EDGE_LOOP('',(#3509,#3518,#3526,#3535,#3543,#3552,#3560,#3567));
#3569=FACE_BOUND('',#3568,.T.);
#3570=CARTESIAN_POINT('',(-34.808180602,2.236324709,-13.003232322));
#3571=VERTEX_POINT('',#3570);
#3572=CARTESIAN_POINT('',(-34.808180602,-0.74009431,-1.89508532));
#3573=VERTEX_POINT('',#3572);
#3574=CARTESIAN_POINT('',(-34.808180602,2.236324709,-13.003232322));
#3575=DIRECTION('',(-0.,-0.258819045,0.965925826));
#3576=VECTOR('',#3575,11.5);
#3577=LINE('',#3574,#3576);
#3578=EDGE_CURVE('',#3571,#3573,#3577,.T.);
#3579=ORIENTED_EDGE('',*,*,#3578,.T.);
#3580=CARTESIAN_POINT('',(-34.808180602,-1.85090901,-2.192727221));
#3581=VERTEX_POINT('',#3580);
#3582=CARTESIAN_POINT('',(-34.808180602,-0.74009431,-1.89508532));
#3583=DIRECTION('',(-0.,-0.965925826,-0.258819045));
#3584=VECTOR('',#3583,1.15);
#3585=LINE('',#3582,#3584);
#3586=EDGE_CURVE('',#3573,#3581,#3585,.T.);
#3587=ORIENTED_EDGE('',*,*,#3586,.T.);
#3588=CARTESIAN_POINT('',(-34.808180602,1.125510008,-13.300874224));
#3589=VERTEX_POINT('',#3588);
#3590=CARTESIAN_POINT('',(-34.808180602,-1.85090901,-2.192727221));
#3591=DIRECTION('',(0.,0.258819045,-0.965925826));
#3592=VECTOR('',#3591,11.5);
#3593=LINE('',#3590,#3592);
#3594=EDGE_CURVE('',#3581,#3589,#3593,.T.);
#3595=ORIENTED_EDGE('',*,*,#3594,.T.);
#3596=CARTESIAN_POINT('',(-34.808180602,1.125510008,-13.300874224));
#3597=DIRECTION('',(0.,0.965925826,0.258819045));
#3598=VECTOR('',#3597,1.15);
#3599=LINE('',#3596,#3598);
#3600=EDGE_CURVE('',#3589,#3571,#3599,.T.);
#3601=ORIENTED_EDGE('',*,*,#3600,.T.);
#3602=EDGE_LOOP('',(#3579,#3587,#3595,#3601));
#3603=FACE_BOUND('',#3602,.T.);
#3604=ADVANCED_FACE('',(#3499,#3569,#3603),#3474,.F.);
#3605=CARTESIAN_POINT('',(-35.708180602,8.706833828,-10.298757127));
#3606=DIRECTION('',(-1.,0.,-0.));
#3607=DIRECTION('',(-0.,-0.258819045,0.965925826));
#3608=AXIS2_PLACEMENT_3D('',#3605,#3606,#3607);
#3609=PLANE('',#3608);
#3610=CARTESIAN_POINT('',(-35.708180602,5.598284639,-7.197640887));
#3611=VERTEX_POINT('',#3610);
#3612=CARTESIAN_POINT('',(-35.708180602,7.240358544,-6.75764851));
#3613=VERTEX_POINT('',#3612);
#3614=CARTESIAN_POINT('',(-35.708180602,5.598284639,-7.197640887));
#3615=DIRECTION('',(0.,0.965925826,0.258819045));
#3616=VECTOR('',#3615,1.7);
#3617=LINE('',#3614,#3616);
#3618=EDGE_CURVE('',#3611,#3613,#3617,.T.);
#3619=ORIENTED_EDGE('',*,*,#3618,.T.);
#3620=CARTESIAN_POINT('',(-35.708180602,7.240358544,-6.75764851));
#3621=DIRECTION('',(0.,0.258819045,-0.965925826));
#3622=VECTOR('',#3621,6.8);
#3623=LINE('',#3620,#3622);
#3624=EDGE_CURVE('',#3613,#3147,#3623,.T.);
#3625=ORIENTED_EDGE('',*,*,#3624,.T.);
#3626=ORIENTED_EDGE('',*,*,#3154,.T.);
#3627=CARTESIAN_POINT('',(-35.708180602,5.598284639,-7.197640887));
#3628=DIRECTION('',(0.,0.258819045,-0.965925826));
#3629=VECTOR('',#3628,6.8);
#3630=LINE('',#3627,#3629);
#3631=EDGE_CURVE('',#3611,#3149,#3630,.T.);
#3632=ORIENTED_EDGE('',*,*,#3631,.F.);
#3633=EDGE_LOOP('',(#3619,#3625,#3626,#3632));
#3634=FACE_BOUND('',#3633,.T.);
#3635=ADVANCED_FACE('',(#3634),#3609,.T.);
#3636=CARTESIAN_POINT('',(-60.,5.701213511,0.918370604));
#3637=DIRECTION('',(0.,0.965925826,0.258819045));
#3638=DIRECTION('',(-1.,0.,0.));
#3639=AXIS2_PLACEMENT_3D('',#3636,#3637,#3638);
#3640=PLANE('',#3639);
#3641=ORIENTED_EDGE('',*,*,#3171,.T.);
#3642=CARTESIAN_POINT('',(-35.208180602,7.723321457,-6.628238987));
#3643=VERTEX_POINT('',#3642);
#3644=CARTESIAN_POINT('',(-35.208180602,9.483290964,-13.196534606));
#3645=DIRECTION('',(-0.,-0.258819045,0.965925826));
#3646=VECTOR('',#3645,6.8);
#3647=LINE('',#3644,#3646);
#3648=EDGE_CURVE('',#3157,#3643,#3647,.T.);
#3649=ORIENTED_EDGE('',*,*,#3648,.T.);
#3650=CARTESIAN_POINT('',(-34.508180602,7.542148125,-5.952090909));
#3651=VERTEX_POINT('',#3650);
#3652=CARTESIAN_POINT('',(-34.508180602,7.723321457,-6.628238987));
#3653=DIRECTION('',(0.,0.965925826,0.258819045));
#3654=DIRECTION('',(0.,-0.258819045,0.965925826));
#3655=AXIS2_PLACEMENT_3D('',#3652,#3653,#3654);
#3656=CIRCLE('',#3655,0.7);
#3657=EDGE_CURVE('',#3643,#3651,#3656,.T.);
#3658=ORIENTED_EDGE('',*,*,#3657,.T.);
#3659=CARTESIAN_POINT('',(-33.808180602,7.723321457,-6.628238987));
#3660=VERTEX_POINT('',#3659);
#3661=CARTESIAN_POINT('',(-34.508180602,7.723321457,-6.628238987));
#3662=DIRECTION('',(0.,0.965925826,0.258819045));
#3663=DIRECTION('',(0.,-0.258819045,0.965925826));
#3664=AXIS2_PLACEMENT_3D('',#3661,#3662,#3663);
#3665=CIRCLE('',#3664,0.7);
#3666=EDGE_CURVE('',#3651,#3660,#3665,.T.);
#3667=ORIENTED_EDGE('',*,*,#3666,.T.);
#3668=CARTESIAN_POINT('',(-33.808180602,7.723321457,-6.628238987));
#3669=DIRECTION('',(0.,0.258819045,-0.965925826));
#3670=VECTOR('',#3669,6.8);
#3671=LINE('',#3668,#3670);
#3672=EDGE_CURVE('',#3660,#3166,#3671,.T.);
#3673=ORIENTED_EDGE('',*,*,#3672,.T.);
#3674=EDGE_LOOP('',(#3641,#3649,#3658,#3667,#3673));
#3675=FACE_BOUND('',#3674,.T.);
#3676=ADVANCED_FACE('',(#3675),#3640,.T.);
#3677=CARTESIAN_POINT('',(-86.708180602,8.706833828,-10.298757127));
#3678=DIRECTION('',(-1.,0.,-0.));
#3679=DIRECTION('',(-0.,-0.258819045,0.965925826));
#3680=AXIS2_PLACEMENT_3D('',#3677,#3678,#3679);
#3681=PLANE('',#3680);
#3682=CARTESIAN_POINT('',(-86.708180602,5.468875117,-7.232316064));
#3683=VERTEX_POINT('',#3682);
#3684=CARTESIAN_POINT('',(-86.708180602,7.240358544,-6.75764851));
#3685=VERTEX_POINT('',#3684);
#3686=CARTESIAN_POINT('',(-86.708180602,5.468875117,-7.232316064));
#3687=DIRECTION('',(0.,0.965925826,0.258819045));
#3688=VECTOR('',#3687,1.833974596);
#3689=LINE('',#3686,#3688);
#3690=EDGE_CURVE('',#3683,#3685,#3689,.T.);
#3691=ORIENTED_EDGE('',*,*,#3690,.T.);
#3692=CARTESIAN_POINT('',(-86.708180602,9.000328051,-13.325944129));
#3693=VERTEX_POINT('',#3692);
#3694=CARTESIAN_POINT('',(-86.708180602,7.240358544,-6.75764851));
#3695=DIRECTION('',(0.,0.258819045,-0.965925826));
#3696=VECTOR('',#3695,6.8);
#3697=LINE('',#3694,#3696);
#3698=EDGE_CURVE('',#3685,#3693,#3697,.T.);
#3699=ORIENTED_EDGE('',*,*,#3698,.T.);
#3700=CARTESIAN_POINT('',(-86.708180602,7.228844623,-13.800611683));
#3701=VERTEX_POINT('',#3700);
#3702=CARTESIAN_POINT('',(-86.708180602,9.000328051,-13.325944129));
#3703=DIRECTION('',(-0.,-0.965925826,-0.258819045));
#3704=VECTOR('',#3703,1.833974596);
#3705=LINE('',#3702,#3704);
#3706=EDGE_CURVE('',#3693,#3701,#3705,.T.);
#3707=ORIENTED_EDGE('',*,*,#3706,.T.);
#3708=CARTESIAN_POINT('',(-86.708180602,7.228844623,-13.800611683));
#3709=DIRECTION('',(-0.,-0.258819045,0.965925826));
#3710=VECTOR('',#3709,6.8);
#3711=LINE('',#3708,#3710);
#3712=EDGE_CURVE('',#3701,#3683,#3711,.T.);
#3713=ORIENTED_EDGE('',*,*,#3712,.T.);
#3714=EDGE_LOOP('',(#3691,#3699,#3707,#3713));
#3715=FACE_BOUND('',#3714,.T.);
#3716=ADVANCED_FACE('',(#3715),#3681,.T.);
#3717=CARTESIAN_POINT('',(-60.087068177,0.580983076,-0.063926451));
#3718=DIRECTION('',(0.,0.965925826,0.258819045));
#3719=DIRECTION('',(-1.,0.,0.));
#3720=AXIS2_PLACEMENT_3D('',#3717,#3718,#3719);
#3721=PLANE('',#3720);
#3722=ORIENTED_EDGE('',*,*,#3401,.F.);
#3723=ORIENTED_EDGE('',*,*,#3465,.T.);
#3724=CARTESIAN_POINT('',(-80.158180602,4.460476667,-14.542393641));
#3725=VERTEX_POINT('',#3724);
#3726=CARTESIAN_POINT('',(-85.208180602,4.460476667,-14.542393641));
#3727=DIRECTION('',(1.,-0.,0.));
#3728=VECTOR('',#3727,5.05);
#3729=LINE('',#3726,#3728);
#3730=EDGE_CURVE('',#3454,#3725,#3729,.T.);
#3731=ORIENTED_EDGE('',*,*,#3730,.T.);
#3732=CARTESIAN_POINT('',(-80.158180602,1.561703362,-3.724024386));
#3733=VERTEX_POINT('',#3732);
#3734=CARTESIAN_POINT('',(-80.158180602,4.460476667,-14.542393641));
#3735=DIRECTION('',(-0.,-0.258819045,0.965925826));
#3736=VECTOR('',#3735,11.2);
#3737=LINE('',#3734,#3736);
#3738=EDGE_CURVE('',#3725,#3733,#3737,.T.);
#3739=ORIENTED_EDGE('',*,*,#3738,.T.);
#3740=CARTESIAN_POINT('',(-39.858150953,1.561703362,-3.724024386));
#3741=VERTEX_POINT('',#3740);
#3742=CARTESIAN_POINT('',(-39.858150953,1.561703362,-3.724024386));
#3743=DIRECTION('',(-1.,0.,-0.));
#3744=VECTOR('',#3743,40.300029649);
#3745=LINE('',#3742,#3744);
#3746=EDGE_CURVE('',#3741,#3733,#3745,.T.);
#3747=ORIENTED_EDGE('',*,*,#3746,.F.);
#3748=CARTESIAN_POINT('',(-39.858150953,1.561703362,-3.724024386));
#3749=DIRECTION('',(0.,0.258819045,-0.965925826));
#3750=VECTOR('',#3749,11.2);
#3751=LINE('',#3748,#3750);
#3752=EDGE_CURVE('',#3741,#3267,#3751,.T.);
#3753=ORIENTED_EDGE('',*,*,#3752,.T.);
#3754=ORIENTED_EDGE('',*,*,#3272,.F.);
#3755=ORIENTED_EDGE('',*,*,#3496,.F.);
#3756=ORIENTED_EDGE('',*,*,#3435,.F.);
#3757=ORIENTED_EDGE('',*,*,#3418,.F.);
#3758=EDGE_LOOP('',(#3722,#3723,#3731,#3739,#3747,#3753,#3754,#3755,#3756,#3757));
#3759=FACE_BOUND('',#3758,.T.);
#3760=ADVANCED_FACE('',(#3759),#3721,.F.);
#3761=CARTESIAN_POINT('',(-60.087068177,3.478760555,0.712530685));
#3762=DIRECTION('',(0.,0.965925826,0.258819045));
#3763=DIRECTION('',(-1.,0.,0.));
#3764=AXIS2_PLACEMENT_3D('',#3761,#3762,#3763);
#3765=PLANE('',#3764);
#3766=CARTESIAN_POINT('',(-84.308180602,7.358254146,-13.765936505));
#3767=VERTEX_POINT('',#3766);
#3768=CARTESIAN_POINT('',(-84.308180602,5.598284639,-7.197640887));
#3769=VERTEX_POINT('',#3768);
#3770=CARTESIAN_POINT('',(-84.308180602,7.358254146,-13.765936505));
#3771=DIRECTION('',(-0.,-0.258819045,0.965925826));
#3772=VECTOR('',#3771,6.8);
#3773=LINE('',#3770,#3772);
#3774=EDGE_CURVE('',#3767,#3769,#3773,.T.);
#3775=ORIENTED_EDGE('',*,*,#3774,.T.);
#3776=CARTESIAN_POINT('',(-85.508180602,5.287701785,-6.038529895));
#3777=VERTEX_POINT('',#3776);
#3778=CARTESIAN_POINT('',(-85.508180602,5.598284639,-7.197640887));
#3779=DIRECTION('',(-0.,-0.965925826,-0.258819045));
#3780=DIRECTION('',(0.,-0.258819045,0.965925826));
#3781=AXIS2_PLACEMENT_3D('',#3778,#3779,#3780);
#3782=CIRCLE('',#3781,1.2);
#3783=EDGE_CURVE('',#3769,#3777,#3782,.T.);
#3784=ORIENTED_EDGE('',*,*,#3783,.T.);
#3785=CARTESIAN_POINT('',(-86.208180602,5.346019039,-6.256172849));
#3786=VERTEX_POINT('',#3785);
#3787=CARTESIAN_POINT('',(-85.508180602,5.598284639,-7.197640887));
#3788=DIRECTION('',(-0.,-0.965925826,-0.258819045));
#3789=DIRECTION('',(0.,-0.258819045,0.965925826));
#3790=AXIS2_PLACEMENT_3D('',#3787,#3788,#3789);
#3791=CIRCLE('',#3790,1.2);
#3792=EDGE_CURVE('',#3777,#3786,#3791,.T.);
#3793=ORIENTED_EDGE('',*,*,#3792,.T.);
#3794=CARTESIAN_POINT('',(-86.208180602,-0.199261971,14.439097622));
#3795=VERTEX_POINT('',#3794);
#3796=CARTESIAN_POINT('',(-86.208180602,5.346019039,-6.256172849));
#3797=DIRECTION('',(-0.,-0.258819045,0.965925826));
#3798=VECTOR('',#3797,21.425320566);
#3799=LINE('',#3796,#3798);
#3800=EDGE_CURVE('',#3786,#3795,#3799,.T.);
#3801=ORIENTED_EDGE('',*,*,#3800,.T.);
#3802=CARTESIAN_POINT('',(-84.208180602,-0.716900061,16.370949275));
#3803=VERTEX_POINT('',#3802);
#3804=CARTESIAN_POINT('',(-84.208180602,-0.199261971,14.439097622));
#3805=DIRECTION('',(0.,0.965925826,0.258819045));
#3806=DIRECTION('',(0.,-0.258819045,0.965925826));
#3807=AXIS2_PLACEMENT_3D('',#3804,#3805,#3806);
#3808=CIRCLE('',#3807,2.);
#3809=EDGE_CURVE('',#3795,#3803,#3808,.T.);
#3810=ORIENTED_EDGE('',*,*,#3809,.T.);
#3811=CARTESIAN_POINT('',(-35.808180602,-0.716900061,16.370949275));
#3812=VERTEX_POINT('',#3811);
#3813=CARTESIAN_POINT('',(-84.208180602,-0.716900061,16.370949275));
#3814=DIRECTION('',(1.,-0.,0.));
#3815=VECTOR('',#3814,48.4);
#3816=LINE('',#3813,#3815);
#3817=EDGE_CURVE('',#3803,#3812,#3816,.T.);
#3818=ORIENTED_EDGE('',*,*,#3817,.T.);
#3819=CARTESIAN_POINT('',(-33.808180602,-0.199261971,14.439097622));
#3820=VERTEX_POINT('',#3819);
#3821=CARTESIAN_POINT('',(-35.808180602,-0.199261971,14.439097622));
#3822=DIRECTION('',(0.,0.965925826,0.258819045));
#3823=DIRECTION('',(0.,-0.258819045,0.965925826));
#3824=AXIS2_PLACEMENT_3D('',#3821,#3822,#3823);
#3825=CIRCLE('',#3824,2.);
#3826=EDGE_CURVE('',#3812,#3820,#3825,.T.);
#3827=ORIENTED_EDGE('',*,*,#3826,.T.);
#3828=CARTESIAN_POINT('',(-33.808180602,5.346019039,-6.256172849));
#3829=VERTEX_POINT('',#3828);
#3830=CARTESIAN_POINT('',(-33.808180602,-0.199261971,14.439097622));
#3831=DIRECTION('',(0.,0.258819045,-0.965925826));
#3832=VECTOR('',#3831,21.425320566);
#3833=LINE('',#3830,#3832);
#3834=EDGE_CURVE('',#3820,#3829,#3833,.T.);
#3835=ORIENTED_EDGE('',*,*,#3834,.T.);
#3836=CARTESIAN_POINT('',(-34.508180602,5.287701785,-6.038529895));
#3837=VERTEX_POINT('',#3836);
#3838=CARTESIAN_POINT('',(-34.508180602,5.598284639,-7.197640887));
#3839=DIRECTION('',(-0.,-0.965925826,-0.258819045));
#3840=DIRECTION('',(0.,-0.258819045,0.965925826));
#3841=AXIS2_PLACEMENT_3D('',#3838,#3839,#3840);
#3842=CIRCLE('',#3841,1.2);
#3843=EDGE_CURVE('',#3829,#3837,#3842,.T.);
#3844=ORIENTED_EDGE('',*,*,#3843,.T.);
#3845=CARTESIAN_POINT('',(-34.508180602,5.598284639,-7.197640887));
#3846=DIRECTION('',(-0.,-0.965925826,-0.258819045));
#3847=DIRECTION('',(0.,-0.258819045,0.965925826));
#3848=AXIS2_PLACEMENT_3D('',#3845,#3846,#3847);
#3849=CIRCLE('',#3848,1.2);
#3850=EDGE_CURVE('',#3837,#3611,#3849,.T.);
#3851=ORIENTED_EDGE('',*,*,#3850,.T.);
#3852=ORIENTED_EDGE('',*,*,#3631,.T.);
#3853=ORIENTED_EDGE('',*,*,#3286,.T.);
#3854=CARTESIAN_POINT('',(-39.858150953,4.459480841,-2.947567251));
#3855=VERTEX_POINT('',#3854);
#3856=CARTESIAN_POINT('',(-39.858150953,4.459480841,-2.947567251));
#3857=DIRECTION('',(0.,0.258819045,-0.965925826));
#3858=VECTOR('',#3857,11.2);
#3859=LINE('',#3856,#3858);
#3860=EDGE_CURVE('',#3855,#3275,#3859,.T.);
#3861=ORIENTED_EDGE('',*,*,#3860,.F.);
#3862=CARTESIAN_POINT('',(-80.158180602,4.459480841,-2.947567251));
#3863=VERTEX_POINT('',#3862);
#3864=CARTESIAN_POINT('',(-39.858150953,4.459480841,-2.947567251));
#3865=DIRECTION('',(-1.,0.,-0.));
#3866=VECTOR('',#3865,40.300029649);
#3867=LINE('',#3864,#3866);
#3868=EDGE_CURVE('',#3855,#3863,#3867,.T.);
#3869=ORIENTED_EDGE('',*,*,#3868,.T.);
#3870=CARTESIAN_POINT('',(-80.158180602,7.358254146,-13.765936505));
#3871=VERTEX_POINT('',#3870);
#3872=CARTESIAN_POINT('',(-80.158180602,7.358254146,-13.765936505));
#3873=DIRECTION('',(-0.,-0.258819045,0.965925826));
#3874=VECTOR('',#3873,11.2);
#3875=LINE('',#3872,#3874);
#3876=EDGE_CURVE('',#3871,#3863,#3875,.T.);
#3877=ORIENTED_EDGE('',*,*,#3876,.F.);
#3878=CARTESIAN_POINT('',(-80.158180602,7.358254146,-13.765936505));
#3879=DIRECTION('',(-1.,0.,-0.));
#3880=VECTOR('',#3879,4.15);
#3881=LINE('',#3878,#3880);
#3882=EDGE_CURVE('',#3871,#3767,#3881,.T.);
#3883=ORIENTED_EDGE('',*,*,#3882,.T.);
#3884=EDGE_LOOP('',(#3775,#3784,#3793,#3801,#3810,#3818,#3827,#3835,#3844,#3851,#3852,#3853,#3861,#3869,#3877,#3883));
#3885=FACE_BOUND('',#3884,.T.);
#3886=ADVANCED_FACE('',(#3885),#3765,.T.);
#3887=CARTESIAN_POINT('',(-80.158180602,5.184174167,-5.652159565));
#3888=DIRECTION('',(1.,-0.,0.));
#3889=DIRECTION('',(0.,0.258819045,-0.965925826));
#3890=AXIS2_PLACEMENT_3D('',#3887,#3888,#3889);
#3891=PLANE('',#3890);
#3892=ORIENTED_EDGE('',*,*,#3738,.F.);
#3893=CARTESIAN_POINT('',(-80.158180602,7.358254146,-13.765936505));
#3894=DIRECTION('',(-0.,-0.965925826,-0.258819045));
#3895=VECTOR('',#3894,3.);
#3896=LINE('',#3893,#3895);
#3897=EDGE_CURVE('',#3871,#3725,#3896,.T.);
#3898=ORIENTED_EDGE('',*,*,#3897,.F.);
#3899=ORIENTED_EDGE('',*,*,#3876,.T.);
#3900=CARTESIAN_POINT('',(-80.158180602,4.459480841,-2.947567251));
#3901=DIRECTION('',(-0.,-0.965925826,-0.258819045));
#3902=VECTOR('',#3901,3.);
#3903=LINE('',#3900,#3902);
#3904=EDGE_CURVE('',#3863,#3733,#3903,.T.);
#3905=ORIENTED_EDGE('',*,*,#3904,.T.);
#3906=EDGE_LOOP('',(#3892,#3898,#3899,#3905));
#3907=FACE_BOUND('',#3906,.T.);
#3908=ADVANCED_FACE('',(#3907),#3891,.T.);
#3909=CARTESIAN_POINT('',(-87.208180602,5.908867493,-8.356751878));
#3910=DIRECTION('',(-1.,0.,-0.));
#3911=DIRECTION('',(-0.,-0.258819045,0.965925826));
#3912=AXIS2_PLACEMENT_3D('',#3909,#3910,#3911);
#3913=PLANE('',#3912);
#3914=CARTESIAN_POINT('',(-87.208180602,6.39232832,-14.024755551));
#3915=VERTEX_POINT('',#3914);
#3916=CARTESIAN_POINT('',(-87.208180602,-0.369152464,-15.836488866));
#3917=VERTEX_POINT('',#3916);
#3918=CARTESIAN_POINT('',(-87.208180602,6.39232832,-14.024755551));
#3919=DIRECTION('',(-0.,-0.965925826,-0.258819045));
#3920=VECTOR('',#3919,7.);
#3921=LINE('',#3918,#3920);
#3922=EDGE_CURVE('',#3915,#3917,#3921,.T.);
#3923=ORIENTED_EDGE('',*,*,#3922,.T.);
#3924=CARTESIAN_POINT('',(-87.208180602,-7.926668581,12.368545261));
#3925=VERTEX_POINT('',#3924);
#3926=CARTESIAN_POINT('',(-87.208180602,-0.369152464,-15.836488866));
#3927=DIRECTION('',(-0.,-0.258819045,0.965925826));
#3928=VECTOR('',#3927,29.2);
#3929=LINE('',#3926,#3928);
#3930=EDGE_CURVE('',#3917,#3925,#3929,.T.);
#3931=ORIENTED_EDGE('',*,*,#3930,.T.);
#3932=CARTESIAN_POINT('',(-87.208180602,-1.165187797,14.180278577));
#3933=VERTEX_POINT('',#3932);
#3934=CARTESIAN_POINT('',(-87.208180602,-7.926668581,12.368545261));
#3935=DIRECTION('',(0.,0.965925826,0.258819045));
#3936=VECTOR('',#3935,7.);
#3937=LINE('',#3934,#3936);
#3938=EDGE_CURVE('',#3925,#3933,#3937,.T.);
#3939=ORIENTED_EDGE('',*,*,#3938,.T.);
#3940=CARTESIAN_POINT('',(-87.208180602,-1.165187797,14.180278577));
#3941=DIRECTION('',(0.,0.258819045,-0.965925826));
#3942=VECTOR('',#3941,29.2);
#3943=LINE('',#3940,#3942);
#3944=EDGE_CURVE('',#3933,#3915,#3943,.T.);
#3945=ORIENTED_EDGE('',*,*,#3944,.T.);
#3946=EDGE_LOOP('',(#3923,#3931,#3939,#3945));
#3947=FACE_BOUND('',#3946,.T.);
#3948=ADVANCED_FACE('',(#3947),#3913,.T.);
#3949=CARTESIAN_POINT('',(-60.008165778,-0.975719106,17.336875101));
#3950=DIRECTION('',(-0.,-0.258819045,0.965925826));
#3951=DIRECTION('',(1.,-0.,0.));
#3952=AXIS2_PLACEMENT_3D('',#3949,#3950,#3951);
#3953=PLANE('',#3952);
#3954=CARTESIAN_POINT('',(-84.208180602,-1.941644933,17.078056056));
#3955=VERTEX_POINT('',#3954);
#3956=CARTESIAN_POINT('',(-84.208180602,-8.703125717,15.26632274));
#3957=VERTEX_POINT('',#3956);
#3958=CARTESIAN_POINT('',(-84.208180602,-1.941644933,17.078056056));
#3959=DIRECTION('',(-0.,-0.965925826,-0.258819045));
#3960=VECTOR('',#3959,7.);
#3961=LINE('',#3958,#3960);
#3962=EDGE_CURVE('',#3955,#3957,#3961,.T.);
#3963=ORIENTED_EDGE('',*,*,#3962,.T.);
#3964=CARTESIAN_POINT('',(-35.808180602,-8.703125717,15.26632274));
#3965=VERTEX_POINT('',#3964);
#3966=CARTESIAN_POINT('',(-84.208180602,-8.703125717,15.26632274));
#3967=DIRECTION('',(1.,-0.,0.));
#3968=VECTOR('',#3967,48.4);
#3969=LINE('',#3966,#3968);
#3970=EDGE_CURVE('',#3957,#3965,#3969,.T.);
#3971=ORIENTED_EDGE('',*,*,#3970,.T.);
#3972=CARTESIAN_POINT('',(-35.808180602,-1.941644933,17.078056056));
#3973=VERTEX_POINT('',#3972);
#3974=CARTESIAN_POINT('',(-35.808180602,-8.703125717,15.26632274));
#3975=DIRECTION('',(0.,0.965925826,0.258819045));
#3976=VECTOR('',#3975,7.);
#3977=LINE('',#3974,#3976);
#3978=EDGE_CURVE('',#3965,#3973,#3977,.T.);
#3979=ORIENTED_EDGE('',*,*,#3978,.T.);
#3980=CARTESIAN_POINT('',(-35.808180602,-1.941644933,17.078056056));
#3981=DIRECTION('',(-1.,0.,-0.));
#3982=VECTOR('',#3981,48.4);
#3983=LINE('',#3980,#3982);
#3984=EDGE_CURVE('',#3973,#3955,#3983,.T.);
#3985=ORIENTED_EDGE('',*,*,#3984,.T.);
#3986=EDGE_LOOP('',(#3963,#3971,#3979,#3985));
#3987=FACE_BOUND('',#3986,.T.);
#3988=ADVANCED_FACE('',(#3987),#3953,.T.);
#3989=CARTESIAN_POINT('',(-32.808180602,1.974818008,6.325320681));
#3990=DIRECTION('',(1.,-0.,0.));
#3991=DIRECTION('',(0.,0.258819045,-0.965925826));
#3992=AXIS2_PLACEMENT_3D('',#3989,#3990,#3991);
#3993=PLANE('',#3992);
#3994=CARTESIAN_POINT('',(-32.808180602,-1.85090901,-2.192727221));
#3995=VERTEX_POINT('',#3994);
#3996=CARTESIAN_POINT('',(-32.808180602,1.125510008,-13.300874224));
#3997=VERTEX_POINT('',#3996);
#3998=CARTESIAN_POINT('',(-32.808180602,-1.85090901,-2.192727221));
#3999=DIRECTION('',(0.,0.258819045,-0.965925826));
#4000=VECTOR('',#3999,11.5);
#4001=LINE('',#3998,#4000);
#4002=EDGE_CURVE('',#3995,#3997,#4001,.T.);
#4003=ORIENTED_EDGE('',*,*,#4002,.F.);
#4004=CARTESIAN_POINT('',(-32.808180602,-0.74009431,-1.89508532));
#4005=VERTEX_POINT('',#4004);
#4006=CARTESIAN_POINT('',(-32.808180602,-0.74009431,-1.89508532));
#4007=DIRECTION('',(-0.,-0.965925826,-0.258819045));
#4008=VECTOR('',#4007,1.15);
#4009=LINE('',#4006,#4008);
#4010=EDGE_CURVE('',#4005,#3995,#4009,.T.);
#4011=ORIENTED_EDGE('',*,*,#4010,.F.);
#4012=CARTESIAN_POINT('',(-32.808180602,2.236324709,-13.003232322));
#4013=VERTEX_POINT('',#4012);
#4014=CARTESIAN_POINT('',(-32.808180602,2.236324709,-13.003232322));
#4015=DIRECTION('',(-0.,-0.258819045,0.965925826));
#4016=VECTOR('',#4015,11.5);
#4017=LINE('',#4014,#4016);
#4018=EDGE_CURVE('',#4013,#4005,#4017,.T.);
#4019=ORIENTED_EDGE('',*,*,#4018,.F.);
#4020=CARTESIAN_POINT('',(-32.808180602,1.125510008,-13.300874224));
#4021=DIRECTION('',(0.,0.965925826,0.258819045));
#4022=VECTOR('',#4021,1.15);
#4023=LINE('',#4020,#4022);
#4024=EDGE_CURVE('',#3997,#4013,#4023,.T.);
#4025=ORIENTED_EDGE('',*,*,#4024,.F.);
#4026=EDGE_LOOP('',(#4003,#4011,#4019,#4025));
#4027=FACE_BOUND('',#4026,.T.);
#4028=CARTESIAN_POINT('',(-32.808180602,-4.958457672,4.381987658));
#4029=VERTEX_POINT('',#4028);
#4030=CARTESIAN_POINT('',(-32.808180602,-3.55000107,3.56881486));
#4031=VERTEX_POINT('',#4030);
#4032=CARTESIAN_POINT('',(-32.808180602,-3.847642972,4.67962956));
#4033=DIRECTION('',(1.,-0.,0.));
#4034=DIRECTION('',(0.,0.258819045,-0.965925826));
#4035=AXIS2_PLACEMENT_3D('',#4032,#4033,#4034);
#4036=CIRCLE('',#4035,1.15);
#4037=EDGE_CURVE('',#4029,#4031,#4036,.T.);
#4038=ORIENTED_EDGE('',*,*,#4037,.F.);
#4039=CARTESIAN_POINT('',(-32.808180602,-6.651134227,10.699142562));
#4040=VERTEX_POINT('',#4039);
#4041=CARTESIAN_POINT('',(-32.808180602,-6.651134227,10.699142562));
#4042=DIRECTION('',(0.,0.258819045,-0.965925826));
#4043=VECTOR('',#4042,6.54);
#4044=LINE('',#4041,#4043);
#4045=EDGE_CURVE('',#4040,#4029,#4044,.T.);
#4046=ORIENTED_EDGE('',*,*,#4045,.F.);
#4047=CARTESIAN_POINT('',(-32.808180602,-5.837961429,12.107599164));
#4048=VERTEX_POINT('',#4047);
#4049=CARTESIAN_POINT('',(-32.808180602,-5.540319527,10.996784464));
#4050=DIRECTION('',(1.,-0.,0.));
#4051=DIRECTION('',(0.,0.258819045,-0.965925826));
#4052=AXIS2_PLACEMENT_3D('',#4049,#4050,#4051);
#4053=CIRCLE('',#4052,1.15);
#4054=EDGE_CURVE('',#4048,#4040,#4053,.T.);
#4055=ORIENTED_EDGE('',*,*,#4054,.F.);
#4056=CARTESIAN_POINT('',(-32.808180602,-5.103857801,12.304301639));
#4057=VERTEX_POINT('',#4056);
#4058=CARTESIAN_POINT('',(-32.808180602,-5.837961429,12.107599164));
#4059=DIRECTION('',(0.,0.965925826,0.258819045));
#4060=VECTOR('',#4059,0.76);
#4061=LINE('',#4058,#4060);
#4062=EDGE_CURVE('',#4048,#4057,#4061,.T.);
#4063=ORIENTED_EDGE('',*,*,#4062,.T.);
#4064=CARTESIAN_POINT('',(-32.808180602,-3.695401198,11.49112884));
#4065=VERTEX_POINT('',#4064);
#4066=CARTESIAN_POINT('',(-32.808180602,-4.806215899,11.193486938));
#4067=DIRECTION('',(1.,-0.,0.));
#4068=DIRECTION('',(0.,0.258819045,-0.965925826));
#4069=AXIS2_PLACEMENT_3D('',#4066,#4067,#4068);
#4070=CIRCLE('',#4069,1.15);
#4071=EDGE_CURVE('',#4065,#4057,#4070,.T.);
#4072=ORIENTED_EDGE('',*,*,#4071,.F.);
#4073=CARTESIAN_POINT('',(-32.808180602,-2.002724643,5.173973936));
#4074=VERTEX_POINT('',#4073);
#4075=CARTESIAN_POINT('',(-32.808180602,-3.695401198,11.49112884));
#4076=DIRECTION('',(0.,0.258819045,-0.965925826));
#4077=VECTOR('',#4076,6.54);
#4078=LINE('',#4075,#4077);
#4079=EDGE_CURVE('',#4065,#4074,#4078,.T.);
#4080=ORIENTED_EDGE('',*,*,#4079,.T.);
#4081=CARTESIAN_POINT('',(-32.808180602,-2.815897442,3.765517334));
#4082=VERTEX_POINT('',#4081);
#4083=CARTESIAN_POINT('',(-32.808180602,-3.113539344,4.876332034));
#4084=DIRECTION('',(1.,-0.,0.));
#4085=DIRECTION('',(0.,0.258819045,-0.965925826));
#4086=AXIS2_PLACEMENT_3D('',#4083,#4084,#4085);
#4087=CIRCLE('',#4086,1.15);
#4088=EDGE_CURVE('',#4082,#4074,#4087,.T.);
#4089=ORIENTED_EDGE('',*,*,#4088,.F.);
#4090=CARTESIAN_POINT('',(-32.808180602,-3.55000107,3.56881486));
#4091=DIRECTION('',(0.,0.965925826,0.258819045));
#4092=VECTOR('',#4091,0.76);
#4093=LINE('',#4090,#4092);
#4094=EDGE_CURVE('',#4031,#4082,#4093,.T.);
#4095=ORIENTED_EDGE('',*,*,#4094,.F.);
#4096=EDGE_LOOP('',(#4038,#4046,#4055,#4063,#4072,#4080,#4089,#4095));
#4097=FACE_BOUND('',#4096,.T.);
#4098=CARTESIAN_POINT('',(-32.808180602,-1.165187797,14.180278577));
#4099=VERTEX_POINT('',#4098);
#4100=CARTESIAN_POINT('',(-32.808180602,-7.926668581,12.368545261));
#4101=VERTEX_POINT('',#4100);
#4102=CARTESIAN_POINT('',(-32.808180602,-1.165187797,14.180278577));
#4103=DIRECTION('',(-0.,-0.965925826,-0.258819045));
#4104=VECTOR('',#4103,7.);
#4105=LINE('',#4102,#4104);
#4106=EDGE_CURVE('',#4099,#4101,#4105,.T.);
#4107=ORIENTED_EDGE('',*,*,#4106,.T.);
#4108=CARTESIAN_POINT('',(-32.808180602,-7.926668581,12.368545261));
#4109=DIRECTION('',(0.,0.258819045,-0.965925826));
#4110=VECTOR('',#4109,29.2);
#4111=LINE('',#4108,#4110);
#4112=EDGE_CURVE('',#4101,#3200,#4111,.T.);
#4113=ORIENTED_EDGE('',*,*,#4112,.T.);
#4114=ORIENTED_EDGE('',*,*,#3205,.F.);
#4115=CARTESIAN_POINT('',(-32.808180602,6.39232832,-14.024755551));
#4116=DIRECTION('',(-0.,-0.258819045,0.965925826));
#4117=VECTOR('',#4116,29.2);
#4118=LINE('',#4115,#4117);
#4119=EDGE_CURVE('',#3191,#4099,#4118,.T.);
#4120=ORIENTED_EDGE('',*,*,#4119,.T.);
#4121=EDGE_LOOP('',(#4107,#4113,#4114,#4120));
#4122=FACE_BOUND('',#4121,.T.);
#4123=ADVANCED_FACE('',(#4027,#4097,#4122),#3993,.T.);
#4124=CARTESIAN_POINT('',(-39.858150953,6.63356082,-11.061344192));
#4125=DIRECTION('',(-1.,0.,-0.));
#4126=DIRECTION('',(-0.,-0.258819045,0.965925826));
#4127=AXIS2_PLACEMENT_3D('',#4124,#4125,#4126);
#4128=PLANE('',#4127);
#4129=ORIENTED_EDGE('',*,*,#3752,.F.);
#4130=CARTESIAN_POINT('',(-39.858150953,4.459480841,-2.947567251));
#4131=DIRECTION('',(-0.,-0.965925826,-0.258819045));
#4132=VECTOR('',#4131,3.);
#4133=LINE('',#4130,#4132);
#4134=EDGE_CURVE('',#3855,#3741,#4133,.T.);
#4135=ORIENTED_EDGE('',*,*,#4134,.F.);
#4136=ORIENTED_EDGE('',*,*,#3860,.T.);
#4137=ORIENTED_EDGE('',*,*,#3280,.T.);
#4138=EDGE_LOOP('',(#4129,#4135,#4136,#4137));
#4139=FACE_BOUND('',#4138,.T.);
#4140=ADVANCED_FACE('',(#4139),#4128,.T.);
#4141=CARTESIAN_POINT('',(-82.430630602,4.459480841,-2.947567251));
#4142=DIRECTION('',(-0.,-0.258819045,0.965925826));
#4143=DIRECTION('',(1.,-0.,0.));
#4144=AXIS2_PLACEMENT_3D('',#4141,#4142,#4143);
#4145=PLANE('',#4144);
#4146=ORIENTED_EDGE('',*,*,#3746,.T.);
#4147=ORIENTED_EDGE('',*,*,#3904,.F.);
#4148=ORIENTED_EDGE('',*,*,#3868,.F.);
#4149=ORIENTED_EDGE('',*,*,#4134,.T.);
#4150=EDGE_LOOP('',(#4146,#4147,#4148,#4149));
#4151=FACE_BOUND('',#4150,.T.);
#4152=ADVANCED_FACE('',(#4151),#4145,.F.);
#4153=CARTESIAN_POINT('',(-84.308180602,8.706833828,-10.298757127));
#4154=DIRECTION('',(1.,-0.,0.));
#4155=DIRECTION('',(0.,0.258819045,-0.965925826));
#4156=AXIS2_PLACEMENT_3D('',#4153,#4154,#4155);
#4157=PLANE('',#4156);
#4158=CARTESIAN_POINT('',(-84.308180602,9.000328051,-13.325944129));
#4159=VERTEX_POINT('',#4158);
#4160=CARTESIAN_POINT('',(-84.308180602,9.000328051,-13.325944129));
#4161=DIRECTION('',(-0.,-0.965925826,-0.258819045));
#4162=VECTOR('',#4161,1.7);
#4163=LINE('',#4160,#4162);
#4164=EDGE_CURVE('',#4159,#3767,#4163,.T.);
#4165=ORIENTED_EDGE('',*,*,#4164,.F.);
#4166=CARTESIAN_POINT('',(-84.308180602,7.240358544,-6.75764851));
#4167=VERTEX_POINT('',#4166);
#4168=CARTESIAN_POINT('',(-84.308180602,9.000328051,-13.325944129));
#4169=DIRECTION('',(-0.,-0.258819045,0.965925826));
#4170=VECTOR('',#4169,6.8);
#4171=LINE('',#4168,#4170);
#4172=EDGE_CURVE('',#4159,#4167,#4171,.T.);
#4173=ORIENTED_EDGE('',*,*,#4172,.T.);
#4174=CARTESIAN_POINT('',(-84.308180602,7.240358544,-6.75764851));
#4175=DIRECTION('',(-0.,-0.965925826,-0.258819045));
#4176=VECTOR('',#4175,1.7);
#4177=LINE('',#4174,#4176);
#4178=EDGE_CURVE('',#4167,#3769,#4177,.T.);
#4179=ORIENTED_EDGE('',*,*,#4178,.T.);
#4180=ORIENTED_EDGE('',*,*,#3774,.F.);
#4181=EDGE_LOOP('',(#4165,#4173,#4179,#4180));
#4182=FACE_BOUND('',#4181,.T.);
#4183=ADVANCED_FACE('',(#4182),#4157,.T.);
#4184=CARTESIAN_POINT('',(-60.,5.701213511,0.918370604));
#4185=DIRECTION('',(0.,0.965925826,0.258819045));
#4186=DIRECTION('',(-1.,0.,0.));
#4187=AXIS2_PLACEMENT_3D('',#4184,#4185,#4186);
#4188=PLANE('',#4187);
#4189=CARTESIAN_POINT('',(-86.208180602,9.483290964,-13.196534606));
#4190=VERTEX_POINT('',#4189);
#4191=CARTESIAN_POINT('',(-84.808180602,9.483290964,-13.196534606));
#4192=VERTEX_POINT('',#4191);
#4193=CARTESIAN_POINT('',(-86.208180602,9.483290964,-13.196534606));
#4194=DIRECTION('',(1.,-0.,0.));
#4195=VECTOR('',#4194,1.4);
#4196=LINE('',#4193,#4195);
#4197=EDGE_CURVE('',#4190,#4192,#4196,.T.);
#4198=ORIENTED_EDGE('',*,*,#4197,.F.);
#4199=CARTESIAN_POINT('',(-86.208180602,7.723321457,-6.628238987));
#4200=VERTEX_POINT('',#4199);
#4201=CARTESIAN_POINT('',(-86.208180602,9.483290964,-13.196534606));
#4202=DIRECTION('',(-0.,-0.258819045,0.965925826));
#4203=VECTOR('',#4202,6.8);
#4204=LINE('',#4201,#4203);
#4205=EDGE_CURVE('',#4190,#4200,#4204,.T.);
#4206=ORIENTED_EDGE('',*,*,#4205,.T.);
#4207=CARTESIAN_POINT('',(-85.508180602,7.542148125,-5.952090909));
#4208=VERTEX_POINT('',#4207);
#4209=CARTESIAN_POINT('',(-85.508180602,7.723321457,-6.628238987));
#4210=DIRECTION('',(0.,0.965925826,0.258819045));
#4211=DIRECTION('',(0.,-0.258819045,0.965925826));
#4212=AXIS2_PLACEMENT_3D('',#4209,#4210,#4211);
#4213=CIRCLE('',#4212,0.7);
#4214=EDGE_CURVE('',#4200,#4208,#4213,.T.);
#4215=ORIENTED_EDGE('',*,*,#4214,.T.);
#4216=CARTESIAN_POINT('',(-84.808180602,7.723321457,-6.628238987));
#4217=VERTEX_POINT('',#4216);
#4218=CARTESIAN_POINT('',(-85.508180602,7.723321457,-6.628238987));
#4219=DIRECTION('',(0.,0.965925826,0.258819045));
#4220=DIRECTION('',(0.,-0.258819045,0.965925826));
#4221=AXIS2_PLACEMENT_3D('',#4218,#4219,#4220);
#4222=CIRCLE('',#4221,0.7);
#4223=EDGE_CURVE('',#4208,#4217,#4222,.T.);
#4224=ORIENTED_EDGE('',*,*,#4223,.T.);
#4225=CARTESIAN_POINT('',(-84.808180602,7.723321457,-6.628238987));
#4226=DIRECTION('',(0.,0.258819045,-0.965925826));
#4227=VECTOR('',#4226,6.8);
#4228=LINE('',#4225,#4227);
#4229=EDGE_CURVE('',#4217,#4192,#4228,.T.);
#4230=ORIENTED_EDGE('',*,*,#4229,.T.);
#4231=EDGE_LOOP('',(#4198,#4206,#4215,#4224,#4230));
#4232=FACE_BOUND('',#4231,.T.);
#4233=ADVANCED_FACE('',(#4232),#4188,.T.);
#4234=CARTESIAN_POINT('',(-33.308180602,8.706833828,-10.298757127));
#4235=DIRECTION('',(1.,-0.,0.));
#4236=DIRECTION('',(0.,0.258819045,-0.965925826));
#4237=AXIS2_PLACEMENT_3D('',#4234,#4235,#4236);
#4238=PLANE('',#4237);
#4239=ORIENTED_EDGE('',*,*,#3188,.F.);
#4240=CARTESIAN_POINT('',(-33.308180602,7.240358544,-6.75764851));
#4241=VERTEX_POINT('',#4240);
#4242=CARTESIAN_POINT('',(-33.308180602,9.000328051,-13.325944129));
#4243=DIRECTION('',(-0.,-0.258819045,0.965925826));
#4244=VECTOR('',#4243,6.8);
#4245=LINE('',#4242,#4244);
#4246=EDGE_CURVE('',#3174,#4241,#4245,.T.);
#4247=ORIENTED_EDGE('',*,*,#4246,.T.);
#4248=CARTESIAN_POINT('',(-33.308180602,5.468875117,-7.232316064));
#4249=VERTEX_POINT('',#4248);
#4250=CARTESIAN_POINT('',(-33.308180602,7.240358544,-6.75764851));
#4251=DIRECTION('',(-0.,-0.965925826,-0.258819045));
#4252=VECTOR('',#4251,1.833974596);
#4253=LINE('',#4250,#4252);
#4254=EDGE_CURVE('',#4241,#4249,#4253,.T.);
#4255=ORIENTED_EDGE('',*,*,#4254,.T.);
#4256=CARTESIAN_POINT('',(-33.308180602,5.468875117,-7.232316064));
#4257=DIRECTION('',(0.,0.258819045,-0.965925826));
#4258=VECTOR('',#4257,6.8);
#4259=LINE('',#4256,#4258);
#4260=EDGE_CURVE('',#4249,#3183,#4259,.T.);
#4261=ORIENTED_EDGE('',*,*,#4260,.T.);
#4262=EDGE_LOOP('',(#4239,#4247,#4255,#4261));
#4263=FACE_BOUND('',#4262,.T.);
#4264=ADVANCED_FACE('',(#4263),#4238,.T.);
#4265=CARTESIAN_POINT('',(-38.808180602,-3.847642972,4.67962956));
#4266=DIRECTION('',(1.,-0.,0.));
#4267=DIRECTION('',(0.,0.258819045,-0.965925826));
#4268=AXIS2_PLACEMENT_3D('',#4265,#4266,#4267);
#4269=CYLINDRICAL_SURFACE('',#4268,1.15);
#4270=CARTESIAN_POINT('',(-34.808180602,-4.958457672,4.381987658));
#4271=DIRECTION('',(1.,-0.,0.));
#4272=VECTOR('',#4271,2.);
#4273=LINE('',#4270,#4272);
#4274=EDGE_CURVE('',#3503,#4029,#4273,.T.);
#4275=ORIENTED_EDGE('',*,*,#4274,.T.);
#4276=ORIENTED_EDGE('',*,*,#4037,.T.);
#4277=CARTESIAN_POINT('',(-34.808180602,-3.55000107,3.56881486));
#4278=DIRECTION('',(1.,-0.,0.));
#4279=VECTOR('',#4278,2.);
#4280=LINE('',#4277,#4279);
#4281=EDGE_CURVE('',#3511,#4031,#4280,.T.);
#4282=ORIENTED_EDGE('',*,*,#4281,.F.);
#4283=ORIENTED_EDGE('',*,*,#3517,.F.);
#4284=EDGE_LOOP('',(#4275,#4276,#4282,#4283));
#4285=FACE_BOUND('',#4284,.T.);
#4286=ADVANCED_FACE('',(#4285),#4269,.F.);
#4287=CARTESIAN_POINT('',(-38.808180602,-3.182949256,3.667166097));
#4288=DIRECTION('',(0.,0.258819045,-0.965925826));
#4289=DIRECTION('',(-1.,0.,-0.));
#4290=AXIS2_PLACEMENT_3D('',#4287,#4288,#4289);
#4291=PLANE('',#4290);
#4292=ORIENTED_EDGE('',*,*,#4281,.T.);
#4293=ORIENTED_EDGE('',*,*,#4094,.T.);
#4294=CARTESIAN_POINT('',(-34.808180602,-2.815897442,3.765517334));
#4295=DIRECTION('',(1.,-0.,0.));
#4296=VECTOR('',#4295,2.);
#4297=LINE('',#4294,#4296);
#4298=EDGE_CURVE('',#3520,#4082,#4297,.T.);
#4299=ORIENTED_EDGE('',*,*,#4298,.F.);
#4300=ORIENTED_EDGE('',*,*,#3525,.F.);
#4301=EDGE_LOOP('',(#4292,#4293,#4299,#4300));
#4302=FACE_BOUND('',#4301,.T.);
#4303=ADVANCED_FACE('',(#4302),#4291,.F.);
#4304=CARTESIAN_POINT('',(-38.808180602,-3.113539344,4.876332034));
#4305=DIRECTION('',(1.,-0.,0.));
#4306=DIRECTION('',(0.,0.258819045,-0.965925826));
#4307=AXIS2_PLACEMENT_3D('',#4304,#4305,#4306);
#4308=CYLINDRICAL_SURFACE('',#4307,1.15);
#4309=ORIENTED_EDGE('',*,*,#4298,.T.);
#4310=ORIENTED_EDGE('',*,*,#4088,.T.);
#4311=CARTESIAN_POINT('',(-34.808180602,-2.002724643,5.173973936));
#4312=DIRECTION('',(1.,-0.,0.));
#4313=VECTOR('',#4312,2.);
#4314=LINE('',#4311,#4313);
#4315=EDGE_CURVE('',#3528,#4074,#4314,.T.);
#4316=ORIENTED_EDGE('',*,*,#4315,.F.);
#4317=ORIENTED_EDGE('',*,*,#3534,.F.);
#4318=EDGE_LOOP('',(#4309,#4310,#4316,#4317));
#4319=FACE_BOUND('',#4318,.T.);
#4320=ADVANCED_FACE('',(#4319),#4308,.F.);
#4321=CARTESIAN_POINT('',(-38.808180602,-2.849062921,8.332551388));
#4322=DIRECTION('',(-0.,-0.965925826,-0.258819045));
#4323=DIRECTION('',(1.,-0.,-0.));
#4324=AXIS2_PLACEMENT_3D('',#4321,#4322,#4323);
#4325=PLANE('',#4324);
#4326=ORIENTED_EDGE('',*,*,#3542,.T.);
#4327=ORIENTED_EDGE('',*,*,#4315,.T.);
#4328=ORIENTED_EDGE('',*,*,#4079,.F.);
#4329=CARTESIAN_POINT('',(-34.808180602,-3.695401198,11.49112884));
#4330=DIRECTION('',(1.,-0.,0.));
#4331=VECTOR('',#4330,2.);
#4332=LINE('',#4329,#4331);
#4333=EDGE_CURVE('',#3537,#4065,#4332,.T.);
#4334=ORIENTED_EDGE('',*,*,#4333,.F.);
#4335=EDGE_LOOP('',(#4326,#4327,#4328,#4334));
#4336=FACE_BOUND('',#4335,.T.);
#4337=ADVANCED_FACE('',(#4336),#4325,.T.);
#4338=CARTESIAN_POINT('',(-38.808180602,-4.806215899,11.193486938));
#4339=DIRECTION('',(1.,-0.,0.));
#4340=DIRECTION('',(0.,0.258819045,-0.965925826));
#4341=AXIS2_PLACEMENT_3D('',#4338,#4339,#4340);
#4342=CYLINDRICAL_SURFACE('',#4341,1.15);
#4343=ORIENTED_EDGE('',*,*,#4333,.T.);
#4344=ORIENTED_EDGE('',*,*,#4071,.T.);
#4345=CARTESIAN_POINT('',(-34.808180602,-5.103857801,12.304301639));
#4346=DIRECTION('',(1.,-0.,0.));
#4347=VECTOR('',#4346,2.);
#4348=LINE('',#4345,#4347);
#4349=EDGE_CURVE('',#3545,#4057,#4348,.T.);
#4350=ORIENTED_EDGE('',*,*,#4349,.F.);
#4351=ORIENTED_EDGE('',*,*,#3551,.F.);
#4352=EDGE_LOOP('',(#4343,#4344,#4350,#4351));
#4353=FACE_BOUND('',#4352,.T.);
#4354=ADVANCED_FACE('',(#4353),#4342,.F.);
#4355=CARTESIAN_POINT('',(-38.808180602,-5.470909615,12.205950401));
#4356=DIRECTION('',(0.,0.258819045,-0.965925826));
#4357=DIRECTION('',(-1.,0.,-0.));
#4358=AXIS2_PLACEMENT_3D('',#4355,#4356,#4357);
#4359=PLANE('',#4358);
#4360=ORIENTED_EDGE('',*,*,#3559,.T.);
#4361=ORIENTED_EDGE('',*,*,#4349,.T.);
#4362=ORIENTED_EDGE('',*,*,#4062,.F.);
#4363=CARTESIAN_POINT('',(-34.808180602,-5.837961429,12.107599164));
#4364=DIRECTION('',(1.,-0.,0.));
#4365=VECTOR('',#4364,2.);
#4366=LINE('',#4363,#4365);
#4367=EDGE_CURVE('',#3554,#4048,#4366,.T.);
#4368=ORIENTED_EDGE('',*,*,#4367,.F.);
#4369=EDGE_LOOP('',(#4360,#4361,#4362,#4368));
#4370=FACE_BOUND('',#4369,.T.);
#4371=ADVANCED_FACE('',(#4370),#4359,.T.);
#4372=CARTESIAN_POINT('',(-38.808180602,-5.540319527,10.996784464));
#4373=DIRECTION('',(1.,-0.,0.));
#4374=DIRECTION('',(0.,0.258819045,-0.965925826));
#4375=AXIS2_PLACEMENT_3D('',#4372,#4373,#4374);
#4376=CYLINDRICAL_SURFACE('',#4375,1.15);
#4377=ORIENTED_EDGE('',*,*,#4367,.T.);
#4378=ORIENTED_EDGE('',*,*,#4054,.T.);
#4379=CARTESIAN_POINT('',(-34.808180602,-6.651134227,10.699142562));
#4380=DIRECTION('',(1.,-0.,0.));
#4381=VECTOR('',#4380,2.);
#4382=LINE('',#4379,#4381);
#4383=EDGE_CURVE('',#3501,#4040,#4382,.T.);
#4384=ORIENTED_EDGE('',*,*,#4383,.F.);
#4385=ORIENTED_EDGE('',*,*,#3566,.F.);
#4386=EDGE_LOOP('',(#4377,#4378,#4384,#4385));
#4387=FACE_BOUND('',#4386,.T.);
#4388=ADVANCED_FACE('',(#4387),#4376,.F.);
#4389=CARTESIAN_POINT('',(-38.808180602,-5.804795949,7.54056511));
#4390=DIRECTION('',(-0.,-0.965925826,-0.258819045));
#4391=DIRECTION('',(1.,-0.,-0.));
#4392=AXIS2_PLACEMENT_3D('',#4389,#4390,#4391);
#4393=PLANE('',#4392);
#4394=ORIENTED_EDGE('',*,*,#4383,.T.);
#4395=ORIENTED_EDGE('',*,*,#4045,.T.);
#4396=ORIENTED_EDGE('',*,*,#4274,.F.);
#4397=ORIENTED_EDGE('',*,*,#3508,.F.);
#4398=EDGE_LOOP('',(#4394,#4395,#4396,#4397));
#4399=FACE_BOUND('',#4398,.T.);
#4400=ADVANCED_FACE('',(#4399),#4393,.F.);
#4401=CARTESIAN_POINT('',(-35.708180602,-1.29550166,-2.043906271));
#4402=DIRECTION('',(-0.,-0.258819045,0.965925826));
#4403=DIRECTION('',(1.,-0.,0.));
#4404=AXIS2_PLACEMENT_3D('',#4401,#4402,#4403);
#4405=PLANE('',#4404);
#4406=CARTESIAN_POINT('',(-34.808180602,-0.74009431,-1.89508532));
#4407=DIRECTION('',(1.,-0.,0.));
#4408=VECTOR('',#4407,2.);
#4409=LINE('',#4406,#4408);
#4410=EDGE_CURVE('',#3573,#4005,#4409,.T.);
#4411=ORIENTED_EDGE('',*,*,#4410,.T.);
#4412=ORIENTED_EDGE('',*,*,#4010,.T.);
#4413=CARTESIAN_POINT('',(-34.808180602,-1.85090901,-2.192727221));
#4414=DIRECTION('',(1.,-0.,0.));
#4415=VECTOR('',#4414,2.);
#4416=LINE('',#4413,#4415);
#4417=EDGE_CURVE('',#3581,#3995,#4416,.T.);
#4418=ORIENTED_EDGE('',*,*,#4417,.F.);
#4419=ORIENTED_EDGE('',*,*,#3586,.F.);
#4420=EDGE_LOOP('',(#4411,#4412,#4418,#4419));
#4421=FACE_BOUND('',#4420,.T.);
#4422=ADVANCED_FACE('',(#4421),#4405,.F.);
#4423=CARTESIAN_POINT('',(-35.708180602,-0.362699501,-7.746800723));
#4424=DIRECTION('',(-0.,-0.965925826,-0.258819045));
#4425=DIRECTION('',(1.,-0.,-0.));
#4426=AXIS2_PLACEMENT_3D('',#4423,#4424,#4425);
#4427=PLANE('',#4426);
#4428=ORIENTED_EDGE('',*,*,#4417,.T.);
#4429=ORIENTED_EDGE('',*,*,#4002,.T.);
#4430=CARTESIAN_POINT('',(-34.808180602,1.125510008,-13.300874224));
#4431=DIRECTION('',(1.,-0.,0.));
#4432=VECTOR('',#4431,2.);
#4433=LINE('',#4430,#4432);
#4434=EDGE_CURVE('',#3589,#3997,#4433,.T.);
#4435=ORIENTED_EDGE('',*,*,#4434,.F.);
#4436=ORIENTED_EDGE('',*,*,#3594,.F.);
#4437=EDGE_LOOP('',(#4428,#4429,#4435,#4436));
#4438=FACE_BOUND('',#4437,.T.);
#4439=ADVANCED_FACE('',(#4438),#4427,.F.);
#4440=CARTESIAN_POINT('',(-35.708180602,1.680917358,-13.152053273));
#4441=DIRECTION('',(0.,0.258819045,-0.965925826));
#4442=DIRECTION('',(-1.,0.,-0.));
#4443=AXIS2_PLACEMENT_3D('',#4440,#4441,#4442);
#4444=PLANE('',#4443);
#4445=ORIENTED_EDGE('',*,*,#4434,.T.);
#4446=ORIENTED_EDGE('',*,*,#4024,.T.);
#4447=CARTESIAN_POINT('',(-34.808180602,2.236324709,-13.003232322));
#4448=DIRECTION('',(1.,-0.,0.));
#4449=VECTOR('',#4448,2.);
#4450=LINE('',#4447,#4449);
#4451=EDGE_CURVE('',#3571,#4013,#4450,.T.);
#4452=ORIENTED_EDGE('',*,*,#4451,.F.);
#4453=ORIENTED_EDGE('',*,*,#3600,.F.);
#4454=EDGE_LOOP('',(#4445,#4446,#4452,#4453));
#4455=FACE_BOUND('',#4454,.T.);
#4456=ADVANCED_FACE('',(#4455),#4444,.F.);
#4457=CARTESIAN_POINT('',(-35.708180602,0.748115199,-7.449158821));
#4458=DIRECTION('',(0.,0.965925826,0.258819045));
#4459=DIRECTION('',(-1.,0.,0.));
#4460=AXIS2_PLACEMENT_3D('',#4457,#4458,#4459);
#4461=PLANE('',#4460);
#4462=ORIENTED_EDGE('',*,*,#4451,.T.);
#4463=ORIENTED_EDGE('',*,*,#4018,.T.);
#4464=ORIENTED_EDGE('',*,*,#4410,.F.);
#4465=ORIENTED_EDGE('',*,*,#3578,.F.);
#4466=EDGE_LOOP('',(#4462,#4463,#4464,#4465));
#4467=FACE_BOUND('',#4466,.T.);
#4468=ADVANCED_FACE('',(#4467),#4461,.F.);
#4469=CARTESIAN_POINT('',(-58.912830153,-4.581472047,12.954305117));
#4470=DIRECTION('',(1.,-0.,0.));
#4471=DIRECTION('',(0.,0.258819045,-0.965925826));
#4472=AXIS2_PLACEMENT_3D('',#4469,#4470,#4471);
#4473=PLANE('',#4472);
#4474=ORIENTED_EDGE('',*,*,#3360,.T.);
#4475=CARTESIAN_POINT('',(-58.912830153,-4.211697232,13.05338598));
#4476=VERTEX_POINT('',#4475);
#4477=CARTESIAN_POINT('',(-58.912830153,-4.211697232,13.05338598));
#4478=DIRECTION('',(-0.,-0.258819045,0.965925826));
#4479=VECTOR('',#4478,1.3);
#4480=LINE('',#4477,#4479);
#4481=EDGE_CURVE('',#4476,#3355,#4480,.T.);
#4482=ORIENTED_EDGE('',*,*,#4481,.F.);
#4483=CARTESIAN_POINT('',(-58.912830153,-4.951246861,12.855224254));
#4484=VERTEX_POINT('',#4483);
#4485=CARTESIAN_POINT('',(-58.912830153,-4.951246861,12.855224254));
#4486=DIRECTION('',(-0.,0.965925826,0.258819045));
#4487=VECTOR('',#4486,0.765638115);
#4488=LINE('',#4485,#4487);
#4489=EDGE_CURVE('',#4484,#4476,#4488,.T.);
#4490=ORIENTED_EDGE('',*,*,#4489,.F.);
#4491=CARTESIAN_POINT('',(-58.912830153,-4.951246861,12.855224254));
#4492=DIRECTION('',(-0.,-0.258819045,0.965925826));
#4493=VECTOR('',#4492,1.3);
#4494=LINE('',#4491,#4493);
#4495=EDGE_CURVE('',#4484,#3353,#4494,.T.);
#4496=ORIENTED_EDGE('',*,*,#4495,.T.);
#4497=EDGE_LOOP('',(#4474,#4482,#4490,#4496));
#4498=FACE_BOUND('',#4497,.T.);
#4499=ADVANCED_FACE('',(#4498),#4473,.F.);
#4500=CARTESIAN_POINT('',(-58.412830153,-4.211697232,13.05338598));
#4501=DIRECTION('',(0.,-0.965925826,-0.258819045));
#4502=DIRECTION('',(-0.,0.258819045,-0.965925826));
#4503=AXIS2_PLACEMENT_3D('',#4500,#4501,#4502);
#4504=PLANE('',#4503);
#4505=ORIENTED_EDGE('',*,*,#3382,.T.);
#4506=CARTESIAN_POINT('',(-56.912830153,-4.211697232,13.05338598));
#4507=VERTEX_POINT('',#4506);
#4508=CARTESIAN_POINT('',(-56.912830153,-4.211697232,13.05338598));
#4509=DIRECTION('',(-0.,-0.258819045,0.965925826));
#4510=VECTOR('',#4509,1.3);
#4511=LINE('',#4508,#4510);
#4512=EDGE_CURVE('',#4507,#3371,#4511,.T.);
#4513=ORIENTED_EDGE('',*,*,#4512,.F.);
#4514=CARTESIAN_POINT('',(-58.912830153,-4.211697232,13.05338598));
#4515=DIRECTION('',(1.,-0.,0.));
#4516=VECTOR('',#4515,2.);
#4517=LINE('',#4514,#4516);
#4518=EDGE_CURVE('',#4476,#4507,#4517,.T.);
#4519=ORIENTED_EDGE('',*,*,#4518,.F.);
#4520=ORIENTED_EDGE('',*,*,#4481,.T.);
#4521=EDGE_LOOP('',(#4505,#4513,#4519,#4520));
#4522=FACE_BOUND('',#4521,.T.);
#4523=ADVANCED_FACE('',(#4522),#4504,.F.);
#4524=CARTESIAN_POINT('',(-56.912830153,-4.581472047,12.954305117));
#4525=DIRECTION('',(-1.,0.,-0.));
#4526=DIRECTION('',(-0.,-0.258819045,0.965925826));
#4527=AXIS2_PLACEMENT_3D('',#4524,#4525,#4526);
#4528=PLANE('',#4527);
#4529=ORIENTED_EDGE('',*,*,#3376,.T.);
#4530=CARTESIAN_POINT('',(-56.912830153,-4.951246861,12.855224254));
#4531=VERTEX_POINT('',#4530);
#4532=CARTESIAN_POINT('',(-56.912830153,-4.951246861,12.855224254));
#4533=DIRECTION('',(-0.,-0.258819045,0.965925826));
#4534=VECTOR('',#4533,1.3);
#4535=LINE('',#4532,#4534);
#4536=EDGE_CURVE('',#4531,#3363,#4535,.T.);
#4537=ORIENTED_EDGE('',*,*,#4536,.F.);
#4538=CARTESIAN_POINT('',(-56.912830153,-4.211697232,13.05338598));
#4539=DIRECTION('',(0.,-0.965925826,-0.258819045));
#4540=VECTOR('',#4539,0.765638115);
#4541=LINE('',#4538,#4540);
#4542=EDGE_CURVE('',#4507,#4531,#4541,.T.);
#4543=ORIENTED_EDGE('',*,*,#4542,.F.);
#4544=ORIENTED_EDGE('',*,*,#4512,.T.);
#4545=EDGE_LOOP('',(#4529,#4537,#4543,#4544));
#4546=FACE_BOUND('',#4545,.T.);
#4547=ADVANCED_FACE('',(#4546),#4528,.F.);
#4548=CARTESIAN_POINT('',(-58.412830153,-4.951246861,12.855224254));
#4549=DIRECTION('',(0.,0.965925826,0.258819045));
#4550=DIRECTION('',(-1.,0.,0.));
#4551=AXIS2_PLACEMENT_3D('',#4548,#4549,#4550);
#4552=PLANE('',#4551);
#4553=ORIENTED_EDGE('',*,*,#3368,.T.);
#4554=ORIENTED_EDGE('',*,*,#4495,.F.);
#4555=CARTESIAN_POINT('',(-56.912830153,-4.951246861,12.855224254));
#4556=DIRECTION('',(-1.,0.,-0.));
#4557=VECTOR('',#4556,2.);
#4558=LINE('',#4555,#4557);
#4559=EDGE_CURVE('',#4531,#4484,#4558,.T.);
#4560=ORIENTED_EDGE('',*,*,#4559,.F.);
#4561=ORIENTED_EDGE('',*,*,#4536,.T.);
#4562=EDGE_LOOP('',(#4553,#4554,#4560,#4561));
#4563=FACE_BOUND('',#4562,.T.);
#4564=ADVANCED_FACE('',(#4563),#4552,.F.);
#4565=CARTESIAN_POINT('',(-60.,-3.623576691,13.210972404));
#4566=DIRECTION('',(0.,0.258819045,-0.965925826));
#4567=DIRECTION('',(-1.,0.,-0.));
#4568=AXIS2_PLACEMENT_3D('',#4565,#4566,#4567);
#4569=PLANE('',#4568);
#4570=ORIENTED_EDGE('',*,*,#4489,.T.);
#4571=ORIENTED_EDGE('',*,*,#4518,.T.);
#4572=ORIENTED_EDGE('',*,*,#4542,.T.);
#4573=ORIENTED_EDGE('',*,*,#4559,.T.);
#4574=EDGE_LOOP('',(#4570,#4571,#4572,#4573));
#4575=FACE_BOUND('',#4574,.T.);
#4576=ADVANCED_FACE('',(#4575),#4569,.T.);
#4577=CARTESIAN_POINT('',(-60.008180602,-7.249093471,5.976097219));
#4578=DIRECTION('',(-0.,-0.965925826,-0.258819045));
#4579=DIRECTION('',(1.,-0.,-0.));
#4580=AXIS2_PLACEMENT_3D('',#4577,#4578,#4579);
#4581=PLANE('',#4580);
#4582=CARTESIAN_POINT('',(-84.208180602,-9.410232498,14.041577869));
#4583=VERTEX_POINT('',#4582);
#4584=CARTESIAN_POINT('',(-86.208180602,-8.892594408,12.109726216));
#4585=VERTEX_POINT('',#4584);
#4586=CARTESIAN_POINT('',(-84.208180602,-8.892594408,12.109726216));
#4587=DIRECTION('',(-0.,-0.965925826,-0.258819045));
#4588=DIRECTION('',(0.,0.258819045,-0.965925826));
#4589=AXIS2_PLACEMENT_3D('',#4586,#4587,#4588);
#4590=CIRCLE('',#4589,2.);
#4591=EDGE_CURVE('',#4583,#4585,#4590,.T.);
#4592=ORIENTED_EDGE('',*,*,#4591,.T.);
#4593=CARTESIAN_POINT('',(-86.208180602,-1.335078291,-16.095307911));
#4594=VERTEX_POINT('',#4593);
#4595=CARTESIAN_POINT('',(-86.208180602,-8.892594408,12.109726216));
#4596=DIRECTION('',(0.,0.258819045,-0.965925826));
#4597=VECTOR('',#4596,29.2);
#4598=LINE('',#4595,#4597);
#4599=EDGE_CURVE('',#4585,#4594,#4598,.T.);
#4600=ORIENTED_EDGE('',*,*,#4599,.T.);
#4601=CARTESIAN_POINT('',(-42.308180602,-1.335078291,-16.095307911));
#4602=VERTEX_POINT('',#4601);
#4603=CARTESIAN_POINT('',(-86.208180602,-1.335078291,-16.095307911));
#4604=DIRECTION('',(1.,-0.,0.));
#4605=VECTOR('',#4604,43.9);
#4606=LINE('',#4603,#4605);
#4607=EDGE_CURVE('',#4594,#4602,#4606,.T.);
#4608=ORIENTED_EDGE('',*,*,#4607,.T.);
#4609=CARTESIAN_POINT('',(-42.308180602,-1.128023055,-16.868048572));
#4610=VERTEX_POINT('',#4609);
#4611=CARTESIAN_POINT('',(-42.308180602,-1.335078291,-16.095307911));
#4612=DIRECTION('',(0.,0.258819045,-0.965925826));
#4613=VECTOR('',#4612,0.8);
#4614=LINE('',#4611,#4613);
#4615=EDGE_CURVE('',#4602,#4610,#4614,.T.);
#4616=ORIENTED_EDGE('',*,*,#4615,.T.);
#4617=CARTESIAN_POINT('',(-38.308180602,-1.128023055,-16.868048572));
#4618=VERTEX_POINT('',#4617);
#4619=CARTESIAN_POINT('',(-42.308180602,-1.128023055,-16.868048572));
#4620=DIRECTION('',(1.,-0.,0.));
#4621=VECTOR('',#4620,4.);
#4622=LINE('',#4619,#4621);
#4623=EDGE_CURVE('',#4610,#4618,#4622,.T.);
#4624=ORIENTED_EDGE('',*,*,#4623,.T.);
#4625=CARTESIAN_POINT('',(-38.308180602,-1.128023055,-16.868048572));
#4626=DIRECTION('',(-0.,-0.258819045,0.965925826));
#4627=VECTOR('',#4626,0.8);
#4628=LINE('',#4625,#4627);
#4629=EDGE_CURVE('',#4618,#3217,#4628,.T.);
#4630=ORIENTED_EDGE('',*,*,#4629,.T.);
#4631=ORIENTED_EDGE('',*,*,#3222,.T.);
#4632=CARTESIAN_POINT('',(-33.808180602,-8.892594408,12.109726216));
#4633=VERTEX_POINT('',#4632);
#4634=CARTESIAN_POINT('',(-33.808180602,-1.335078291,-16.095307911));
#4635=DIRECTION('',(-0.,-0.258819045,0.965925826));
#4636=VECTOR('',#4635,29.2);
#4637=LINE('',#4634,#4636);
#4638=EDGE_CURVE('',#3208,#4633,#4637,.T.);
#4639=ORIENTED_EDGE('',*,*,#4638,.T.);
#4640=CARTESIAN_POINT('',(-35.808180602,-9.410232498,14.041577869));
#4641=VERTEX_POINT('',#4640);
#4642=CARTESIAN_POINT('',(-35.808180602,-8.892594408,12.109726216));
#4643=DIRECTION('',(-0.,-0.965925826,-0.258819045));
#4644=DIRECTION('',(0.,0.258819045,-0.965925826));
#4645=AXIS2_PLACEMENT_3D('',#4642,#4643,#4644);
#4646=CIRCLE('',#4645,2.);
#4647=EDGE_CURVE('',#4633,#4641,#4646,.T.);
#4648=ORIENTED_EDGE('',*,*,#4647,.T.);
#4649=CARTESIAN_POINT('',(-35.808180602,-9.410232498,14.041577869));
#4650=DIRECTION('',(-1.,0.,-0.));
#4651=VECTOR('',#4650,48.4);
#4652=LINE('',#4649,#4651);
#4653=EDGE_CURVE('',#4641,#4583,#4652,.T.);
#4654=ORIENTED_EDGE('',*,*,#4653,.T.);
#4655=EDGE_LOOP('',(#4592,#4600,#4608,#4616,#4624,#4630,#4631,#4639,#4648,#4654));
#4656=FACE_BOUND('',#4655,.T.);
#4657=ADVANCED_FACE('',(#4656),#4581,.T.);
#4658=CARTESIAN_POINT('',(-60.008180602,-5.800204732,6.364325787));
#4659=DIRECTION('',(-0.,-0.965925826,-0.258819045));
#4660=DIRECTION('',(1.,-0.,-0.));
#4661=AXIS2_PLACEMENT_3D('',#4658,#4659,#4660);
#4662=PLANE('',#4661);
#4663=CARTESIAN_POINT('',(-38.308180602,0.320865685,-16.479820005));
#4664=VERTEX_POINT('',#4663);
#4665=CARTESIAN_POINT('',(-38.308180602,0.113810449,-15.707079344));
#4666=DIRECTION('',(0.,0.258819045,-0.965925826));
#4667=VECTOR('',#4666,0.8);
#4668=LINE('',#4665,#4667);
#4669=EDGE_CURVE('',#3242,#4664,#4668,.T.);
#4670=ORIENTED_EDGE('',*,*,#4669,.T.);
#4671=CARTESIAN_POINT('',(-42.308180602,0.320865685,-16.479820005));
#4672=VERTEX_POINT('',#4671);
#4673=CARTESIAN_POINT('',(-38.308180602,0.320865685,-16.479820005));
#4674=DIRECTION('',(-1.,0.,-0.));
#4675=VECTOR('',#4674,4.);
#4676=LINE('',#4673,#4675);
#4677=EDGE_CURVE('',#4664,#4672,#4676,.T.);
#4678=ORIENTED_EDGE('',*,*,#4677,.T.);
#4679=CARTESIAN_POINT('',(-42.308180602,0.113810449,-15.707079344));
#4680=VERTEX_POINT('',#4679);
#4681=CARTESIAN_POINT('',(-42.308180602,0.320865685,-16.479820005));
#4682=DIRECTION('',(-0.,-0.258819045,0.965925826));
#4683=VECTOR('',#4682,0.8);
#4684=LINE('',#4681,#4683);
#4685=EDGE_CURVE('',#4672,#4680,#4684,.T.);
#4686=ORIENTED_EDGE('',*,*,#4685,.T.);
#4687=CARTESIAN_POINT('',(-43.712334186,0.113810449,-15.707079344));
#4688=VERTEX_POINT('',#4687);
#4689=CARTESIAN_POINT('',(-42.308180602,0.113810449,-15.707079344));
#4690=DIRECTION('',(-1.,0.,-0.));
#4691=VECTOR('',#4690,1.404153584);
#4692=LINE('',#4689,#4691);
#4693=EDGE_CURVE('',#4680,#4688,#4692,.T.);
#4694=ORIENTED_EDGE('',*,*,#4693,.T.);
#4695=CARTESIAN_POINT('',(-43.712334186,-7.31345337,12.011846587));
#4696=VERTEX_POINT('',#4695);
#4697=CARTESIAN_POINT('',(-43.712334186,-7.31345337,12.011846587));
#4698=DIRECTION('',(0.,0.258819045,-0.965925826));
#4699=VECTOR('',#4698,28.696743763);
#4700=LINE('',#4697,#4699);
#4701=EDGE_CURVE('',#4696,#4688,#4700,.T.);
#4702=ORIENTED_EDGE('',*,*,#4701,.F.);
#4703=CARTESIAN_POINT('',(-34.808180602,-7.31345337,12.011846587));
#4704=DIRECTION('',(-1.,0.,-0.));
#4705=VECTOR('',#4704,8.904153584);
#4706=LINE('',#4703,#4705);
#4707=EDGE_CURVE('',#3477,#4696,#4706,.T.);
#4708=ORIENTED_EDGE('',*,*,#4707,.F.);
#4709=ORIENTED_EDGE('',*,*,#3482,.T.);
#4710=ORIENTED_EDGE('',*,*,#3256,.T.);
#4711=EDGE_LOOP('',(#4670,#4678,#4686,#4694,#4702,#4708,#4709,#4710));
#4712=FACE_BOUND('',#4711,.T.);
#4713=ADVANCED_FACE('',(#4712),#4662,.F.);
#4714=CARTESIAN_POINT('',(-60.,3.856293712,-14.704283976));
#4715=DIRECTION('',(0.,0.258819045,-0.965925826));
#4716=DIRECTION('',(0.,0.965925826,0.258819045));
#4717=AXIS2_PLACEMENT_3D('',#4714,#4715,#4716);
#4718=PLANE('',#4717);
#4719=ORIENTED_EDGE('',*,*,#3706,.F.);
#4720=CARTESIAN_POINT('',(-86.208180602,9.000328051,-13.325944129));
#4721=DIRECTION('',(0.,0.258819045,-0.965925826));
#4722=DIRECTION('',(0.,0.965925826,0.258819045));
#4723=AXIS2_PLACEMENT_3D('',#4720,#4721,#4722);
#4724=CIRCLE('',#4723,0.5);
#4725=EDGE_CURVE('',#3693,#4190,#4724,.T.);
#4726=ORIENTED_EDGE('',*,*,#4725,.T.);
#4727=ORIENTED_EDGE('',*,*,#4197,.T.);
#4728=CARTESIAN_POINT('',(-84.808180602,9.000328051,-13.325944129));
#4729=DIRECTION('',(0.,0.258819045,-0.965925826));
#4730=DIRECTION('',(0.,0.965925826,0.258819045));
#4731=AXIS2_PLACEMENT_3D('',#4728,#4729,#4730);
#4732=CIRCLE('',#4731,0.5);
#4733=EDGE_CURVE('',#4192,#4159,#4732,.T.);
#4734=ORIENTED_EDGE('',*,*,#4733,.T.);
#4735=ORIENTED_EDGE('',*,*,#4164,.T.);
#4736=ORIENTED_EDGE('',*,*,#3882,.F.);
#4737=ORIENTED_EDGE('',*,*,#3897,.T.);
#4738=ORIENTED_EDGE('',*,*,#3730,.F.);
#4739=ORIENTED_EDGE('',*,*,#3459,.F.);
#4740=ORIENTED_EDGE('',*,*,#3312,.T.);
#4741=CARTESIAN_POINT('',(-43.712334186,0.500180779,-15.603551726));
#4742=DIRECTION('',(-0.,-0.965925826,-0.258819045));
#4743=VECTOR('',#4742,0.4);
#4744=LINE('',#4741,#4743);
#4745=EDGE_CURVE('',#3299,#4688,#4744,.T.);
#4746=ORIENTED_EDGE('',*,*,#4745,.T.);
#4747=ORIENTED_EDGE('',*,*,#4693,.F.);
#4748=CARTESIAN_POINT('',(-42.808180602,-0.369152464,-15.836488866));
#4749=VERTEX_POINT('',#4748);
#4750=CARTESIAN_POINT('',(-42.308180602,-0.369152464,-15.836488866));
#4751=DIRECTION('',(-0.,-0.258819045,0.965925826));
#4752=DIRECTION('',(0.,0.965925826,0.258819045));
#4753=AXIS2_PLACEMENT_3D('',#4750,#4751,#4752);
#4754=CIRCLE('',#4753,0.5);
#4755=EDGE_CURVE('',#4680,#4749,#4754,.T.);
#4756=ORIENTED_EDGE('',*,*,#4755,.T.);
#4757=CARTESIAN_POINT('',(-42.808180602,-0.852115378,-15.965898389));
#4758=VERTEX_POINT('',#4757);
#4759=CARTESIAN_POINT('',(-42.808180602,-0.852115378,-15.965898389));
#4760=DIRECTION('',(-0.,0.965925826,0.258819045));
#4761=VECTOR('',#4760,0.5);
#4762=LINE('',#4759,#4761);
#4763=EDGE_CURVE('',#4758,#4749,#4762,.T.);
#4764=ORIENTED_EDGE('',*,*,#4763,.F.);
#4765=CARTESIAN_POINT('',(-42.308180602,-0.852115378,-15.965898389));
#4766=DIRECTION('',(-0.,-0.258819045,0.965925826));
#4767=DIRECTION('',(0.,0.965925826,0.258819045));
#4768=AXIS2_PLACEMENT_3D('',#4765,#4766,#4767);
#4769=CIRCLE('',#4768,0.5);
#4770=EDGE_CURVE('',#4758,#4602,#4769,.T.);
#4771=ORIENTED_EDGE('',*,*,#4770,.T.);
#4772=ORIENTED_EDGE('',*,*,#4607,.F.);
#4773=CARTESIAN_POINT('',(-86.208180602,-0.369152464,-15.836488866));
#4774=DIRECTION('',(0.,0.258819045,-0.965925826));
#4775=DIRECTION('',(0.,0.965925826,0.258819045));
#4776=AXIS2_PLACEMENT_3D('',#4773,#4774,#4775);
#4777=CIRCLE('',#4776,1.);
#4778=EDGE_CURVE('',#4594,#3917,#4777,.T.);
#4779=ORIENTED_EDGE('',*,*,#4778,.T.);
#4780=ORIENTED_EDGE('',*,*,#3922,.F.);
#4781=CARTESIAN_POINT('',(-86.208180602,6.39232832,-14.024755551));
#4782=DIRECTION('',(0.,0.258819045,-0.965925826));
#4783=DIRECTION('',(0.,0.965925826,0.258819045));
#4784=AXIS2_PLACEMENT_3D('',#4781,#4782,#4783);
#4785=CIRCLE('',#4784,1.);
#4786=EDGE_CURVE('',#3915,#3701,#4785,.T.);
#4787=ORIENTED_EDGE('',*,*,#4786,.T.);
#4788=EDGE_LOOP('',(#4719,#4726,#4727,#4734,#4735,#4736,#4737,#4738,#4739,#4740,#4746,#4747,#4756,#4764,#4771,#4772,#4779,#4780,#4787));
#4789=FACE_BOUND('',#4788,.T.);
#4790=CARTESIAN_POINT('',(-60.008180602,-1.141893126,-16.043544102));
#4791=VERTEX_POINT('',#4790);
#4792=CARTESIAN_POINT('',(-60.008180602,0.306995614,-15.655315535));
#4793=VERTEX_POINT('',#4792);
#4794=CARTESIAN_POINT('',(-60.008180602,-0.417448756,-15.849429819));
#4795=DIRECTION('',(0.,0.258819045,-0.965925826));
#4796=DIRECTION('',(-0.,0.965925826,0.258819045));
#4797=AXIS2_PLACEMENT_3D('',#4794,#4795,#4796);
#4798=CIRCLE('',#4797,0.75);
#4799=EDGE_CURVE('',#4791,#4793,#4798,.T.);
#4800=ORIENTED_EDGE('',*,*,#4799,.F.);
#4801=CARTESIAN_POINT('',(-60.008180602,-0.417448756,-15.849429819));
#4802=DIRECTION('',(0.,0.258819045,-0.965925826));
#4803=DIRECTION('',(-0.,0.965925826,0.258819045));
#4804=AXIS2_PLACEMENT_3D('',#4801,#4802,#4803);
#4805=CIRCLE('',#4804,0.75);
#4806=EDGE_CURVE('',#4793,#4791,#4805,.T.);
#4807=ORIENTED_EDGE('',*,*,#4806,.F.);
#4808=EDGE_LOOP('',(#4800,#4807));
#4809=FACE_BOUND('',#4808,.T.);
#4810=CARTESIAN_POINT('',(-85.958180602,5.184921037,-14.348279357));
#4811=VERTEX_POINT('',#4810);
#4812=CARTESIAN_POINT('',(-85.958180602,6.633809776,-13.960050789));
#4813=VERTEX_POINT('',#4812);
#4814=CARTESIAN_POINT('',(-85.958180602,5.909365406,-14.154165073));
#4815=DIRECTION('',(0.,0.258819045,-0.965925826));
#4816=DIRECTION('',(-0.,0.965925826,0.258819045));
#4817=AXIS2_PLACEMENT_3D('',#4814,#4815,#4816);
#4818=CIRCLE('',#4817,0.75);
#4819=EDGE_CURVE('',#4811,#4813,#4818,.T.);
#4820=ORIENTED_EDGE('',*,*,#4819,.F.);
#4821=CARTESIAN_POINT('',(-85.958180602,5.909365406,-14.154165073));
#4822=DIRECTION('',(0.,0.258819045,-0.965925826));
#4823=DIRECTION('',(-0.,0.965925826,0.258819045));
#4824=AXIS2_PLACEMENT_3D('',#4821,#4822,#4823);
#4825=CIRCLE('',#4824,0.75);
#4826=EDGE_CURVE('',#4813,#4811,#4825,.T.);
#4827=ORIENTED_EDGE('',*,*,#4826,.F.);
#4828=EDGE_LOOP('',(#4820,#4827));
#4829=FACE_BOUND('',#4828,.T.);
#4830=CARTESIAN_POINT('',(-81.658180602,6.633809776,-13.960050789));
#4831=VERTEX_POINT('',#4830);
#4832=CARTESIAN_POINT('',(-81.658180602,5.909365406,-14.154165073));
#4833=DIRECTION('',(0.,0.258819045,-0.965925826));
#4834=DIRECTION('',(0.,0.965925826,0.258819045));
#4835=AXIS2_PLACEMENT_3D('',#4832,#4833,#4834);
#4836=CIRCLE('',#4835,0.75);
#4837=EDGE_CURVE('',#4831,#4831,#4836,.T.);
#4838=ORIENTED_EDGE('',*,*,#4837,.F.);
#4839=EDGE_LOOP('',(#4838));
#4840=FACE_BOUND('',#4839,.T.);
#4841=ADVANCED_FACE('',(#4789,#4809,#4829,#4840),#4718,.T.);
#4842=CARTESIAN_POINT('',(-38.358150953,3.321174955,-4.49490681));
#4843=DIRECTION('',(0.,0.258819045,-0.965925826));
#4844=DIRECTION('',(-0.,0.965925826,0.258819045));
#4845=AXIS2_PLACEMENT_3D('',#4842,#4843,#4844);
#4846=CYLINDRICAL_SURFACE('',#4845,0.75);
#4847=CARTESIAN_POINT('',(-38.358150953,4.045619325,-4.300792526));
#4848=VERTEX_POINT('',#4847);
#4849=CARTESIAN_POINT('',(-38.358150953,6.633809776,-13.960050789));
#4850=DIRECTION('',(-0.,-0.258819045,0.965925826));
#4851=VECTOR('',#4850,10.);
#4852=LINE('',#4849,#4851);
#4853=EDGE_CURVE('',#3116,#4848,#4852,.T.);
#4854=ORIENTED_EDGE('',*,*,#4853,.F.);
#4855=ORIENTED_EDGE('',*,*,#3122,.T.);
#4856=ORIENTED_EDGE('',*,*,#4853,.T.);
#4857=CARTESIAN_POINT('',(-38.358150953,3.321174955,-4.49490681));
#4858=DIRECTION('',(0.,0.258819045,-0.965925826));
#4859=DIRECTION('',(-0.,0.965925826,0.258819045));
#4860=AXIS2_PLACEMENT_3D('',#4857,#4858,#4859);
#4861=CIRCLE('',#4860,0.75);
#4862=EDGE_CURVE('',#4848,#4848,#4861,.T.);
#4863=ORIENTED_EDGE('',*,*,#4862,.F.);
#4864=EDGE_LOOP('',(#4854,#4855,#4856,#4863));
#4865=FACE_BOUND('',#4864,.T.);
#4866=ADVANCED_FACE('',(#4865),#4846,.F.);
#4867=CARTESIAN_POINT('',(-88.808180602,9.889470574,-2.734937304));
#4868=DIRECTION('',(0.,0.258819045,-0.965925826));
#4869=DIRECTION('',(1.,-0.,0.));
#4870=AXIS2_PLACEMENT_3D('',#4867,#4868,#4869);
#4871=PLANE('',#4870);
#4872=ORIENTED_EDGE('',*,*,#4862,.T.);
#4873=EDGE_LOOP('',(#4872));
#4874=FACE_BOUND('',#4873,.T.);
#4875=ADVANCED_FACE('',(#4874),#4871,.T.);
#4876=CARTESIAN_POINT('',(-81.658180602,3.321174955,-4.49490681));
#4877=DIRECTION('',(0.,0.258819045,-0.965925826));
#4878=DIRECTION('',(-0.,0.965925826,0.258819045));
#4879=AXIS2_PLACEMENT_3D('',#4876,#4877,#4878);
#4880=CYLINDRICAL_SURFACE('',#4879,0.75);
#4881=CARTESIAN_POINT('',(-81.658180602,4.045619325,-4.300792526));
#4882=VERTEX_POINT('',#4881);
#4883=CARTESIAN_POINT('',(-81.658180602,6.633809776,-13.960050789));
#4884=DIRECTION('',(-0.,-0.258819045,0.965925826));
#4885=VECTOR('',#4884,10.);
#4886=LINE('',#4883,#4885);
#4887=EDGE_CURVE('',#4831,#4882,#4886,.T.);
#4888=ORIENTED_EDGE('',*,*,#4887,.F.);
#4889=ORIENTED_EDGE('',*,*,#4837,.T.);
#4890=ORIENTED_EDGE('',*,*,#4887,.T.);
#4891=CARTESIAN_POINT('',(-81.658180602,3.321174955,-4.49490681));
#4892=DIRECTION('',(0.,0.258819045,-0.965925826));
#4893=DIRECTION('',(-0.,0.965925826,0.258819045));
#4894=AXIS2_PLACEMENT_3D('',#4891,#4892,#4893);
#4895=CIRCLE('',#4894,0.75);
#4896=EDGE_CURVE('',#4882,#4882,#4895,.T.);
#4897=ORIENTED_EDGE('',*,*,#4896,.F.);
#4898=EDGE_LOOP('',(#4888,#4889,#4890,#4897));
#4899=FACE_BOUND('',#4898,.T.);
#4900=ADVANCED_FACE('',(#4899),#4880,.F.);
#4901=CARTESIAN_POINT('',(-88.808180602,9.889470574,-2.734937304));
#4902=DIRECTION('',(0.,0.258819045,-0.965925826));
#4903=DIRECTION('',(1.,-0.,0.));
#4904=AXIS2_PLACEMENT_3D('',#4901,#4902,#4903);
#4905=PLANE('',#4904);
#4906=ORIENTED_EDGE('',*,*,#4896,.T.);
#4907=EDGE_LOOP('',(#4906));
#4908=FACE_BOUND('',#4907,.T.);
#4909=ADVANCED_FACE('',(#4908),#4905,.T.);
#4910=CARTESIAN_POINT('',(-38.260257394,-6.927083039,12.115374205));
#4911=DIRECTION('',(-0.,-0.258819045,0.965925826));
#4912=DIRECTION('',(0.,-0.965925826,-0.258819045));
#4913=AXIS2_PLACEMENT_3D('',#4910,#4911,#4912);
#4914=PLANE('',#4913);
#4915=ORIENTED_EDGE('',*,*,#4707,.T.);
#4916=CARTESIAN_POINT('',(-43.712334186,-6.927083039,12.115374205));
#4917=DIRECTION('',(-0.,-0.965925826,-0.258819045));
#4918=VECTOR('',#4917,0.4);
#4919=LINE('',#4916,#4918);
#4920=EDGE_CURVE('',#3297,#4696,#4919,.T.);
#4921=ORIENTED_EDGE('',*,*,#4920,.F.);
#4922=ORIENTED_EDGE('',*,*,#3342,.F.);
#4923=ORIENTED_EDGE('',*,*,#3488,.T.);
#4924=EDGE_LOOP('',(#4915,#4921,#4922,#4923));
#4925=FACE_BOUND('',#4924,.T.);
#4926=ADVANCED_FACE('',(#4925),#4914,.F.);
#4927=CARTESIAN_POINT('',(-43.712334186,-5.679686354,7.460026401));
#4928=DIRECTION('',(-1.,0.,-0.));
#4929=DIRECTION('',(-0.,0.,1.));
#4930=AXIS2_PLACEMENT_3D('',#4927,#4928,#4929);
#4931=PLANE('',#4930);
#4932=ORIENTED_EDGE('',*,*,#4745,.F.);
#4933=ORIENTED_EDGE('',*,*,#3304,.F.);
#4934=ORIENTED_EDGE('',*,*,#4920,.T.);
#4935=ORIENTED_EDGE('',*,*,#4701,.T.);
#4936=EDGE_LOOP('',(#4932,#4933,#4934,#4935));
#4937=FACE_BOUND('',#4936,.T.);
#4938=ADVANCED_FACE('',(#4937),#4931,.F.);
#4939=CARTESIAN_POINT('',(-34.058180602,6.427003497,-16.086016726));
#4940=DIRECTION('',(-0.,-0.258819045,0.965925826));
#4941=DIRECTION('',(0.,-0.965925826,-0.258819045));
#4942=AXIS2_PLACEMENT_3D('',#4939,#4940,#4941);
#4943=CYLINDRICAL_SURFACE('',#4942,0.75);
#4944=CARTESIAN_POINT('',(-34.058180602,5.650795318,-16.086945844));
#4945=VERTEX_POINT('',#4944);
#4946=CARTESIAN_POINT('',(-34.058180602,5.184921037,-14.348279357));
#4947=DIRECTION('',(0.,0.258819045,-0.965925826));
#4948=VECTOR('',#4947,1.8);
#4949=LINE('',#4946,#4948);
#4950=EDGE_CURVE('',#3127,#4945,#4949,.T.);
#4951=ORIENTED_EDGE('',*,*,#4950,.T.);
#4952=CARTESIAN_POINT('',(-34.058180602,7.099684057,-15.698717277));
#4953=VERTEX_POINT('',#4952);
#4954=CARTESIAN_POINT('',(-34.058180602,6.375239688,-15.89283156));
#4955=DIRECTION('',(-0.,-0.258819045,0.965925826));
#4956=DIRECTION('',(-0.,0.965925826,0.258819045));
#4957=AXIS2_PLACEMENT_3D('',#4954,#4955,#4956);
#4958=CIRCLE('',#4957,0.75);
#4959=EDGE_CURVE('',#4945,#4953,#4958,.T.);
#4960=ORIENTED_EDGE('',*,*,#4959,.T.);
#4961=CARTESIAN_POINT('',(-34.058180602,6.375239688,-15.89283156));
#4962=DIRECTION('',(-0.,-0.258819045,0.965925826));
#4963=DIRECTION('',(-0.,0.965925826,0.258819045));
#4964=AXIS2_PLACEMENT_3D('',#4961,#4962,#4963);
#4965=CIRCLE('',#4964,0.75);
#4966=EDGE_CURVE('',#4953,#4945,#4965,.T.);
#4967=ORIENTED_EDGE('',*,*,#4966,.T.);
#4968=ORIENTED_EDGE('',*,*,#4950,.F.);
#4969=ORIENTED_EDGE('',*,*,#3135,.T.);
#4970=ORIENTED_EDGE('',*,*,#3142,.T.);
#4971=EDGE_LOOP('',(#4951,#4960,#4967,#4968,#4969,#4970));
#4972=FACE_BOUND('',#4971,.T.);
#4973=ADVANCED_FACE('',(#4972),#4943,.T.);
#4974=CARTESIAN_POINT('',(-88.808180602,12.995299115,-14.326047219));
#4975=DIRECTION('',(0.,0.258819045,-0.965925826));
#4976=DIRECTION('',(-0.,0.965925826,0.258819045));
#4977=AXIS2_PLACEMENT_3D('',#4974,#4975,#4976);
#4978=PLANE('',#4977);
#4979=CARTESIAN_POINT('',(-34.058180602,6.958262701,-15.943666251));
#4980=VERTEX_POINT('',#4979);
#4981=CARTESIAN_POINT('',(-34.058180602,6.427003497,-16.086016726));
#4982=DIRECTION('',(0.,0.258819045,-0.965925826));
#4983=DIRECTION('',(-0.,0.965925826,0.258819045));
#4984=AXIS2_PLACEMENT_3D('',#4981,#4982,#4983);
#4985=CIRCLE('',#4984,0.55);
#4986=EDGE_CURVE('',#4980,#4980,#4985,.T.);
#4987=ORIENTED_EDGE('',*,*,#4986,.T.);
#4988=EDGE_LOOP('',(#4987));
#4989=FACE_BOUND('',#4988,.T.);
#4990=ADVANCED_FACE('',(#4989),#4978,.T.);
#4991=CARTESIAN_POINT('',(-34.058180602,6.375239688,-15.89283156));
#4992=DIRECTION('',(0.,0.258819045,-0.965925826));
#4993=DIRECTION('',(-0.,0.965925826,0.258819045));
#4994=AXIS2_PLACEMENT_3D('',#4991,#4992,#4993);
#4995=TOROIDAL_SURFACE('',#4994,0.55,0.2);
#4996=CARTESIAN_POINT('',(-34.058180602,6.906498892,-15.750481086));
#4997=DIRECTION('',(1.,-0.,0.));
#4998=DIRECTION('',(-0.,0.965925826,0.258819045));
#4999=AXIS2_PLACEMENT_3D('',#4996,#4997,#4998);
#5000=CIRCLE('',#4999,0.2);
#5001=EDGE_CURVE('',#4980,#4953,#5000,.T.);
#5002=ORIENTED_EDGE('',*,*,#5001,.T.);
#5003=ORIENTED_EDGE('',*,*,#4959,.F.);
#5004=ORIENTED_EDGE('',*,*,#4966,.F.);
#5005=ORIENTED_EDGE('',*,*,#5001,.F.);
#5006=ORIENTED_EDGE('',*,*,#4986,.F.);
#5007=EDGE_LOOP('',(#5002,#5003,#5004,#5005,#5006));
#5008=FACE_BOUND('',#5007,.T.);
#5009=ADVANCED_FACE('',(#5008),#4995,.T.);
#5010=CARTESIAN_POINT('',(-85.958180602,6.427003497,-16.086016726));
#5011=DIRECTION('',(-0.,-0.258819045,0.965925826));
#5012=DIRECTION('',(0.,-0.965925826,-0.258819045));
#5013=AXIS2_PLACEMENT_3D('',#5010,#5011,#5012);
#5014=CYLINDRICAL_SURFACE('',#5013,0.75);
#5015=CARTESIAN_POINT('',(-85.958180602,5.650795318,-16.086945844));
#5016=VERTEX_POINT('',#5015);
#5017=CARTESIAN_POINT('',(-85.958180602,5.184921037,-14.348279357));
#5018=DIRECTION('',(0.,0.258819045,-0.965925826));
#5019=VECTOR('',#5018,1.8);
#5020=LINE('',#5017,#5019);
#5021=EDGE_CURVE('',#4811,#5016,#5020,.T.);
#5022=ORIENTED_EDGE('',*,*,#5021,.T.);
#5023=CARTESIAN_POINT('',(-85.958180602,7.099684057,-15.698717277));
#5024=VERTEX_POINT('',#5023);
#5025=CARTESIAN_POINT('',(-85.958180602,6.375239688,-15.89283156));
#5026=DIRECTION('',(-0.,-0.258819045,0.965925826));
#5027=DIRECTION('',(-0.,0.965925826,0.258819045));
#5028=AXIS2_PLACEMENT_3D('',#5025,#5026,#5027);
#5029=CIRCLE('',#5028,0.75);
#5030=EDGE_CURVE('',#5016,#5024,#5029,.T.);
#5031=ORIENTED_EDGE('',*,*,#5030,.T.);
#5032=CARTESIAN_POINT('',(-85.958180602,6.375239688,-15.89283156));
#5033=DIRECTION('',(-0.,-0.258819045,0.965925826));
#5034=DIRECTION('',(-0.,0.965925826,0.258819045));
#5035=AXIS2_PLACEMENT_3D('',#5032,#5033,#5034);
#5036=CIRCLE('',#5035,0.75);
#5037=EDGE_CURVE('',#5024,#5016,#5036,.T.);
#5038=ORIENTED_EDGE('',*,*,#5037,.T.);
#5039=ORIENTED_EDGE('',*,*,#5021,.F.);
#5040=ORIENTED_EDGE('',*,*,#4819,.T.);
#5041=ORIENTED_EDGE('',*,*,#4826,.T.);
#5042=EDGE_LOOP('',(#5022,#5031,#5038,#5039,#5040,#5041));
#5043=FACE_BOUND('',#5042,.T.);
#5044=ADVANCED_FACE('',(#5043),#5014,.T.);
#5045=CARTESIAN_POINT('',(-88.808180602,12.995299115,-14.326047219));
#5046=DIRECTION('',(0.,0.258819045,-0.965925826));
#5047=DIRECTION('',(-0.,0.965925826,0.258819045));
#5048=AXIS2_PLACEMENT_3D('',#5045,#5046,#5047);
#5049=PLANE('',#5048);
#5050=CARTESIAN_POINT('',(-85.958180602,6.958262701,-15.943666251));
#5051=VERTEX_POINT('',#5050);
#5052=CARTESIAN_POINT('',(-85.958180602,6.427003497,-16.086016726));
#5053=DIRECTION('',(0.,0.258819045,-0.965925826));
#5054=DIRECTION('',(-0.,0.965925826,0.258819045));
#5055=AXIS2_PLACEMENT_3D('',#5052,#5053,#5054);
#5056=CIRCLE('',#5055,0.55);
#5057=EDGE_CURVE('',#5051,#5051,#5056,.T.);
#5058=ORIENTED_EDGE('',*,*,#5057,.T.);
#5059=EDGE_LOOP('',(#5058));
#5060=FACE_BOUND('',#5059,.T.);
#5061=ADVANCED_FACE('',(#5060),#5049,.T.);
#5062=CARTESIAN_POINT('',(-85.958180602,6.375239688,-15.89283156));
#5063=DIRECTION('',(0.,0.258819045,-0.965925826));
#5064=DIRECTION('',(-0.,0.965925826,0.258819045));
#5065=AXIS2_PLACEMENT_3D('',#5062,#5063,#5064);
#5066=TOROIDAL_SURFACE('',#5065,0.55,0.2);
#5067=CARTESIAN_POINT('',(-85.958180602,6.906498892,-15.750481086));
#5068=DIRECTION('',(1.,-0.,0.));
#5069=DIRECTION('',(-0.,0.965925826,0.258819045));
#5070=AXIS2_PLACEMENT_3D('',#5067,#5068,#5069);
#5071=CIRCLE('',#5070,0.2);
#5072=EDGE_CURVE('',#5051,#5024,#5071,.T.);
#5073=ORIENTED_EDGE('',*,*,#5072,.T.);
#5074=ORIENTED_EDGE('',*,*,#5030,.F.);
#5075=ORIENTED_EDGE('',*,*,#5037,.F.);
#5076=ORIENTED_EDGE('',*,*,#5072,.F.);
#5077=ORIENTED_EDGE('',*,*,#5057,.F.);
#5078=EDGE_LOOP('',(#5073,#5074,#5075,#5076,#5077));
#5079=FACE_BOUND('',#5078,.T.);
#5080=ADVANCED_FACE('',(#5079),#5066,.T.);
#5081=CARTESIAN_POINT('',(-60.008180602,0.100189334,-17.781281471));
#5082=DIRECTION('',(-0.,-0.258819045,0.965925826));
#5083=DIRECTION('',(0.,-0.965925826,-0.258819045));
#5084=AXIS2_PLACEMENT_3D('',#5081,#5082,#5083);
#5085=CYLINDRICAL_SURFACE('',#5084,0.75);
#5086=CARTESIAN_POINT('',(-60.008180602,-0.934837889,-16.816284763));
#5087=VERTEX_POINT('',#5086);
#5088=CARTESIAN_POINT('',(-60.008180602,-1.141893126,-16.043544102));
#5089=DIRECTION('',(0.,0.258819045,-0.965925826));
#5090=VECTOR('',#5089,0.8);
#5091=LINE('',#5088,#5090);
#5092=EDGE_CURVE('',#4791,#5087,#5091,.T.);
#5093=ORIENTED_EDGE('',*,*,#5092,.T.);
#5094=CARTESIAN_POINT('',(-60.008180602,0.51405085,-16.428056196));
#5095=VERTEX_POINT('',#5094);
#5096=CARTESIAN_POINT('',(-60.008180602,-0.21039352,-16.62217048));
#5097=DIRECTION('',(-0.,-0.258819045,0.965925826));
#5098=DIRECTION('',(-0.,0.965925826,0.258819045));
#5099=AXIS2_PLACEMENT_3D('',#5096,#5097,#5098);
#5100=CIRCLE('',#5099,0.75);
#5101=EDGE_CURVE('',#5087,#5095,#5100,.T.);
#5102=ORIENTED_EDGE('',*,*,#5101,.T.);
#5103=CARTESIAN_POINT('',(-60.008180602,-0.21039352,-16.62217048));
#5104=DIRECTION('',(-0.,-0.258819045,0.965925826));
#5105=DIRECTION('',(-0.,0.965925826,0.258819045));
#5106=AXIS2_PLACEMENT_3D('',#5103,#5104,#5105);
#5107=CIRCLE('',#5106,0.75);
#5108=EDGE_CURVE('',#5095,#5087,#5107,.T.);
#5109=ORIENTED_EDGE('',*,*,#5108,.T.);
#5110=ORIENTED_EDGE('',*,*,#5092,.F.);
#5111=ORIENTED_EDGE('',*,*,#4799,.T.);
#5112=ORIENTED_EDGE('',*,*,#4806,.T.);
#5113=EDGE_LOOP('',(#5093,#5102,#5109,#5110,#5111,#5112));
#5114=FACE_BOUND('',#5113,.T.);
#5115=ADVANCED_FACE('',(#5114),#5085,.T.);
#5116=CARTESIAN_POINT('',(-88.808180602,12.73648007,-13.360121393));
#5117=DIRECTION('',(0.,0.258819045,-0.965925826));
#5118=DIRECTION('',(0.,-0.965925826,-0.258819045));
#5119=AXIS2_PLACEMENT_3D('',#5116,#5117,#5118);
#5120=PLANE('',#5119);
#5121=CARTESIAN_POINT('',(-60.008180602,0.372629494,-16.67300517));
#5122=VERTEX_POINT('',#5121);
#5123=CARTESIAN_POINT('',(-60.008180602,-0.158629711,-16.815355645));
#5124=DIRECTION('',(0.,0.258819045,-0.965925826));
#5125=DIRECTION('',(-0.,0.965925826,0.258819045));
#5126=AXIS2_PLACEMENT_3D('',#5123,#5124,#5125);
#5127=CIRCLE('',#5126,0.55);
#5128=EDGE_CURVE('',#5122,#5122,#5127,.T.);
#5129=ORIENTED_EDGE('',*,*,#5128,.T.);
#5130=EDGE_LOOP('',(#5129));
#5131=FACE_BOUND('',#5130,.T.);
#5132=ADVANCED_FACE('',(#5131),#5120,.T.);
#5133=CARTESIAN_POINT('',(-37.808180602,-0.092995831,-17.83304528));
#5134=DIRECTION('',(1.,-0.,0.));
#5135=DIRECTION('',(0.,0.,-1.));
#5136=AXIS2_PLACEMENT_3D('',#5133,#5134,#5135);
#5137=PLANE('',#5136);
#5138=CARTESIAN_POINT('',(-37.808180602,-0.645060142,-16.73863905));
#5139=VERTEX_POINT('',#5138);
#5140=CARTESIAN_POINT('',(-37.808180602,-0.852115378,-15.965898389));
#5141=DIRECTION('',(0.,0.258819045,-0.965925826));
#5142=VECTOR('',#5141,0.8);
#5143=LINE('',#5140,#5142);
#5144=EDGE_CURVE('',#3225,#5139,#5143,.T.);
#5145=ORIENTED_EDGE('',*,*,#5144,.T.);
#5146=CARTESIAN_POINT('',(-37.808180602,-0.162097228,-16.609229527));
#5147=VERTEX_POINT('',#5146);
#5148=CARTESIAN_POINT('',(-37.808180602,-0.645060142,-16.73863905));
#5149=DIRECTION('',(-0.,0.965925826,0.258819045));
#5150=VECTOR('',#5149,0.5);
#5151=LINE('',#5148,#5150);
#5152=EDGE_CURVE('',#5139,#5147,#5151,.T.);
#5153=ORIENTED_EDGE('',*,*,#5152,.T.);
#5154=CARTESIAN_POINT('',(-37.808180602,-0.162097228,-16.609229527));
#5155=DIRECTION('',(-0.,-0.258819045,0.965925826));
#5156=VECTOR('',#5155,0.8);
#5157=LINE('',#5154,#5156);
#5158=EDGE_CURVE('',#5147,#3234,#5157,.T.);
#5159=ORIENTED_EDGE('',*,*,#5158,.T.);
#5160=ORIENTED_EDGE('',*,*,#3239,.F.);
#5161=EDGE_LOOP('',(#5145,#5153,#5159,#5160));
#5162=FACE_BOUND('',#5161,.T.);
#5163=ADVANCED_FACE('',(#5162),#5137,.T.);
#5164=CARTESIAN_POINT('',(-42.808180602,-0.092995831,-17.83304528));
#5165=DIRECTION('',(1.,-0.,0.));
#5166=DIRECTION('',(0.,0.,-1.));
#5167=AXIS2_PLACEMENT_3D('',#5164,#5165,#5166);
#5168=PLANE('',#5167);
#5169=CARTESIAN_POINT('',(-42.808180602,-0.162097228,-16.609229527));
#5170=VERTEX_POINT('',#5169);
#5171=CARTESIAN_POINT('',(-42.808180602,-0.369152464,-15.836488866));
#5172=DIRECTION('',(0.,0.258819045,-0.965925826));
#5173=VECTOR('',#5172,0.8);
#5174=LINE('',#5171,#5173);
#5175=EDGE_CURVE('',#4749,#5170,#5174,.T.);
#5176=ORIENTED_EDGE('',*,*,#5175,.T.);
#5177=CARTESIAN_POINT('',(-42.808180602,-0.645060142,-16.73863905));
#5178=VERTEX_POINT('',#5177);
#5179=CARTESIAN_POINT('',(-42.808180602,-0.162097228,-16.609229527));
#5180=DIRECTION('',(0.,-0.965925826,-0.258819045));
#5181=VECTOR('',#5180,0.5);
#5182=LINE('',#5179,#5181);
#5183=EDGE_CURVE('',#5170,#5178,#5182,.T.);
#5184=ORIENTED_EDGE('',*,*,#5183,.T.);
#5185=CARTESIAN_POINT('',(-42.808180602,-0.645060142,-16.73863905));
#5186=DIRECTION('',(-0.,-0.258819045,0.965925826));
#5187=VECTOR('',#5186,0.8);
#5188=LINE('',#5185,#5187);
#5189=EDGE_CURVE('',#5178,#4758,#5188,.T.);
#5190=ORIENTED_EDGE('',*,*,#5189,.T.);
#5191=ORIENTED_EDGE('',*,*,#4763,.T.);
#5192=EDGE_LOOP('',(#5176,#5184,#5190,#5191));
#5193=FACE_BOUND('',#5192,.T.);
#5194=ADVANCED_FACE('',(#5193),#5168,.F.);
#5195=CARTESIAN_POINT('',(-60.,4.115112757,-15.670209802));
#5196=DIRECTION('',(0.,0.258819045,-0.965925826));
#5197=DIRECTION('',(1.,-0.,0.));
#5198=AXIS2_PLACEMENT_3D('',#5195,#5196,#5197);
#5199=PLANE('',#5198);
#5200=CARTESIAN_POINT('',(-42.608180602,-0.110333419,-16.802414693));
#5201=VERTEX_POINT('',#5200);
#5202=CARTESIAN_POINT('',(-42.308180602,0.179444329,-16.724768979));
#5203=VERTEX_POINT('',#5202);
#5204=CARTESIAN_POINT('',(-42.308180602,-0.110333419,-16.802414693));
#5205=DIRECTION('',(0.,0.258819045,-0.965925826));
#5206=DIRECTION('',(0.,0.965925826,0.258819045));
#5207=AXIS2_PLACEMENT_3D('',#5204,#5205,#5206);
#5208=CIRCLE('',#5207,0.3);
#5209=EDGE_CURVE('',#5201,#5203,#5208,.T.);
#5210=ORIENTED_EDGE('',*,*,#5209,.T.);
#5211=CARTESIAN_POINT('',(-38.308180602,0.179444329,-16.724768979));
#5212=VERTEX_POINT('',#5211);
#5213=CARTESIAN_POINT('',(-42.308180602,0.179444329,-16.724768979));
#5214=DIRECTION('',(1.,-0.,0.));
#5215=VECTOR('',#5214,4.);
#5216=LINE('',#5213,#5215);
#5217=EDGE_CURVE('',#5203,#5212,#5216,.T.);
#5218=ORIENTED_EDGE('',*,*,#5217,.T.);
#5219=CARTESIAN_POINT('',(-38.008180602,-0.110333419,-16.802414693));
#5220=VERTEX_POINT('',#5219);
#5221=CARTESIAN_POINT('',(-38.308180602,-0.110333419,-16.802414693));
#5222=DIRECTION('',(0.,0.258819045,-0.965925826));
#5223=DIRECTION('',(0.,0.965925826,0.258819045));
#5224=AXIS2_PLACEMENT_3D('',#5221,#5222,#5223);
#5225=CIRCLE('',#5224,0.3);
#5226=EDGE_CURVE('',#5212,#5220,#5225,.T.);
#5227=ORIENTED_EDGE('',*,*,#5226,.T.);
#5228=CARTESIAN_POINT('',(-38.008180602,-0.593296333,-16.931824215));
#5229=VERTEX_POINT('',#5228);
#5230=CARTESIAN_POINT('',(-38.008180602,-0.110333419,-16.802414693));
#5231=DIRECTION('',(0.,-0.965925826,-0.258819045));
#5232=VECTOR('',#5231,0.5);
#5233=LINE('',#5230,#5232);
#5234=EDGE_CURVE('',#5220,#5229,#5233,.T.);
#5235=ORIENTED_EDGE('',*,*,#5234,.T.);
#5236=CARTESIAN_POINT('',(-38.308180602,-0.88307408,-17.009469929));
#5237=VERTEX_POINT('',#5236);
#5238=CARTESIAN_POINT('',(-38.308180602,-0.593296333,-16.931824215));
#5239=DIRECTION('',(0.,0.258819045,-0.965925826));
#5240=DIRECTION('',(0.,0.965925826,0.258819045));
#5241=AXIS2_PLACEMENT_3D('',#5238,#5239,#5240);
#5242=CIRCLE('',#5241,0.3);
#5243=EDGE_CURVE('',#5229,#5237,#5242,.T.);
#5244=ORIENTED_EDGE('',*,*,#5243,.T.);
#5245=CARTESIAN_POINT('',(-42.308180602,-0.88307408,-17.009469929));
#5246=VERTEX_POINT('',#5245);
#5247=CARTESIAN_POINT('',(-38.308180602,-0.88307408,-17.009469929));
#5248=DIRECTION('',(-1.,0.,-0.));
#5249=VECTOR('',#5248,4.);
#5250=LINE('',#5247,#5249);
#5251=EDGE_CURVE('',#5237,#5246,#5250,.T.);
#5252=ORIENTED_EDGE('',*,*,#5251,.T.);
#5253=CARTESIAN_POINT('',(-42.608180602,-0.593296333,-16.931824215));
#5254=VERTEX_POINT('',#5253);
#5255=CARTESIAN_POINT('',(-42.308180602,-0.593296333,-16.931824215));
#5256=DIRECTION('',(0.,0.258819045,-0.965925826));
#5257=DIRECTION('',(0.,0.965925826,0.258819045));
#5258=AXIS2_PLACEMENT_3D('',#5255,#5256,#5257);
#5259=CIRCLE('',#5258,0.3);
#5260=EDGE_CURVE('',#5246,#5254,#5259,.T.);
#5261=ORIENTED_EDGE('',*,*,#5260,.T.);
#5262=CARTESIAN_POINT('',(-42.608180602,-0.593296333,-16.931824215));
#5263=DIRECTION('',(-0.,0.965925826,0.258819045));
#5264=VECTOR('',#5263,0.5);
#5265=LINE('',#5262,#5264);
#5266=EDGE_CURVE('',#5254,#5201,#5265,.T.);
#5267=ORIENTED_EDGE('',*,*,#5266,.T.);
#5268=EDGE_LOOP('',(#5210,#5218,#5227,#5235,#5244,#5252,#5261,#5267));
#5269=FACE_BOUND('',#5268,.T.);
#5270=ADVANCED_FACE('',(#5269),#5199,.T.);
#5271=CARTESIAN_POINT('',(-38.308180602,-6.766130558,6.105506742));
#5272=DIRECTION('',(-0.,-0.258819045,0.965925826));
#5273=DIRECTION('',(0.,-0.965925826,-0.258819045));
#5274=AXIS2_PLACEMENT_3D('',#5271,#5272,#5273);
#5275=CYLINDRICAL_SURFACE('',#5274,0.5);
#5276=ORIENTED_EDGE('',*,*,#4629,.F.);
#5277=CARTESIAN_POINT('',(-38.308180602,-0.645060142,-16.73863905));
#5278=DIRECTION('',(-0.,-0.258819045,0.965925826));
#5279=DIRECTION('',(0.,0.965925826,0.258819045));
#5280=AXIS2_PLACEMENT_3D('',#5277,#5278,#5279);
#5281=CIRCLE('',#5280,0.5);
#5282=EDGE_CURVE('',#4618,#5139,#5281,.T.);
#5283=ORIENTED_EDGE('',*,*,#5282,.T.);
#5284=ORIENTED_EDGE('',*,*,#5144,.F.);
#5285=ORIENTED_EDGE('',*,*,#3231,.F.);
#5286=EDGE_LOOP('',(#5276,#5283,#5284,#5285));
#5287=FACE_BOUND('',#5286,.T.);
#5288=ADVANCED_FACE('',(#5287),#5275,.T.);
#5289=CARTESIAN_POINT('',(-42.308180602,-0.334477287,-17.897750041));
#5290=DIRECTION('',(0.,0.258819045,-0.965925826));
#5291=DIRECTION('',(0.,0.965925826,0.258819045));
#5292=AXIS2_PLACEMENT_3D('',#5289,#5290,#5291);
#5293=CYLINDRICAL_SURFACE('',#5292,0.5);
#5294=ORIENTED_EDGE('',*,*,#5189,.F.);
#5295=CARTESIAN_POINT('',(-42.308180602,-0.645060142,-16.73863905));
#5296=DIRECTION('',(-0.,-0.258819045,0.965925826));
#5297=DIRECTION('',(0.,0.965925826,0.258819045));
#5298=AXIS2_PLACEMENT_3D('',#5295,#5296,#5297);
#5299=CIRCLE('',#5298,0.5);
#5300=EDGE_CURVE('',#5178,#4610,#5299,.T.);
#5301=ORIENTED_EDGE('',*,*,#5300,.T.);
#5302=ORIENTED_EDGE('',*,*,#4615,.F.);
#5303=ORIENTED_EDGE('',*,*,#4770,.F.);
#5304=EDGE_LOOP('',(#5294,#5301,#5302,#5303));
#5305=FACE_BOUND('',#5304,.T.);
#5306=ADVANCED_FACE('',(#5305),#5293,.T.);
#5307=CARTESIAN_POINT('',(-42.308180602,-6.283167645,6.234916264));
#5308=DIRECTION('',(-0.,-0.258819045,0.965925826));
#5309=DIRECTION('',(0.,-0.965925826,-0.258819045));
#5310=AXIS2_PLACEMENT_3D('',#5307,#5308,#5309);
#5311=CYLINDRICAL_SURFACE('',#5310,0.5);
#5312=ORIENTED_EDGE('',*,*,#4685,.F.);
#5313=CARTESIAN_POINT('',(-42.308180602,-0.162097228,-16.609229527));
#5314=DIRECTION('',(-0.,-0.258819045,0.965925826));
#5315=DIRECTION('',(0.,0.965925826,0.258819045));
#5316=AXIS2_PLACEMENT_3D('',#5313,#5314,#5315);
#5317=CIRCLE('',#5316,0.5);
#5318=EDGE_CURVE('',#4672,#5170,#5317,.T.);
#5319=ORIENTED_EDGE('',*,*,#5318,.T.);
#5320=ORIENTED_EDGE('',*,*,#5175,.F.);
#5321=ORIENTED_EDGE('',*,*,#4755,.F.);
#5322=EDGE_LOOP('',(#5312,#5319,#5320,#5321));
#5323=FACE_BOUND('',#5322,.T.);
#5324=ADVANCED_FACE('',(#5323),#5311,.T.);
#5325=CARTESIAN_POINT('',(-38.308180602,0.148485626,-17.768340519));
#5326=DIRECTION('',(0.,0.258819045,-0.965925826));
#5327=DIRECTION('',(0.,0.965925826,0.258819045));
#5328=AXIS2_PLACEMENT_3D('',#5325,#5326,#5327);
#5329=CYLINDRICAL_SURFACE('',#5328,0.5);
#5330=ORIENTED_EDGE('',*,*,#5158,.F.);
#5331=CARTESIAN_POINT('',(-38.308180602,-0.162097228,-16.609229527));
#5332=DIRECTION('',(-0.,-0.258819045,0.965925826));
#5333=DIRECTION('',(0.,0.965925826,0.258819045));
#5334=AXIS2_PLACEMENT_3D('',#5331,#5332,#5333);
#5335=CIRCLE('',#5334,0.5);
#5336=EDGE_CURVE('',#5147,#4664,#5335,.T.);
#5337=ORIENTED_EDGE('',*,*,#5336,.T.);
#5338=ORIENTED_EDGE('',*,*,#4669,.F.);
#5339=ORIENTED_EDGE('',*,*,#3248,.F.);
#5340=EDGE_LOOP('',(#5330,#5337,#5338,#5339));
#5341=FACE_BOUND('',#5340,.T.);
#5342=ADVANCED_FACE('',(#5341),#5329,.T.);
#5343=CARTESIAN_POINT('',(-60.008180602,-0.21039352,-16.62217048));
#5344=DIRECTION('',(0.,0.258819045,-0.965925826));
#5345=DIRECTION('',(-0.,0.965925826,0.258819045));
#5346=AXIS2_PLACEMENT_3D('',#5343,#5344,#5345);
#5347=TOROIDAL_SURFACE('',#5346,0.55,0.2);
#5348=CARTESIAN_POINT('',(-60.008180602,0.320865685,-16.479820005));
#5349=DIRECTION('',(1.,-0.,0.));
#5350=DIRECTION('',(-0.,0.965925826,0.258819045));
#5351=AXIS2_PLACEMENT_3D('',#5348,#5349,#5350);
#5352=CIRCLE('',#5351,0.2);
#5353=EDGE_CURVE('',#5122,#5095,#5352,.T.);
#5354=ORIENTED_EDGE('',*,*,#5353,.T.);
#5355=ORIENTED_EDGE('',*,*,#5101,.F.);
#5356=ORIENTED_EDGE('',*,*,#5108,.F.);
#5357=ORIENTED_EDGE('',*,*,#5353,.F.);
#5358=ORIENTED_EDGE('',*,*,#5128,.F.);
#5359=EDGE_LOOP('',(#5354,#5355,#5356,#5357,#5358));
#5360=FACE_BOUND('',#5359,.T.);
#5361=ADVANCED_FACE('',(#5360),#5347,.T.);
#5362=CARTESIAN_POINT('',(-60.,-0.934837889,-16.816284763));
#5363=DIRECTION('',(-1.,0.,-0.));
#5364=DIRECTION('',(-0.,0.,1.));
#5365=AXIS2_PLACEMENT_3D('',#5362,#5363,#5364);
#5366=CYLINDRICAL_SURFACE('',#5365,0.2);
#5367=CARTESIAN_POINT('',(-42.308180602,-0.934837889,-16.816284763));
#5368=DIRECTION('',(-1.,0.,-0.));
#5369=DIRECTION('',(-0.,0.,1.));
#5370=AXIS2_PLACEMENT_3D('',#5367,#5368,#5369);
#5371=CIRCLE('',#5370,0.2);
#5372=EDGE_CURVE('',#5246,#4610,#5371,.T.);
#5373=ORIENTED_EDGE('',*,*,#5372,.F.);
#5374=ORIENTED_EDGE('',*,*,#5251,.F.);
#5375=CARTESIAN_POINT('',(-38.308180602,-0.934837889,-16.816284763));
#5376=DIRECTION('',(1.,-0.,0.));
#5377=DIRECTION('',(0.,0.,-1.));
#5378=AXIS2_PLACEMENT_3D('',#5375,#5376,#5377);
#5379=CIRCLE('',#5378,0.2);
#5380=EDGE_CURVE('',#4618,#5237,#5379,.T.);
#5381=ORIENTED_EDGE('',*,*,#5380,.F.);
#5382=ORIENTED_EDGE('',*,*,#4623,.F.);
#5383=EDGE_LOOP('',(#5373,#5374,#5381,#5382));
#5384=FACE_BOUND('',#5383,.T.);
#5385=ADVANCED_FACE('',(#5384),#5366,.T.);
#5386=CARTESIAN_POINT('',(-38.308180602,-0.645060142,-16.73863905));
#5387=DIRECTION('',(0.,0.258819045,-0.965925826));
#5388=DIRECTION('',(0.,0.965925826,0.258819045));
#5389=AXIS2_PLACEMENT_3D('',#5386,#5387,#5388);
#5390=TOROIDAL_SURFACE('',#5389,0.3,0.2);
#5391=ORIENTED_EDGE('',*,*,#5380,.T.);
#5392=ORIENTED_EDGE('',*,*,#5243,.F.);
#5393=CARTESIAN_POINT('',(-38.008180602,-0.645060142,-16.73863905));
#5394=DIRECTION('',(-0.,0.965925826,0.258819045));
#5395=DIRECTION('',(0.,-0.258819045,0.965925826));
#5396=AXIS2_PLACEMENT_3D('',#5393,#5394,#5395);
#5397=CIRCLE('',#5396,0.2);
#5398=EDGE_CURVE('',#5139,#5229,#5397,.T.);
#5399=ORIENTED_EDGE('',*,*,#5398,.F.);
#5400=ORIENTED_EDGE('',*,*,#5282,.F.);
#5401=EDGE_LOOP('',(#5391,#5392,#5399,#5400));
#5402=FACE_BOUND('',#5401,.T.);
#5403=ADVANCED_FACE('',(#5402),#5390,.T.);
#5404=CARTESIAN_POINT('',(-42.308180602,-0.645060142,-16.73863905));
#5405=DIRECTION('',(0.,0.258819045,-0.965925826));
#5406=DIRECTION('',(0.,0.965925826,0.258819045));
#5407=AXIS2_PLACEMENT_3D('',#5404,#5405,#5406);
#5408=TOROIDAL_SURFACE('',#5407,0.3,0.2);
#5409=ORIENTED_EDGE('',*,*,#5372,.T.);
#5410=ORIENTED_EDGE('',*,*,#5300,.F.);
#5411=CARTESIAN_POINT('',(-42.608180602,-0.645060142,-16.73863905));
#5412=DIRECTION('',(-0.,0.965925826,0.258819045));
#5413=DIRECTION('',(0.,-0.258819045,0.965925826));
#5414=AXIS2_PLACEMENT_3D('',#5411,#5412,#5413);
#5415=CIRCLE('',#5414,0.2);
#5416=EDGE_CURVE('',#5254,#5178,#5415,.T.);
#5417=ORIENTED_EDGE('',*,*,#5416,.F.);
#5418=ORIENTED_EDGE('',*,*,#5260,.F.);
#5419=EDGE_LOOP('',(#5409,#5410,#5417,#5418));
#5420=FACE_BOUND('',#5419,.T.);
#5421=ADVANCED_FACE('',(#5420),#5408,.T.);
#5422=CARTESIAN_POINT('',(-38.008180602,-0.403578685,-16.673934289));
#5423=DIRECTION('',(-0.,0.965925826,0.258819045));
#5424=DIRECTION('',(0.,-0.258819045,0.965925826));
#5425=AXIS2_PLACEMENT_3D('',#5422,#5423,#5424);
#5426=CYLINDRICAL_SURFACE('',#5425,0.2);
#5427=ORIENTED_EDGE('',*,*,#5398,.T.);
#5428=ORIENTED_EDGE('',*,*,#5234,.F.);
#5429=CARTESIAN_POINT('',(-38.008180602,-0.162097228,-16.609229527));
#5430=DIRECTION('',(-0.,0.965925826,0.258819045));
#5431=DIRECTION('',(0.,-0.258819045,0.965925826));
#5432=AXIS2_PLACEMENT_3D('',#5429,#5430,#5431);
#5433=CIRCLE('',#5432,0.2);
#5434=EDGE_CURVE('',#5147,#5220,#5433,.T.);
#5435=ORIENTED_EDGE('',*,*,#5434,.F.);
#5436=ORIENTED_EDGE('',*,*,#5152,.F.);
#5437=EDGE_LOOP('',(#5427,#5428,#5435,#5436));
#5438=FACE_BOUND('',#5437,.T.);
#5439=ADVANCED_FACE('',(#5438),#5426,.T.);
#5440=CARTESIAN_POINT('',(-42.608180602,4.063348948,-15.477024637));
#5441=DIRECTION('',(0.,-0.965925826,-0.258819045));
#5442=DIRECTION('',(0.,0.258819045,-0.965925826));
#5443=AXIS2_PLACEMENT_3D('',#5440,#5441,#5442);
#5444=CYLINDRICAL_SURFACE('',#5443,0.2);
#5445=ORIENTED_EDGE('',*,*,#5416,.T.);
#5446=ORIENTED_EDGE('',*,*,#5183,.F.);
#5447=CARTESIAN_POINT('',(-42.608180602,-0.162097228,-16.609229527));
#5448=DIRECTION('',(0.,0.965925826,0.258819045));
#5449=DIRECTION('',(0.,-0.258819045,0.965925826));
#5450=AXIS2_PLACEMENT_3D('',#5447,#5448,#5449);
#5451=CIRCLE('',#5450,0.2);
#5452=EDGE_CURVE('',#5201,#5170,#5451,.T.);
#5453=ORIENTED_EDGE('',*,*,#5452,.F.);
#5454=ORIENTED_EDGE('',*,*,#5266,.F.);
#5455=EDGE_LOOP('',(#5445,#5446,#5453,#5454));
#5456=FACE_BOUND('',#5455,.T.);
#5457=ADVANCED_FACE('',(#5456),#5444,.T.);
#5458=CARTESIAN_POINT('',(-38.308180602,-0.162097228,-16.609229527));
#5459=DIRECTION('',(0.,0.258819045,-0.965925826));
#5460=DIRECTION('',(0.,0.965925826,0.258819045));
#5461=AXIS2_PLACEMENT_3D('',#5458,#5459,#5460);
#5462=TOROIDAL_SURFACE('',#5461,0.3,0.2);
#5463=ORIENTED_EDGE('',*,*,#5434,.T.);
#5464=ORIENTED_EDGE('',*,*,#5226,.F.);
#5465=CARTESIAN_POINT('',(-38.308180602,0.127680519,-16.531583814));
#5466=DIRECTION('',(-1.,0.,-0.));
#5467=DIRECTION('',(-0.,0.,1.));
#5468=AXIS2_PLACEMENT_3D('',#5465,#5466,#5467);
#5469=CIRCLE('',#5468,0.2);
#5470=EDGE_CURVE('',#4664,#5212,#5469,.T.);
#5471=ORIENTED_EDGE('',*,*,#5470,.F.);
#5472=ORIENTED_EDGE('',*,*,#5336,.F.);
#5473=EDGE_LOOP('',(#5463,#5464,#5471,#5472));
#5474=FACE_BOUND('',#5473,.T.);
#5475=ADVANCED_FACE('',(#5474),#5462,.T.);
#5476=CARTESIAN_POINT('',(-42.308180602,-0.162097228,-16.609229527));
#5477=DIRECTION('',(0.,0.258819045,-0.965925826));
#5478=DIRECTION('',(0.,0.965925826,0.258819045));
#5479=AXIS2_PLACEMENT_3D('',#5476,#5477,#5478);
#5480=TOROIDAL_SURFACE('',#5479,0.3,0.2);
#5481=ORIENTED_EDGE('',*,*,#5452,.T.);
#5482=ORIENTED_EDGE('',*,*,#5318,.F.);
#5483=CARTESIAN_POINT('',(-42.308180602,0.127680519,-16.531583814));
#5484=DIRECTION('',(1.,-0.,0.));
#5485=DIRECTION('',(0.,0.,-1.));
#5486=AXIS2_PLACEMENT_3D('',#5483,#5484,#5485);
#5487=CIRCLE('',#5486,0.2);
#5488=EDGE_CURVE('',#5203,#4672,#5487,.T.);
#5489=ORIENTED_EDGE('',*,*,#5488,.F.);
#5490=ORIENTED_EDGE('',*,*,#5209,.F.);
#5491=EDGE_LOOP('',(#5481,#5482,#5489,#5490));
#5492=FACE_BOUND('',#5491,.T.);
#5493=ADVANCED_FACE('',(#5492),#5480,.T.);
#5494=CARTESIAN_POINT('',(-60.008180602,0.127680519,-16.531583814));
#5495=DIRECTION('',(1.,-0.,0.));
#5496=DIRECTION('',(0.,0.,-1.));
#5497=AXIS2_PLACEMENT_3D('',#5494,#5495,#5496);
#5498=CYLINDRICAL_SURFACE('',#5497,0.2);
#5499=ORIENTED_EDGE('',*,*,#5470,.T.);
#5500=ORIENTED_EDGE('',*,*,#5217,.F.);
#5501=ORIENTED_EDGE('',*,*,#5488,.T.);
#5502=ORIENTED_EDGE('',*,*,#4677,.F.);
#5503=EDGE_LOOP('',(#5499,#5500,#5501,#5502));
#5504=FACE_BOUND('',#5503,.T.);
#5505=ADVANCED_FACE('',(#5504),#5498,.T.);
#5506=CARTESIAN_POINT('',(-35.808180602,-0.199261971,14.439097622));
#5507=DIRECTION('',(-0.,-0.965925826,-0.258819045));
#5508=DIRECTION('',(0.,0.258819045,-0.965925826));
#5509=AXIS2_PLACEMENT_3D('',#5506,#5507,#5508);
#5510=CYLINDRICAL_SURFACE('',#5509,3.);
#5511=ORIENTED_EDGE('',*,*,#3978,.F.);
#5512=CARTESIAN_POINT('',(-35.808180602,-7.926668581,12.368545261));
#5513=DIRECTION('',(0.,0.965925826,0.258819045));
#5514=DIRECTION('',(0.,0.258819045,-0.965925826));
#5515=AXIS2_PLACEMENT_3D('',#5512,#5513,#5514);
#5516=CIRCLE('',#5515,3.);
#5517=EDGE_CURVE('',#3965,#4101,#5516,.T.);
#5518=ORIENTED_EDGE('',*,*,#5517,.T.);
#5519=ORIENTED_EDGE('',*,*,#4106,.F.);
#5520=CARTESIAN_POINT('',(-35.808180602,-1.165187797,14.180278577));
#5521=DIRECTION('',(-0.,-0.965925826,-0.258819045));
#5522=DIRECTION('',(0.,-0.258819045,0.965925826));
#5523=AXIS2_PLACEMENT_3D('',#5520,#5521,#5522);
#5524=CIRCLE('',#5523,3.);
#5525=EDGE_CURVE('',#4099,#3973,#5524,.T.);
#5526=ORIENTED_EDGE('',*,*,#5525,.T.);
#5527=EDGE_LOOP('',(#5511,#5518,#5519,#5526));
#5528=FACE_BOUND('',#5527,.T.);
#5529=ADVANCED_FACE('',(#5528),#5510,.T.);
#5530=CARTESIAN_POINT('',(-84.208180602,-0.199261971,14.439097622));
#5531=DIRECTION('',(-0.,-0.965925826,-0.258819045));
#5532=DIRECTION('',(0.,0.258819045,-0.965925826));
#5533=AXIS2_PLACEMENT_3D('',#5530,#5531,#5532);
#5534=CYLINDRICAL_SURFACE('',#5533,3.);
#5535=ORIENTED_EDGE('',*,*,#3938,.F.);
#5536=CARTESIAN_POINT('',(-84.208180602,-7.926668581,12.368545261));
#5537=DIRECTION('',(0.,0.965925826,0.258819045));
#5538=DIRECTION('',(0.,0.258819045,-0.965925826));
#5539=AXIS2_PLACEMENT_3D('',#5536,#5537,#5538);
#5540=CIRCLE('',#5539,3.);
#5541=EDGE_CURVE('',#3925,#3957,#5540,.T.);
#5542=ORIENTED_EDGE('',*,*,#5541,.T.);
#5543=ORIENTED_EDGE('',*,*,#3962,.F.);
#5544=CARTESIAN_POINT('',(-84.208180602,-1.165187797,14.180278577));
#5545=DIRECTION('',(-0.,-0.965925826,-0.258819045));
#5546=DIRECTION('',(0.,-0.258819045,0.965925826));
#5547=AXIS2_PLACEMENT_3D('',#5544,#5545,#5546);
#5548=CIRCLE('',#5547,3.);
#5549=EDGE_CURVE('',#3955,#3933,#5548,.T.);
#5550=ORIENTED_EDGE('',*,*,#5549,.T.);
#5551=EDGE_LOOP('',(#5535,#5542,#5543,#5550));
#5552=FACE_BOUND('',#5551,.T.);
#5553=ADVANCED_FACE('',(#5552),#5534,.T.);
#5554=CARTESIAN_POINT('',(-33.808180602,1.008892181,6.066501636));
#5555=DIRECTION('',(-0.,-0.258819045,0.965925826));
#5556=DIRECTION('',(0.,-0.965925826,-0.258819045));
#5557=AXIS2_PLACEMENT_3D('',#5554,#5555,#5556);
#5558=CYLINDRICAL_SURFACE('',#5557,1.);
#5559=ORIENTED_EDGE('',*,*,#4260,.F.);
#5560=CARTESIAN_POINT('',(-33.308180602,5.468875117,-7.232316064));
#5561=CARTESIAN_POINT('',(-33.308180602,5.443872931,-7.139006637));
#5562=CARTESIAN_POINT('',(-33.319664928,5.426152874,-7.046231302));
#5563=CARTESIAN_POINT('',(-33.341997543,5.413689181,-6.954251522));
#5564=CARTESIAN_POINT('',(-33.364330158,5.401225488,-6.862271742));
#5565=CARTESIAN_POINT('',(-33.397818868,5.394074017,-6.771322143));
#5566=CARTESIAN_POINT('',(-33.440668782,5.388828163,-6.686325073));
#5567=CARTESIAN_POINT('',(-33.483518697,5.383582309,-6.601328004));
#5568=CARTESIAN_POINT('',(-33.536878689,5.3800308,-6.520066019));
#5569=CARTESIAN_POINT('',(-33.598448077,5.374262076,-6.447510701));
#5570=CARTESIAN_POINT('',(-33.660017465,5.368493351,-6.374955384));
#5571=CARTESIAN_POINT('',(-33.729616131,5.360622596,-6.310674066));
#5572=CARTESIAN_POINT('',(-33.808180602,5.346019039,-6.256172849));
#5573=B_SPLINE_CURVE_WITH_KNOTS('',3,(#5560,#5561,#5562,#5563,#5564,#5565,#5566,#5567,#5568,#5569,#5570,#5571,#5572),.UNSPECIFIED.,.F.,.F.,(4,3,3,3,4),(0.,0.000285247,0.000570494,0.000855742,0.001140989),.UNSPECIFIED.);
#5574=EDGE_CURVE('',#4249,#3829,#5573,.T.);
#5575=ORIENTED_EDGE('',*,*,#5574,.T.);
#5576=ORIENTED_EDGE('',*,*,#3834,.F.);
#5577=CARTESIAN_POINT('',(-33.808180602,-1.165187797,14.180278577));
#5578=DIRECTION('',(-0.,-0.258819045,0.965925826));
#5579=DIRECTION('',(0.,-0.965925826,-0.258819045));
#5580=AXIS2_PLACEMENT_3D('',#5577,#5578,#5579);
#5581=CIRCLE('',#5580,1.);
#5582=EDGE_CURVE('',#4099,#3820,#5581,.T.);
#5583=ORIENTED_EDGE('',*,*,#5582,.F.);
#5584=ORIENTED_EDGE('',*,*,#4119,.F.);
#5585=ORIENTED_EDGE('',*,*,#3197,.F.);
#5586=EDGE_LOOP('',(#5559,#5575,#5576,#5583,#5584,#5585));
#5587=FACE_BOUND('',#5586,.T.);
#5588=ADVANCED_FACE('',(#5587),#5558,.T.);
#5589=CARTESIAN_POINT('',(-35.808180602,-1.165187797,14.180278577));
#5590=DIRECTION('',(0.,0.965925826,0.258819045));
#5591=DIRECTION('',(0.,-0.258819045,0.965925826));
#5592=AXIS2_PLACEMENT_3D('',#5589,#5590,#5591);
#5593=TOROIDAL_SURFACE('',#5592,2.,1.);
#5594=ORIENTED_EDGE('',*,*,#5582,.T.);
#5595=ORIENTED_EDGE('',*,*,#3826,.F.);
#5596=CARTESIAN_POINT('',(-35.808180602,-1.682825888,17.11213023));
#5597=VERTEX_POINT('',#5596);
#5598=CARTESIAN_POINT('',(-35.808180602,-1.682825888,16.11213023));
#5599=DIRECTION('',(-1.,0.,-0.));
#5600=DIRECTION('',(-0.,0.,1.));
#5601=AXIS2_PLACEMENT_3D('',#5598,#5599,#5600);
#5602=CIRCLE('',#5601,1.);
#5603=EDGE_CURVE('',#5597,#3812,#5602,.T.);
#5604=ORIENTED_EDGE('',*,*,#5603,.F.);
#5605=CARTESIAN_POINT('',(-35.808180602,-1.682825888,16.11213023));
#5606=DIRECTION('',(-1.,0.,-0.));
#5607=DIRECTION('',(-0.,0.,1.));
#5608=AXIS2_PLACEMENT_3D('',#5605,#5606,#5607);
#5609=CIRCLE('',#5608,1.);
#5610=EDGE_CURVE('',#3973,#5597,#5609,.T.);
#5611=ORIENTED_EDGE('',*,*,#5610,.F.);
#5612=ORIENTED_EDGE('',*,*,#5525,.F.);
#5613=EDGE_LOOP('',(#5594,#5595,#5604,#5611,#5612));
#5614=FACE_BOUND('',#5613,.T.);
#5615=ADVANCED_FACE('',(#5614),#5593,.T.);
#5616=CARTESIAN_POINT('',(-60.008165778,-1.682825888,16.11213023));
#5617=DIRECTION('',(-1.,0.,-0.));
#5618=DIRECTION('',(-0.,0.,1.));
#5619=AXIS2_PLACEMENT_3D('',#5616,#5617,#5618);
#5620=CYLINDRICAL_SURFACE('',#5619,1.);
#5621=CARTESIAN_POINT('',(-84.208180602,-1.682825888,17.11213023));
#5622=VERTEX_POINT('',#5621);
#5623=CARTESIAN_POINT('',(-84.208180602,-1.682825888,17.11213023));
#5624=DIRECTION('',(1.,-0.,0.));
#5625=VECTOR('',#5624,48.4);
#5626=LINE('',#5623,#5625);
#5627=EDGE_CURVE('',#5622,#5597,#5626,.T.);
#5628=ORIENTED_EDGE('',*,*,#5627,.T.);
#5629=ORIENTED_EDGE('',*,*,#5603,.T.);
#5630=ORIENTED_EDGE('',*,*,#3817,.F.);
#5631=CARTESIAN_POINT('',(-84.208180602,-1.682825888,16.11213023));
#5632=DIRECTION('',(-1.,0.,-0.));
#5633=DIRECTION('',(-0.,0.,1.));
#5634=AXIS2_PLACEMENT_3D('',#5631,#5632,#5633);
#5635=CIRCLE('',#5634,1.);
#5636=EDGE_CURVE('',#5622,#3803,#5635,.T.);
#5637=ORIENTED_EDGE('',*,*,#5636,.F.);
#5638=EDGE_LOOP('',(#5628,#5629,#5630,#5637));
#5639=FACE_BOUND('',#5638,.T.);
#5640=ADVANCED_FACE('',(#5639),#5620,.T.);
#5641=CARTESIAN_POINT('',(-84.208180602,-1.165187797,14.180278577));
#5642=DIRECTION('',(0.,0.965925826,0.258819045));
#5643=DIRECTION('',(0.,-0.258819045,0.965925826));
#5644=AXIS2_PLACEMENT_3D('',#5641,#5642,#5643);
#5645=TOROIDAL_SURFACE('',#5644,2.,1.);
#5646=CARTESIAN_POINT('',(-84.208180602,-1.682825888,16.11213023));
#5647=DIRECTION('',(-1.,0.,-0.));
#5648=DIRECTION('',(-0.,0.,1.));
#5649=AXIS2_PLACEMENT_3D('',#5646,#5647,#5648);
#5650=CIRCLE('',#5649,1.);
#5651=EDGE_CURVE('',#3955,#5622,#5650,.T.);
#5652=ORIENTED_EDGE('',*,*,#5651,.T.);
#5653=ORIENTED_EDGE('',*,*,#5636,.T.);
#5654=ORIENTED_EDGE('',*,*,#3809,.F.);
#5655=CARTESIAN_POINT('',(-86.208180602,-1.165187797,14.180278577));
#5656=DIRECTION('',(0.,0.258819045,-0.965925826));
#5657=DIRECTION('',(0.,0.965925826,0.258819045));
#5658=AXIS2_PLACEMENT_3D('',#5655,#5656,#5657);
#5659=CIRCLE('',#5658,1.);
#5660=EDGE_CURVE('',#3933,#3795,#5659,.T.);
#5661=ORIENTED_EDGE('',*,*,#5660,.F.);
#5662=ORIENTED_EDGE('',*,*,#5549,.F.);
#5663=EDGE_LOOP('',(#5652,#5653,#5654,#5661,#5662));
#5664=FACE_BOUND('',#5663,.T.);
#5665=ADVANCED_FACE('',(#5664),#5645,.T.);
#5666=CARTESIAN_POINT('',(-86.208180602,4.942941667,-8.615570923));
#5667=DIRECTION('',(0.,0.258819045,-0.965925826));
#5668=DIRECTION('',(0.,0.965925826,0.258819045));
#5669=AXIS2_PLACEMENT_3D('',#5666,#5667,#5668);
#5670=CYLINDRICAL_SURFACE('',#5669,1.);
#5671=ORIENTED_EDGE('',*,*,#5660,.T.);
#5672=ORIENTED_EDGE('',*,*,#3800,.F.);
#5673=CARTESIAN_POINT('',(-86.208180602,5.346019039,-6.256172849));
#5674=CARTESIAN_POINT('',(-86.28672989,5.360619774,-6.310663534));
#5675=CARTESIAN_POINT('',(-86.35639619,5.368500628,-6.374989201));
#5676=CARTESIAN_POINT('',(-86.418056524,5.374275508,-6.447679717));
#5677=CARTESIAN_POINT('',(-86.479716858,5.380050387,-6.520370233));
#5678=CARTESIAN_POINT('',(-86.53296849,5.383592494,-6.601534222));
#5679=CARTESIAN_POINT('',(-86.575808985,5.388842436,-6.686556344));
#5680=CARTESIAN_POINT('',(-86.61864948,5.394092378,-6.771578465));
#5681=CARTESIAN_POINT('',(-86.652153084,5.401273008,-6.862691657));
#5682=CARTESIAN_POINT('',(-86.674423113,5.413722384,-6.954496489));
#5683=CARTESIAN_POINT('',(-86.696693142,5.42617176,-7.04630132));
#5684=CARTESIAN_POINT('',(-86.708180602,5.443868341,-7.138989507));
#5685=CARTESIAN_POINT('',(-86.708180602,5.468875117,-7.232316064));
#5686=B_SPLINE_CURVE_WITH_KNOTS('',3,(#5673,#5674,#5675,#5676,#5677,#5678,#5679,#5680,#5681,#5682,#5683,#5684,#5685),.UNSPECIFIED.,.F.,.F.,(4,3,3,3,4),(0.,0.000285277,0.000570555,0.000855832,0.001141109),.UNSPECIFIED.);
#5687=EDGE_CURVE('',#3786,#3683,#5686,.T.);
#5688=ORIENTED_EDGE('',*,*,#5687,.T.);
#5689=ORIENTED_EDGE('',*,*,#3712,.F.);
#5690=ORIENTED_EDGE('',*,*,#4786,.F.);
#5691=ORIENTED_EDGE('',*,*,#3944,.F.);
#5692=EDGE_LOOP('',(#5671,#5672,#5688,#5689,#5690,#5691));
#5693=FACE_BOUND('',#5692,.T.);
#5694=ADVANCED_FACE('',(#5693),#5670,.T.);
#5695=CARTESIAN_POINT('',(-33.808180602,-6.283167645,6.234916264));
#5696=DIRECTION('',(-0.,-0.258819045,0.965925826));
#5697=DIRECTION('',(0.,-0.965925826,-0.258819045));
#5698=AXIS2_PLACEMENT_3D('',#5695,#5696,#5697);
#5699=CYLINDRICAL_SURFACE('',#5698,1.);
#5700=ORIENTED_EDGE('',*,*,#3214,.F.);
#5701=ORIENTED_EDGE('',*,*,#4112,.F.);
#5702=CARTESIAN_POINT('',(-33.808180602,-7.926668581,12.368545261));
#5703=DIRECTION('',(-0.,-0.258819045,0.965925826));
#5704=DIRECTION('',(0.,-0.965925826,-0.258819045));
#5705=AXIS2_PLACEMENT_3D('',#5702,#5703,#5704);
#5706=CIRCLE('',#5705,1.);
#5707=EDGE_CURVE('',#4633,#4101,#5706,.T.);
#5708=ORIENTED_EDGE('',*,*,#5707,.F.);
#5709=ORIENTED_EDGE('',*,*,#4638,.F.);
#5710=EDGE_LOOP('',(#5700,#5701,#5708,#5709));
#5711=FACE_BOUND('',#5710,.T.);
#5712=ADVANCED_FACE('',(#5711),#5699,.T.);
#5713=CARTESIAN_POINT('',(-35.808180602,-7.926668581,12.368545261));
#5714=DIRECTION('',(-0.,-0.965925826,-0.258819045));
#5715=DIRECTION('',(0.,0.258819045,-0.965925826));
#5716=AXIS2_PLACEMENT_3D('',#5713,#5714,#5715);
#5717=TOROIDAL_SURFACE('',#5716,2.,1.);
#5718=ORIENTED_EDGE('',*,*,#5707,.T.);
#5719=ORIENTED_EDGE('',*,*,#5517,.F.);
#5720=CARTESIAN_POINT('',(-35.808180602,-8.444306672,14.300396914));
#5721=DIRECTION('',(-1.,0.,-0.));
#5722=DIRECTION('',(-0.,0.,1.));
#5723=AXIS2_PLACEMENT_3D('',#5720,#5721,#5722);
#5724=CIRCLE('',#5723,1.);
#5725=EDGE_CURVE('',#4641,#3965,#5724,.T.);
#5726=ORIENTED_EDGE('',*,*,#5725,.F.);
#5727=ORIENTED_EDGE('',*,*,#4647,.F.);
#5728=EDGE_LOOP('',(#5718,#5719,#5726,#5727));
#5729=FACE_BOUND('',#5728,.T.);
#5730=ADVANCED_FACE('',(#5729),#5717,.T.);
#5731=CARTESIAN_POINT('',(-60.008180602,-8.444306672,14.300396914));
#5732=DIRECTION('',(-1.,0.,-0.));
#5733=DIRECTION('',(-0.,0.,1.));
#5734=AXIS2_PLACEMENT_3D('',#5731,#5732,#5733);
#5735=CYLINDRICAL_SURFACE('',#5734,1.);
#5736=ORIENTED_EDGE('',*,*,#5725,.T.);
#5737=ORIENTED_EDGE('',*,*,#3970,.F.);
#5738=CARTESIAN_POINT('',(-84.208180602,-8.444306672,14.300396914));
#5739=DIRECTION('',(-1.,0.,-0.));
#5740=DIRECTION('',(-0.,0.,1.));
#5741=AXIS2_PLACEMENT_3D('',#5738,#5739,#5740);
#5742=CIRCLE('',#5741,1.);
#5743=EDGE_CURVE('',#4583,#3957,#5742,.T.);
#5744=ORIENTED_EDGE('',*,*,#5743,.F.);
#5745=ORIENTED_EDGE('',*,*,#4653,.F.);
#5746=EDGE_LOOP('',(#5736,#5737,#5744,#5745));
#5747=FACE_BOUND('',#5746,.T.);
#5748=ADVANCED_FACE('',(#5747),#5735,.T.);
#5749=CARTESIAN_POINT('',(-84.208180602,-7.926668581,12.368545261));
#5750=DIRECTION('',(-0.,-0.965925826,-0.258819045));
#5751=DIRECTION('',(0.,0.258819045,-0.965925826));
#5752=AXIS2_PLACEMENT_3D('',#5749,#5750,#5751);
#5753=TOROIDAL_SURFACE('',#5752,2.,1.);
#5754=ORIENTED_EDGE('',*,*,#5743,.T.);
#5755=ORIENTED_EDGE('',*,*,#5541,.F.);
#5756=CARTESIAN_POINT('',(-86.208180602,-7.926668581,12.368545261));
#5757=DIRECTION('',(0.,0.258819045,-0.965925826));
#5758=DIRECTION('',(0.,0.965925826,0.258819045));
#5759=AXIS2_PLACEMENT_3D('',#5756,#5757,#5758);
#5760=CIRCLE('',#5759,1.);
#5761=EDGE_CURVE('',#4585,#3925,#5760,.T.);
#5762=ORIENTED_EDGE('',*,*,#5761,.F.);
#5763=ORIENTED_EDGE('',*,*,#4591,.F.);
#5764=EDGE_LOOP('',(#5754,#5755,#5762,#5763));
#5765=FACE_BOUND('',#5764,.T.);
#5766=ADVANCED_FACE('',(#5765),#5753,.T.);
#5767=CARTESIAN_POINT('',(-86.208180602,-6.283167645,6.234916264));
#5768=DIRECTION('',(0.,0.258819045,-0.965925826));
#5769=DIRECTION('',(0.,0.965925826,0.258819045));
#5770=AXIS2_PLACEMENT_3D('',#5767,#5768,#5769);
#5771=CYLINDRICAL_SURFACE('',#5770,1.);
#5772=ORIENTED_EDGE('',*,*,#5761,.T.);
#5773=ORIENTED_EDGE('',*,*,#3930,.F.);
#5774=ORIENTED_EDGE('',*,*,#4778,.F.);
#5775=ORIENTED_EDGE('',*,*,#4599,.F.);
#5776=EDGE_LOOP('',(#5772,#5773,#5774,#5775));
#5777=FACE_BOUND('',#5776,.T.);
#5778=ADVANCED_FACE('',(#5777),#5771,.T.);
#5779=CARTESIAN_POINT('',(-34.508180602,7.723321457,-6.628238987));
#5780=DIRECTION('',(-0.,-0.965925826,-0.258819045));
#5781=DIRECTION('',(0.,0.258819045,-0.965925826));
#5782=AXIS2_PLACEMENT_3D('',#5779,#5780,#5781);
#5783=CYLINDRICAL_SURFACE('',#5782,1.2);
#5784=CARTESIAN_POINT('',(-34.508180602,6.92977569,-5.598537518));
#5785=VERTEX_POINT('',#5784);
#5786=CARTESIAN_POINT('',(-34.508180602,6.92977569,-5.598537518));
#5787=DIRECTION('',(-0.,-0.965925826,-0.258819045));
#5788=VECTOR('',#5787,1.7);
#5789=LINE('',#5786,#5788);
#5790=EDGE_CURVE('',#5785,#3837,#5789,.T.);
#5791=ORIENTED_EDGE('',*,*,#5790,.F.);
#5792=CARTESIAN_POINT('',(-34.508180602,7.240358544,-6.75764851));
#5793=DIRECTION('',(-0.,-0.965925826,-0.258819045));
#5794=DIRECTION('',(0.,-0.258819045,0.965925826));
#5795=AXIS2_PLACEMENT_3D('',#5792,#5793,#5794);
#5796=CIRCLE('',#5795,1.2);
#5797=EDGE_CURVE('',#5785,#3613,#5796,.T.);
#5798=ORIENTED_EDGE('',*,*,#5797,.T.);
#5799=ORIENTED_EDGE('',*,*,#3618,.F.);
#5800=ORIENTED_EDGE('',*,*,#3850,.F.);
#5801=EDGE_LOOP('',(#5791,#5798,#5799,#5800));
#5802=FACE_BOUND('',#5801,.T.);
#5803=ADVANCED_FACE('',(#5802),#5783,.T.);
#5804=CARTESIAN_POINT('',(-34.508180602,7.723321457,-6.628238987));
#5805=DIRECTION('',(-0.,-0.965925826,-0.258819045));
#5806=DIRECTION('',(0.,0.258819045,-0.965925826));
#5807=AXIS2_PLACEMENT_3D('',#5804,#5805,#5806);
#5808=CYLINDRICAL_SURFACE('',#5807,1.2);
#5809=ORIENTED_EDGE('',*,*,#4254,.F.);
#5810=CARTESIAN_POINT('',(-34.508180602,7.240358544,-6.75764851));
#5811=DIRECTION('',(-0.,-0.965925826,-0.258819045));
#5812=DIRECTION('',(0.,-0.258819045,0.965925826));
#5813=AXIS2_PLACEMENT_3D('',#5810,#5811,#5812);
#5814=CIRCLE('',#5813,1.2);
#5815=EDGE_CURVE('',#4241,#5785,#5814,.T.);
#5816=ORIENTED_EDGE('',*,*,#5815,.T.);
#5817=ORIENTED_EDGE('',*,*,#5790,.T.);
#5818=ORIENTED_EDGE('',*,*,#3843,.F.);
#5819=ORIENTED_EDGE('',*,*,#5574,.F.);
#5820=EDGE_LOOP('',(#5809,#5816,#5817,#5818,#5819));
#5821=FACE_BOUND('',#5820,.T.);
#5822=ADVANCED_FACE('',(#5821),#5808,.T.);
#5823=CARTESIAN_POINT('',(-33.808180602,8.223870915,-10.42816665));
#5824=DIRECTION('',(-0.,-0.258819045,0.965925826));
#5825=DIRECTION('',(-0.,-0.965925826,-0.258819045));
#5826=AXIS2_PLACEMENT_3D('',#5823,#5824,#5825);
#5827=CYLINDRICAL_SURFACE('',#5826,0.5);
#5828=ORIENTED_EDGE('',*,*,#3180,.F.);
#5829=ORIENTED_EDGE('',*,*,#3672,.F.);
#5830=CARTESIAN_POINT('',(-33.808180602,7.240358544,-6.75764851));
#5831=DIRECTION('',(-0.,-0.258819045,0.965925826));
#5832=DIRECTION('',(-0.,-0.965925826,-0.258819045));
#5833=AXIS2_PLACEMENT_3D('',#5830,#5831,#5832);
#5834=CIRCLE('',#5833,0.5);
#5835=EDGE_CURVE('',#4241,#3660,#5834,.T.);
#5836=ORIENTED_EDGE('',*,*,#5835,.F.);
#5837=ORIENTED_EDGE('',*,*,#4246,.F.);
#5838=EDGE_LOOP('',(#5828,#5829,#5836,#5837));
#5839=FACE_BOUND('',#5838,.T.);
#5840=ADVANCED_FACE('',(#5839),#5827,.T.);
#5841=CARTESIAN_POINT('',(-34.508180602,7.240358544,-6.75764851));
#5842=DIRECTION('',(0.,0.965925826,0.258819045));
#5843=DIRECTION('',(0.,-0.258819045,0.965925826));
#5844=AXIS2_PLACEMENT_3D('',#5841,#5842,#5843);
#5845=TOROIDAL_SURFACE('',#5844,0.7,0.5);
#5846=ORIENTED_EDGE('',*,*,#5835,.T.);
#5847=ORIENTED_EDGE('',*,*,#3666,.F.);
#5848=CARTESIAN_POINT('',(-34.508180602,7.059185212,-6.081500432));
#5849=DIRECTION('',(-1.,0.,-0.));
#5850=DIRECTION('',(-0.,0.,1.));
#5851=AXIS2_PLACEMENT_3D('',#5848,#5849,#5850);
#5852=CIRCLE('',#5851,0.5);
#5853=EDGE_CURVE('',#5785,#3651,#5852,.T.);
#5854=ORIENTED_EDGE('',*,*,#5853,.F.);
#5855=ORIENTED_EDGE('',*,*,#5815,.F.);
#5856=EDGE_LOOP('',(#5846,#5847,#5854,#5855));
#5857=FACE_BOUND('',#5856,.T.);
#5858=ADVANCED_FACE('',(#5857),#5845,.T.);
#5859=CARTESIAN_POINT('',(-34.508180602,7.240358544,-6.75764851));
#5860=DIRECTION('',(0.,0.965925826,0.258819045));
#5861=DIRECTION('',(0.,-0.258819045,0.965925826));
#5862=AXIS2_PLACEMENT_3D('',#5859,#5860,#5861);
#5863=TOROIDAL_SURFACE('',#5862,0.7,0.5);
#5864=ORIENTED_EDGE('',*,*,#5853,.T.);
#5865=ORIENTED_EDGE('',*,*,#3657,.F.);
#5866=CARTESIAN_POINT('',(-35.208180602,7.240358544,-6.75764851));
#5867=DIRECTION('',(0.,0.258819045,-0.965925826));
#5868=DIRECTION('',(0.,0.965925826,0.258819045));
#5869=AXIS2_PLACEMENT_3D('',#5866,#5867,#5868);
#5870=CIRCLE('',#5869,0.5);
#5871=EDGE_CURVE('',#3613,#3643,#5870,.T.);
#5872=ORIENTED_EDGE('',*,*,#5871,.F.);
#5873=ORIENTED_EDGE('',*,*,#5797,.F.);
#5874=EDGE_LOOP('',(#5864,#5865,#5872,#5873));
#5875=FACE_BOUND('',#5874,.T.);
#5876=ADVANCED_FACE('',(#5875),#5863,.T.);
#5877=CARTESIAN_POINT('',(-35.208180602,8.223870915,-10.42816665));
#5878=DIRECTION('',(0.,0.258819045,-0.965925826));
#5879=DIRECTION('',(0.,0.965925826,0.258819045));
#5880=AXIS2_PLACEMENT_3D('',#5877,#5878,#5879);
#5881=CYLINDRICAL_SURFACE('',#5880,0.5);
#5882=ORIENTED_EDGE('',*,*,#5871,.T.);
#5883=ORIENTED_EDGE('',*,*,#3648,.F.);
#5884=ORIENTED_EDGE('',*,*,#3163,.F.);
#5885=ORIENTED_EDGE('',*,*,#3624,.F.);
#5886=EDGE_LOOP('',(#5882,#5883,#5884,#5885));
#5887=FACE_BOUND('',#5886,.T.);
#5888=ADVANCED_FACE('',(#5887),#5881,.T.);
#5889=CARTESIAN_POINT('',(-85.508180602,7.723321457,-6.628238987));
#5890=DIRECTION('',(-0.,-0.965925826,-0.258819045));
#5891=DIRECTION('',(0.,0.258819045,-0.965925826));
#5892=AXIS2_PLACEMENT_3D('',#5889,#5890,#5891);
#5893=CYLINDRICAL_SURFACE('',#5892,1.2);
#5894=ORIENTED_EDGE('',*,*,#4178,.F.);
#5895=CARTESIAN_POINT('',(-85.508180602,6.92977569,-5.598537518));
#5896=VERTEX_POINT('',#5895);
#5897=CARTESIAN_POINT('',(-85.508180602,7.240358544,-6.75764851));
#5898=DIRECTION('',(-0.,-0.965925826,-0.258819045));
#5899=DIRECTION('',(0.,-0.258819045,0.965925826));
#5900=AXIS2_PLACEMENT_3D('',#5897,#5898,#5899);
#5901=CIRCLE('',#5900,1.2);
#5902=EDGE_CURVE('',#4167,#5896,#5901,.T.);
#5903=ORIENTED_EDGE('',*,*,#5902,.T.);
#5904=CARTESIAN_POINT('',(-85.508180602,5.287701785,-6.038529895));
#5905=DIRECTION('',(0.,0.965925826,0.258819045));
#5906=VECTOR('',#5905,1.7);
#5907=LINE('',#5904,#5906);
#5908=EDGE_CURVE('',#3777,#5896,#5907,.T.);
#5909=ORIENTED_EDGE('',*,*,#5908,.F.);
#5910=ORIENTED_EDGE('',*,*,#3783,.F.);
#5911=EDGE_LOOP('',(#5894,#5903,#5909,#5910));
#5912=FACE_BOUND('',#5911,.T.);
#5913=ADVANCED_FACE('',(#5912),#5893,.T.);
#5914=CARTESIAN_POINT('',(-85.508180602,7.723321457,-6.628238987));
#5915=DIRECTION('',(-0.,-0.965925826,-0.258819045));
#5916=DIRECTION('',(0.,0.258819045,-0.965925826));
#5917=AXIS2_PLACEMENT_3D('',#5914,#5915,#5916);
#5918=CYLINDRICAL_SURFACE('',#5917,1.2);
#5919=ORIENTED_EDGE('',*,*,#5908,.T.);
#5920=CARTESIAN_POINT('',(-85.508180602,7.240358544,-6.75764851));
#5921=DIRECTION('',(-0.,-0.965925826,-0.258819045));
#5922=DIRECTION('',(0.,-0.258819045,0.965925826));
#5923=AXIS2_PLACEMENT_3D('',#5920,#5921,#5922);
#5924=CIRCLE('',#5923,1.2);
#5925=EDGE_CURVE('',#5896,#3685,#5924,.T.);
#5926=ORIENTED_EDGE('',*,*,#5925,.T.);
#5927=ORIENTED_EDGE('',*,*,#3690,.F.);
#5928=ORIENTED_EDGE('',*,*,#5687,.F.);
#5929=ORIENTED_EDGE('',*,*,#3792,.F.);
#5930=EDGE_LOOP('',(#5919,#5926,#5927,#5928,#5929));
#5931=FACE_BOUND('',#5930,.T.);
#5932=ADVANCED_FACE('',(#5931),#5918,.T.);
#5933=CARTESIAN_POINT('',(-84.808180602,8.223870915,-10.42816665));
#5934=DIRECTION('',(-0.,-0.258819045,0.965925826));
#5935=DIRECTION('',(-0.,-0.965925826,-0.258819045));
#5936=AXIS2_PLACEMENT_3D('',#5933,#5934,#5935);
#5937=CYLINDRICAL_SURFACE('',#5936,0.5);
#5938=ORIENTED_EDGE('',*,*,#4733,.F.);
#5939=ORIENTED_EDGE('',*,*,#4229,.F.);
#5940=CARTESIAN_POINT('',(-84.808180602,7.240358544,-6.75764851));
#5941=DIRECTION('',(-0.,-0.258819045,0.965925826));
#5942=DIRECTION('',(0.,-0.965925826,-0.258819045));
#5943=AXIS2_PLACEMENT_3D('',#5940,#5941,#5942);
#5944=CIRCLE('',#5943,0.5);
#5945=EDGE_CURVE('',#4167,#4217,#5944,.T.);
#5946=ORIENTED_EDGE('',*,*,#5945,.F.);
#5947=ORIENTED_EDGE('',*,*,#4172,.F.);
#5948=EDGE_LOOP('',(#5938,#5939,#5946,#5947));
#5949=FACE_BOUND('',#5948,.T.);
#5950=ADVANCED_FACE('',(#5949),#5937,.T.);
#5951=CARTESIAN_POINT('',(-85.508180602,7.240358544,-6.75764851));
#5952=DIRECTION('',(0.,0.965925826,0.258819045));
#5953=DIRECTION('',(0.,-0.258819045,0.965925826));
#5954=AXIS2_PLACEMENT_3D('',#5951,#5952,#5953);
#5955=TOROIDAL_SURFACE('',#5954,0.7,0.5);
#5956=ORIENTED_EDGE('',*,*,#5945,.T.);
#5957=ORIENTED_EDGE('',*,*,#4223,.F.);
#5958=CARTESIAN_POINT('',(-85.508180602,7.059185212,-6.081500432));
#5959=DIRECTION('',(-1.,0.,-0.));
#5960=DIRECTION('',(-0.,0.,1.));
#5961=AXIS2_PLACEMENT_3D('',#5958,#5959,#5960);
#5962=CIRCLE('',#5961,0.5);
#5963=EDGE_CURVE('',#5896,#4208,#5962,.T.);
#5964=ORIENTED_EDGE('',*,*,#5963,.F.);
#5965=ORIENTED_EDGE('',*,*,#5902,.F.);
#5966=EDGE_LOOP('',(#5956,#5957,#5964,#5965));
#5967=FACE_BOUND('',#5966,.T.);
#5968=ADVANCED_FACE('',(#5967),#5955,.T.);
#5969=CARTESIAN_POINT('',(-85.508180602,7.240358544,-6.75764851));
#5970=DIRECTION('',(0.,0.965925826,0.258819045));
#5971=DIRECTION('',(0.,-0.258819045,0.965925826));
#5972=AXIS2_PLACEMENT_3D('',#5969,#5970,#5971);
#5973=TOROIDAL_SURFACE('',#5972,0.7,0.5);
#5974=ORIENTED_EDGE('',*,*,#5963,.T.);
#5975=ORIENTED_EDGE('',*,*,#4214,.F.);
#5976=CARTESIAN_POINT('',(-86.208180602,7.240358544,-6.75764851));
#5977=DIRECTION('',(0.,0.258819045,-0.965925826));
#5978=DIRECTION('',(0.,0.965925826,0.258819045));
#5979=AXIS2_PLACEMENT_3D('',#5976,#5977,#5978);
#5980=CIRCLE('',#5979,0.5);
#5981=EDGE_CURVE('',#3685,#4200,#5980,.T.);
#5982=ORIENTED_EDGE('',*,*,#5981,.F.);
#5983=ORIENTED_EDGE('',*,*,#5925,.F.);
#5984=EDGE_LOOP('',(#5974,#5975,#5982,#5983));
#5985=FACE_BOUND('',#5984,.T.);
#5986=ADVANCED_FACE('',(#5985),#5973,.T.);
#5987=CARTESIAN_POINT('',(-86.208180602,8.223870915,-10.42816665));
#5988=DIRECTION('',(0.,0.258819045,-0.965925826));
#5989=DIRECTION('',(0.,0.965925826,0.258819045));
#5990=AXIS2_PLACEMENT_3D('',#5987,#5988,#5989);
#5991=CYLINDRICAL_SURFACE('',#5990,0.5);
#5992=ORIENTED_EDGE('',*,*,#5981,.T.);
#5993=ORIENTED_EDGE('',*,*,#4205,.F.);
#5994=ORIENTED_EDGE('',*,*,#4725,.F.);
#5995=ORIENTED_EDGE('',*,*,#3698,.F.);
#5996=EDGE_LOOP('',(#5992,#5993,#5994,#5995));
#5997=FACE_BOUND('',#5996,.T.);
#5998=ADVANCED_FACE('',(#5997),#5991,.T.);
#5999=CARTESIAN_POINT('',(-60.008165778,-1.682825888,16.11213023));
#6000=DIRECTION('',(-1.,0.,-0.));
#6001=DIRECTION('',(-0.,0.,1.));
#6002=AXIS2_PLACEMENT_3D('',#5999,#6000,#6001);
#6003=CYLINDRICAL_SURFACE('',#6002,1.);
#6004=ORIENTED_EDGE('',*,*,#5627,.F.);
#6005=ORIENTED_EDGE('',*,*,#5651,.F.);
#6006=ORIENTED_EDGE('',*,*,#3984,.F.);
#6007=ORIENTED_EDGE('',*,*,#5610,.T.);
#6008=EDGE_LOOP('',(#6004,#6005,#6006,#6007));
#6009=FACE_BOUND('',#6008,.T.);
#6010=ADVANCED_FACE('',(#6009),#6003,.T.);
#6011=CLOSED_SHELL('',(#3290,#3346,#3445,#3469,#3604,#3635,#3676,#3716,#3760,#3886,#3908,#3948,#3988,#4123,#4140,#4152,#4183,#4233,#4264,#4286,#4303,#4320,#4337,#4354,#4371,#4388,
#4400,#4422,#4439,#4456,#4468,#4499,#4523,#4547,#4564,#4576,#4657,#4713,#4841,#4866,#4875,#4900,#4909,#4926,#4938,#4973,#4990,#5009,#5044,#5061,#5080,
#5115,#5132,#5163,#5194,#5270,#5288,#5306,#5324,#5342,#5361,#5385,#5403,#5421,#5439,#5457,#5475,#5493,#5505,#5529,#5553,#5588,#5615,#5640,#5665,#5694,
#5712,#5730,#5748,#5766,#5778,#5803,#5822,#5840,#5858,#5876,#5888,#5913,#5932,#5950,#5968,#5986,#5998,#6010));
#6012=MANIFOLD_SOLID_BREP('\X2\652F67B6\X0\ (2)',#6011);
#3109=STYLED_ITEM('',(#3108),#6012);
#6014=CARTESIAN_POINT('',(-56.420007746,2.482309966,-18.074742734));
#6015=DIRECTION('',(1.,-0.,0.));
#6016=DIRECTION('',(0.,0.,-1.));
#6017=AXIS2_PLACEMENT_3D('',#6014,#6015,#6016);
#6018=PLANE('',#6017);
#6019=CARTESIAN_POINT('',(-56.420007746,0.804687525,-17.095307911));
#6020=VERTEX_POINT('',#6019);
#6021=CARTESIAN_POINT('',(-56.420007746,0.411350394,-15.627353756));
#6022=VERTEX_POINT('',#6021);
#6023=CARTESIAN_POINT('',(-56.420007746,0.804687525,-17.095307911));
#6024=DIRECTION('',(-0.,-0.258819045,0.965925826));
#6025=VECTOR('',#6024,1.519737971);
#6026=LINE('',#6023,#6025);
#6027=EDGE_CURVE('',#6020,#6022,#6026,.T.);
#6028=ORIENTED_EDGE('',*,*,#6027,.F.);
#6029=CARTESIAN_POINT('',(-56.420007746,0.796366449,-17.095307911));
#6030=VERTEX_POINT('',#6029);
#6031=CARTESIAN_POINT('',(-56.420007746,0.804687525,-17.095307911));
#6032=DIRECTION('',(-0.,-1.,-0.));
#6033=VECTOR('',#6032,0.008321076);
#6034=LINE('',#6031,#6033);
#6035=EDGE_CURVE('',#6020,#6030,#6034,.T.);
#6036=ORIENTED_EDGE('',*,*,#6035,.T.);
#6037=CARTESIAN_POINT('',(-56.420007746,0.403586724,-15.629434025));
#6038=VERTEX_POINT('',#6037);
#6039=CARTESIAN_POINT('',(-56.420007746,0.796366449,-17.095307911));
#6040=DIRECTION('',(-0.,-0.258819045,0.965925826));
#6041=VECTOR('',#6040,1.517584318);
#6042=LINE('',#6039,#6041);
#6043=EDGE_CURVE('',#6030,#6038,#6042,.T.);
#6044=ORIENTED_EDGE('',*,*,#6043,.T.);
#6045=CARTESIAN_POINT('',(-56.420007746,0.403586724,-15.629434025));
#6046=DIRECTION('',(-0.,0.965925826,0.258819045));
#6047=VECTOR('',#6046,0.008037543);
#6048=LINE('',#6045,#6047);
#6049=EDGE_CURVE('',#6038,#6022,#6048,.T.);
#6050=ORIENTED_EDGE('',*,*,#6049,.T.);
#6051=EDGE_LOOP('',(#6028,#6036,#6044,#6050));
#6052=FACE_BOUND('',#6051,.T.);
#6053=ADVANCED_FACE('',(#6052),#6018,.F.);
#6054=CARTESIAN_POINT('',(-88.808180602,12.477661025,-12.394195566));
#6055=DIRECTION('',(-0.,-0.258819045,0.965925826));
#6056=DIRECTION('',(0.,-0.965925826,-0.258819045));
#6057=AXIS2_PLACEMENT_3D('',#6054,#6055,#6056);
#6058=PLANE('',#6057);
#6059=CARTESIAN_POINT('',(-52.39755189,0.403586724,-15.629434025));
#6060=VERTEX_POINT('',#6059);
#6061=CARTESIAN_POINT('',(-56.420007746,0.411350394,-15.627353756));
#6062=DIRECTION('',(0.999998004,-0.001930078,-0.000517163));
#6063=VECTOR('',#6062,4.022463886);
#6064=LINE('',#6061,#6063);
#6065=EDGE_CURVE('',#6022,#6060,#6064,.T.);
#6066=ORIENTED_EDGE('',*,*,#6065,.F.);
#6067=ORIENTED_EDGE('',*,*,#6049,.F.);
#6068=CARTESIAN_POINT('',(-68.770007746,0.403586724,-15.629434025));
#6069=VERTEX_POINT('',#6068);
#6070=CARTESIAN_POINT('',(-68.770007746,0.403586724,-15.629434025));
#6071=DIRECTION('',(1.,-0.,0.));
#6072=VECTOR('',#6071,12.35);
#6073=LINE('',#6070,#6072);
#6074=EDGE_CURVE('',#6069,#6038,#6073,.T.);
#6075=ORIENTED_EDGE('',*,*,#6074,.F.);
#6076=CARTESIAN_POINT('',(-68.770007746,0.435186908,-15.620966781));
#6077=VERTEX_POINT('',#6076);
#6078=CARTESIAN_POINT('',(-68.770007746,0.403586724,-15.629434025));
#6079=DIRECTION('',(-0.,0.965925826,0.258819045));
#6080=VECTOR('',#6079,0.032714917);
#6081=LINE('',#6078,#6080);
#6082=EDGE_CURVE('',#6069,#6077,#6081,.T.);
#6083=ORIENTED_EDGE('',*,*,#6082,.T.);
#6084=CARTESIAN_POINT('',(-83.708180602,0.464018807,-15.613241297));
#6085=VERTEX_POINT('',#6084);
#6086=CARTESIAN_POINT('',(-83.708180602,0.464018807,-15.613241297));
#6087=DIRECTION('',(0.999998004,-0.001930078,-0.000517163));
#6088=VECTOR('',#6087,14.938202677);
#6089=LINE('',#6086,#6088);
#6090=EDGE_CURVE('',#6085,#6077,#6089,.T.);
#6091=ORIENTED_EDGE('',*,*,#6090,.F.);
#6092=CARTESIAN_POINT('',(-83.708180602,3.799394288,-14.71953013));
#6093=VERTEX_POINT('',#6092);
#6094=CARTESIAN_POINT('',(-83.708180602,3.799394288,-14.71953013));
#6095=DIRECTION('',(-0.,-0.965925826,-0.258819045));
#6096=VECTOR('',#6095,3.453034788);
#6097=LINE('',#6094,#6096);
#6098=EDGE_CURVE('',#6093,#6085,#6097,.T.);
#6099=ORIENTED_EDGE('',*,*,#6098,.F.);
#6100=CARTESIAN_POINT('',(-57.094890521,3.784327116,-14.723567367));
#6101=VERTEX_POINT('',#6100);
#6102=CARTESIAN_POINT('',(-57.094890521,3.784327116,-14.723567367));
#6103=DIRECTION('',(-0.999999828,0.000566152,0.0001517));
#6104=VECTOR('',#6103,26.613294652);
#6105=LINE('',#6102,#6104);
#6106=EDGE_CURVE('',#6101,#6093,#6105,.T.);
#6107=ORIENTED_EDGE('',*,*,#6106,.F.);
#6108=CARTESIAN_POINT('',(-52.39755189,3.784327116,-14.723567367));
#6109=VERTEX_POINT('',#6108);
#6110=CARTESIAN_POINT('',(-57.094890521,3.784327116,-14.723567367));
#6111=DIRECTION('',(1.,-0.,0.));
#6112=VECTOR('',#6111,4.697338631);
#6113=LINE('',#6110,#6112);
#6114=EDGE_CURVE('',#6101,#6109,#6113,.T.);
#6115=ORIENTED_EDGE('',*,*,#6114,.T.);
#6116=CARTESIAN_POINT('',(-52.39755189,0.403586724,-15.629434025));
#6117=DIRECTION('',(-0.,0.965925826,0.258819045));
#6118=VECTOR('',#6117,3.5);
#6119=LINE('',#6116,#6118);
#6120=EDGE_CURVE('',#6060,#6109,#6119,.T.);
#6121=ORIENTED_EDGE('',*,*,#6120,.F.);
#6122=EDGE_LOOP('',(#6066,#6067,#6075,#6083,#6091,#6099,#6107,#6115,#6121));
#6123=FACE_BOUND('',#6122,.T.);
#6124=CARTESIAN_POINT('',(-37.808180602,-1.335078291,-16.095307911));
#6125=VERTEX_POINT('',#6124);
#6126=CARTESIAN_POINT('',(-37.808180602,0.113810449,-15.707079344));
#6127=VERTEX_POINT('',#6126);
#6128=CARTESIAN_POINT('',(-37.808180602,-1.335078291,-16.095307911));
#6129=DIRECTION('',(-0.,0.965925826,0.258819045));
#6130=VECTOR('',#6129,1.5);
#6131=LINE('',#6128,#6130);
#6132=EDGE_CURVE('',#6125,#6127,#6131,.T.);
#6133=ORIENTED_EDGE('',*,*,#6132,.F.);
#6134=CARTESIAN_POINT('',(-32.808180602,-1.335078291,-16.095307911));
#6135=VERTEX_POINT('',#6134);
#6136=CARTESIAN_POINT('',(-37.808180602,-1.335078291,-16.095307911));
#6137=DIRECTION('',(1.,-0.,0.));
#6138=VECTOR('',#6137,5.);
#6139=LINE('',#6136,#6138);
#6140=EDGE_CURVE('',#6125,#6135,#6139,.T.);
#6141=ORIENTED_EDGE('',*,*,#6140,.T.);
#6142=CARTESIAN_POINT('',(-32.808180602,7.358254146,-13.765936505));
#6143=VERTEX_POINT('',#6142);
#6144=CARTESIAN_POINT('',(-32.808180602,7.358254146,-13.765936505));
#6145=DIRECTION('',(0.,-0.965925826,-0.258819045));
#6146=VECTOR('',#6145,9.);
#6147=LINE('',#6144,#6146);
#6148=EDGE_CURVE('',#6143,#6135,#6147,.T.);
#6149=ORIENTED_EDGE('',*,*,#6148,.F.);
#6150=CARTESIAN_POINT('',(-33.108180602,7.358254146,-13.765936505));
#6151=VERTEX_POINT('',#6150);
#6152=CARTESIAN_POINT('',(-33.108180602,7.358254146,-13.765936505));
#6153=DIRECTION('',(1.,0.,0.));
#6154=VECTOR('',#6153,0.3);
#6155=LINE('',#6152,#6154);
#6156=EDGE_CURVE('',#6151,#6143,#6155,.T.);
#6157=ORIENTED_EDGE('',*,*,#6156,.F.);
#6158=CARTESIAN_POINT('',(-33.308180602,7.551439311,-13.714172696));
#6159=VERTEX_POINT('',#6158);
#6160=CARTESIAN_POINT('',(-33.108180602,7.551439311,-13.714172696));
#6161=DIRECTION('',(0.,0.258819045,-0.965925826));
#6162=DIRECTION('',(0.,-0.965925826,-0.258819045));
#6163=AXIS2_PLACEMENT_3D('',#6160,#6161,#6162);
#6164=CIRCLE('',#6163,0.2);
#6165=EDGE_CURVE('',#6151,#6159,#6164,.T.);
#6166=ORIENTED_EDGE('',*,*,#6165,.T.);
#6167=CARTESIAN_POINT('',(-33.308180602,9.483290964,-13.196534606));
#6168=VERTEX_POINT('',#6167);
#6169=CARTESIAN_POINT('',(-33.308180602,9.483290964,-13.196534606));
#6170=DIRECTION('',(-0.,-0.965925826,-0.258819045));
#6171=VECTOR('',#6170,2.);
#6172=LINE('',#6169,#6171);
#6173=EDGE_CURVE('',#6168,#6159,#6172,.T.);
#6174=ORIENTED_EDGE('',*,*,#6173,.F.);
#6175=CARTESIAN_POINT('',(-35.708180602,9.483290964,-13.196534606));
#6176=VERTEX_POINT('',#6175);
#6177=CARTESIAN_POINT('',(-35.708180602,9.483290964,-13.196534606));
#6178=DIRECTION('',(1.,-0.,0.));
#6179=VECTOR('',#6178,2.4);
#6180=LINE('',#6177,#6179);
#6181=EDGE_CURVE('',#6176,#6168,#6180,.T.);
#6182=ORIENTED_EDGE('',*,*,#6181,.F.);
#6183=CARTESIAN_POINT('',(-35.708180602,7.551439311,-13.714172696));
#6184=VERTEX_POINT('',#6183);
#6185=CARTESIAN_POINT('',(-35.708180602,7.551439311,-13.714172696));
#6186=DIRECTION('',(0.,0.965925826,0.258819045));
#6187=VECTOR('',#6186,2.);
#6188=LINE('',#6185,#6187);
#6189=EDGE_CURVE('',#6184,#6176,#6188,.T.);
#6190=ORIENTED_EDGE('',*,*,#6189,.F.);
#6191=CARTESIAN_POINT('',(-35.908180602,7.358254146,-13.765936505));
#6192=VERTEX_POINT('',#6191);
#6193=CARTESIAN_POINT('',(-35.908180602,7.551439311,-13.714172696));
#6194=DIRECTION('',(0.,0.258819045,-0.965925826));
#6195=DIRECTION('',(0.,-0.965925826,-0.258819045));
#6196=AXIS2_PLACEMENT_3D('',#6193,#6194,#6195);
#6197=CIRCLE('',#6196,0.2);
#6198=EDGE_CURVE('',#6184,#6192,#6197,.T.);
#6199=ORIENTED_EDGE('',*,*,#6198,.T.);
#6200=CARTESIAN_POINT('',(-84.108180602,7.358254146,-13.765936505));
#6201=VERTEX_POINT('',#6200);
#6202=CARTESIAN_POINT('',(-84.108180602,7.358254146,-13.765936505));
#6203=DIRECTION('',(1.,0.,0.));
#6204=VECTOR('',#6203,48.2);
#6205=LINE('',#6202,#6204);
#6206=EDGE_CURVE('',#6201,#6192,#6205,.T.);
#6207=ORIENTED_EDGE('',*,*,#6206,.F.);
#6208=CARTESIAN_POINT('',(-84.308180602,7.551439311,-13.714172696));
#6209=VERTEX_POINT('',#6208);
#6210=CARTESIAN_POINT('',(-84.108180602,7.551439311,-13.714172696));
#6211=DIRECTION('',(0.,0.258819045,-0.965925826));
#6212=DIRECTION('',(0.,-0.965925826,-0.258819045));
#6213=AXIS2_PLACEMENT_3D('',#6210,#6211,#6212);
#6214=CIRCLE('',#6213,0.2);
#6215=EDGE_CURVE('',#6201,#6209,#6214,.T.);
#6216=ORIENTED_EDGE('',*,*,#6215,.T.);
#6217=CARTESIAN_POINT('',(-84.308180602,9.483290964,-13.196534606));
#6218=VERTEX_POINT('',#6217);
#6219=CARTESIAN_POINT('',(-84.308180602,9.483290964,-13.196534606));
#6220=DIRECTION('',(0.,-0.965925826,-0.258819045));
#6221=VECTOR('',#6220,2.);
#6222=LINE('',#6219,#6221);
#6223=EDGE_CURVE('',#6218,#6209,#6222,.T.);
#6224=ORIENTED_EDGE('',*,*,#6223,.F.);
#6225=CARTESIAN_POINT('',(-86.708180602,9.483290964,-13.196534606));
#6226=VERTEX_POINT('',#6225);
#6227=CARTESIAN_POINT('',(-86.708180602,9.483290964,-13.196534606));
#6228=DIRECTION('',(1.,-0.,0.));
#6229=VECTOR('',#6228,2.4);
#6230=LINE('',#6227,#6229);
#6231=EDGE_CURVE('',#6226,#6218,#6230,.T.);
#6232=ORIENTED_EDGE('',*,*,#6231,.F.);
#6233=CARTESIAN_POINT('',(-86.708180602,7.551439311,-13.714172696));
#6234=VERTEX_POINT('',#6233);
#6235=CARTESIAN_POINT('',(-86.708180602,7.551439311,-13.714172696));
#6236=DIRECTION('',(-0.,0.965925826,0.258819045));
#6237=VECTOR('',#6236,2.);
#6238=LINE('',#6235,#6237);
#6239=EDGE_CURVE('',#6234,#6226,#6238,.T.);
#6240=ORIENTED_EDGE('',*,*,#6239,.F.);
#6241=CARTESIAN_POINT('',(-86.908180602,7.358254146,-13.765936505));
#6242=VERTEX_POINT('',#6241);
#6243=CARTESIAN_POINT('',(-86.908180602,7.551439311,-13.714172696));
#6244=DIRECTION('',(0.,0.258819045,-0.965925826));
#6245=DIRECTION('',(0.,-0.965925826,-0.258819045));
#6246=AXIS2_PLACEMENT_3D('',#6243,#6244,#6245);
#6247=CIRCLE('',#6246,0.2);
#6248=EDGE_CURVE('',#6234,#6242,#6247,.T.);
#6249=ORIENTED_EDGE('',*,*,#6248,.T.);
#6250=CARTESIAN_POINT('',(-87.208180602,7.358254146,-13.765936505));
#6251=VERTEX_POINT('',#6250);
#6252=CARTESIAN_POINT('',(-87.208180602,7.358254146,-13.765936505));
#6253=DIRECTION('',(1.,0.,0.));
#6254=VECTOR('',#6253,0.3);
#6255=LINE('',#6252,#6254);
#6256=EDGE_CURVE('',#6251,#6242,#6255,.T.);
#6257=ORIENTED_EDGE('',*,*,#6256,.F.);
#6258=CARTESIAN_POINT('',(-87.208180602,-1.335078291,-16.095307911));
#6259=VERTEX_POINT('',#6258);
#6260=CARTESIAN_POINT('',(-87.208180602,7.358254146,-13.765936505));
#6261=DIRECTION('',(0.,-0.965925826,-0.258819045));
#6262=VECTOR('',#6261,9.);
#6263=LINE('',#6260,#6262);
#6264=EDGE_CURVE('',#6251,#6259,#6263,.T.);
#6265=ORIENTED_EDGE('',*,*,#6264,.T.);
#6266=CARTESIAN_POINT('',(-42.808180602,-1.335078291,-16.095307911));
#6267=VERTEX_POINT('',#6266);
#6268=CARTESIAN_POINT('',(-87.208180602,-1.335078291,-16.095307911));
#6269=DIRECTION('',(1.,-0.,0.));
#6270=VECTOR('',#6269,44.4);
#6271=LINE('',#6268,#6270);
#6272=EDGE_CURVE('',#6259,#6267,#6271,.T.);
#6273=ORIENTED_EDGE('',*,*,#6272,.T.);
#6274=CARTESIAN_POINT('',(-42.808180602,0.113810449,-15.707079344));
#6275=VERTEX_POINT('',#6274);
#6276=CARTESIAN_POINT('',(-42.808180602,-1.335078291,-16.095307911));
#6277=DIRECTION('',(-0.,0.965925826,0.258819045));
#6278=VECTOR('',#6277,1.5);
#6279=LINE('',#6276,#6278);
#6280=EDGE_CURVE('',#6267,#6275,#6279,.T.);
#6281=ORIENTED_EDGE('',*,*,#6280,.T.);
#6282=CARTESIAN_POINT('',(-42.808180602,0.113810449,-15.707079344));
#6283=DIRECTION('',(1.,-0.,0.));
#6284=VECTOR('',#6283,5.);
#6285=LINE('',#6282,#6284);
#6286=EDGE_CURVE('',#6275,#6127,#6285,.T.);
#6287=ORIENTED_EDGE('',*,*,#6286,.T.);
#6288=EDGE_LOOP('',(#6133,#6141,#6149,#6157,#6166,#6174,#6182,#6190,#6199,#6207,#6216,#6224,#6232,#6240,#6249,#6257,#6265,#6273,#6281,#6287));
#6289=FACE_BOUND('',#6288,.T.);
#6290=CARTESIAN_POINT('',(-60.008180602,0.306995614,-15.655315535));
#6291=VERTEX_POINT('',#6290);
#6292=CARTESIAN_POINT('',(-60.008180602,-1.141893126,-16.043544102));
#6293=VERTEX_POINT('',#6292);
#6294=CARTESIAN_POINT('',(-60.008180602,-0.417448756,-15.849429819));
#6295=DIRECTION('',(0.,0.258819045,-0.965925826));
#6296=DIRECTION('',(-0.,0.965925826,0.258819045));
#6297=AXIS2_PLACEMENT_3D('',#6294,#6295,#6296);
#6298=CIRCLE('',#6297,0.75);
#6299=EDGE_CURVE('',#6291,#6293,#6298,.T.);
#6300=ORIENTED_EDGE('',*,*,#6299,.T.);
#6301=CARTESIAN_POINT('',(-60.008180602,-0.417448756,-15.849429819));
#6302=DIRECTION('',(0.,0.258819045,-0.965925826));
#6303=DIRECTION('',(-0.,0.965925826,0.258819045));
#6304=AXIS2_PLACEMENT_3D('',#6301,#6302,#6303);
#6305=CIRCLE('',#6304,0.75);
#6306=EDGE_CURVE('',#6293,#6291,#6305,.T.);
#6307=ORIENTED_EDGE('',*,*,#6306,.T.);
#6308=EDGE_LOOP('',(#6300,#6307));
#6309=FACE_BOUND('',#6308,.T.);
#6310=CARTESIAN_POINT('',(-38.358150953,4.94343958,-14.412984118));
#6311=VERTEX_POINT('',#6310);
#6312=CARTESIAN_POINT('',(-38.358150953,5.909365406,-14.154165073));
#6313=DIRECTION('',(0.,0.258819045,-0.965925826));
#6314=DIRECTION('',(0.,-0.965925826,-0.258819045));
#6315=AXIS2_PLACEMENT_3D('',#6312,#6313,#6314);
#6316=CIRCLE('',#6315,1.);
#6317=EDGE_CURVE('',#6311,#6311,#6316,.T.);
#6318=ORIENTED_EDGE('',*,*,#6317,.T.);
#6319=EDGE_LOOP('',(#6318));
#6320=FACE_BOUND('',#6319,.T.);
#6321=CARTESIAN_POINT('',(-81.658180602,4.94343958,-14.412984118));
#6322=VERTEX_POINT('',#6321);
#6323=CARTESIAN_POINT('',(-81.658180602,5.909365406,-14.154165073));
#6324=DIRECTION('',(0.,0.258819045,-0.965925826));
#6325=DIRECTION('',(0.,-0.965925826,-0.258819045));
#6326=AXIS2_PLACEMENT_3D('',#6323,#6324,#6325);
#6327=CIRCLE('',#6326,1.);
#6328=EDGE_CURVE('',#6322,#6322,#6327,.T.);
#6329=ORIENTED_EDGE('',*,*,#6328,.T.);
#6330=EDGE_LOOP('',(#6329));
#6331=FACE_BOUND('',#6330,.T.);
#6332=CARTESIAN_POINT('',(-34.806513935,5.861095954,-14.167098834));
#6333=VERTEX_POINT('',#6332);
#6334=CARTESIAN_POINT('',(-34.806513935,5.957634859,-14.141231312));
#6335=VERTEX_POINT('',#6334);
#6336=CARTESIAN_POINT('',(-34.808180602,5.909365406,-14.154165073));
#6337=DIRECTION('',(0.,0.258819045,-0.965925826));
#6338=DIRECTION('',(0.,-0.965925826,-0.258819045));
#6339=AXIS2_PLACEMENT_3D('',#6336,#6337,#6338);
#6340=CIRCLE('',#6339,0.05);
#6341=EDGE_CURVE('',#6333,#6335,#6340,.T.);
#6342=ORIENTED_EDGE('',*,*,#6341,.T.);
#6343=CARTESIAN_POINT('',(-34.058180602,5.184921037,-14.348279357));
#6344=VERTEX_POINT('',#6343);
#6345=CARTESIAN_POINT('',(-34.058180602,5.909365406,-14.154165073));
#6346=DIRECTION('',(0.,0.258819045,-0.965925826));
#6347=DIRECTION('',(-0.,0.965925826,0.258819045));
#6348=AXIS2_PLACEMENT_3D('',#6345,#6346,#6347);
#6349=CIRCLE('',#6348,0.75);
#6350=EDGE_CURVE('',#6335,#6344,#6349,.T.);
#6351=ORIENTED_EDGE('',*,*,#6350,.T.);
#6352=CARTESIAN_POINT('',(-34.058180602,5.909365406,-14.154165073));
#6353=DIRECTION('',(0.,0.258819045,-0.965925826));
#6354=DIRECTION('',(-0.,0.965925826,0.258819045));
#6355=AXIS2_PLACEMENT_3D('',#6352,#6353,#6354);
#6356=CIRCLE('',#6355,0.75);
#6357=EDGE_CURVE('',#6344,#6333,#6356,.T.);
#6358=ORIENTED_EDGE('',*,*,#6357,.T.);
#6359=EDGE_LOOP('',(#6342,#6351,#6358));
#6360=FACE_BOUND('',#6359,.T.);
#6361=CARTESIAN_POINT('',(-85.209847269,5.957634859,-14.141231312));
#6362=VERTEX_POINT('',#6361);
#6363=CARTESIAN_POINT('',(-85.209847269,5.861095954,-14.167098834));
#6364=VERTEX_POINT('',#6363);
#6365=CARTESIAN_POINT('',(-85.208180602,5.909365406,-14.154165073));
#6366=DIRECTION('',(0.,0.258819045,-0.965925826));
#6367=DIRECTION('',(0.,-0.965925826,-0.258819045));
#6368=AXIS2_PLACEMENT_3D('',#6365,#6366,#6367);
#6369=CIRCLE('',#6368,0.05);
#6370=EDGE_CURVE('',#6362,#6364,#6369,.T.);
#6371=ORIENTED_EDGE('',*,*,#6370,.T.);
#6372=CARTESIAN_POINT('',(-85.958180602,5.184921037,-14.348279357));
#6373=VERTEX_POINT('',#6372);
#6374=CARTESIAN_POINT('',(-85.958180602,5.909365406,-14.154165073));
#6375=DIRECTION('',(0.,0.258819045,-0.965925826));
#6376=DIRECTION('',(-0.,0.965925826,0.258819045));
#6377=AXIS2_PLACEMENT_3D('',#6374,#6375,#6376);
#6378=CIRCLE('',#6377,0.75);
#6379=EDGE_CURVE('',#6364,#6373,#6378,.T.);
#6380=ORIENTED_EDGE('',*,*,#6379,.T.);
#6381=CARTESIAN_POINT('',(-85.958180602,5.909365406,-14.154165073));
#6382=DIRECTION('',(0.,0.258819045,-0.965925826));
#6383=DIRECTION('',(-0.,0.965925826,0.258819045));
#6384=AXIS2_PLACEMENT_3D('',#6381,#6382,#6383);
#6385=CIRCLE('',#6384,0.75);
#6386=EDGE_CURVE('',#6373,#6362,#6385,.T.);
#6387=ORIENTED_EDGE('',*,*,#6386,.T.);
#6388=EDGE_LOOP('',(#6371,#6380,#6387));
#6389=FACE_BOUND('',#6388,.T.);
#6390=ADVANCED_FACE('',(#6123,#6289,#6309,#6320,#6331,#6360,#6389),#6058,.T.);
#6391=CARTESIAN_POINT('',(-88.808180602,10.400920499,-17.095307911));
#6392=DIRECTION('',(0.,0.,-1.));
#6393=DIRECTION('',(-1.,0.,-0.));
#6394=AXIS2_PLACEMENT_3D('',#6391,#6392,#6393);
#6395=PLANE('',#6394);
#6396=CARTESIAN_POINT('',(-87.208180602,-1.335078291,-17.095307911));
#6397=VERTEX_POINT('',#6396);
#6398=CARTESIAN_POINT('',(-87.208180602,13.443586851,-17.095307911));
#6399=VERTEX_POINT('',#6398);
#6400=CARTESIAN_POINT('',(-87.208180602,-1.335078291,-17.095307911));
#6401=DIRECTION('',(0.,1.,0.));
#6402=VECTOR('',#6401,14.778665142);
#6403=LINE('',#6400,#6402);
#6404=EDGE_CURVE('',#6397,#6399,#6403,.T.);
#6405=ORIENTED_EDGE('',*,*,#6404,.T.);
#6406=CARTESIAN_POINT('',(-86.289119781,13.443586851,-17.095307911));
#6407=VERTEX_POINT('',#6406);
#6408=CARTESIAN_POINT('',(-87.208180602,13.443586851,-17.095307911));
#6409=DIRECTION('',(1.,0.,0.));
#6410=VECTOR('',#6409,0.919060821);
#6411=LINE('',#6408,#6410);
#6412=EDGE_CURVE('',#6399,#6407,#6411,.T.);
#6413=ORIENTED_EDGE('',*,*,#6412,.T.);
#6414=CARTESIAN_POINT('',(-33.727241422,13.443586851,-17.095307911));
#6415=VERTEX_POINT('',#6414);
#6416=CARTESIAN_POINT('',(-60.008180602,6.05425428,-17.095307911));
#6417=DIRECTION('',(0.,0.,-1.));
#6418=DIRECTION('',(-1.,0.,-0.));
#6419=AXIS2_PLACEMENT_3D('',#6416,#6417,#6418);
#6420=CIRCLE('',#6419,27.3);
#6421=EDGE_CURVE('',#6407,#6415,#6420,.T.);
#6422=ORIENTED_EDGE('',*,*,#6421,.T.);
#6423=CARTESIAN_POINT('',(-32.808180602,13.443586851,-17.095307911));
#6424=VERTEX_POINT('',#6423);
#6425=CARTESIAN_POINT('',(-32.808180602,13.443586851,-17.095307911));
#6426=DIRECTION('',(-1.,-0.,-0.));
#6427=VECTOR('',#6426,0.919060821);
#6428=LINE('',#6425,#6427);
#6429=EDGE_CURVE('',#6424,#6415,#6428,.T.);
#6430=ORIENTED_EDGE('',*,*,#6429,.F.);
#6431=CARTESIAN_POINT('',(-32.808180602,-1.335078291,-17.095307911));
#6432=VERTEX_POINT('',#6431);
#6433=CARTESIAN_POINT('',(-32.808180602,-1.335078291,-17.095307911));
#6434=DIRECTION('',(0.,1.,0.));
#6435=VECTOR('',#6434,14.778665142);
#6436=LINE('',#6433,#6435);
#6437=EDGE_CURVE('',#6432,#6424,#6436,.T.);
#6438=ORIENTED_EDGE('',*,*,#6437,.F.);
#6439=CARTESIAN_POINT('',(-33.727241422,-1.335078291,-17.095307911));
#6440=VERTEX_POINT('',#6439);
#6441=CARTESIAN_POINT('',(-32.808180602,-1.335078291,-17.095307911));
#6442=DIRECTION('',(-1.,0.,-0.));
#6443=VECTOR('',#6442,0.919060821);
#6444=LINE('',#6441,#6443);
#6445=EDGE_CURVE('',#6432,#6440,#6444,.T.);
#6446=ORIENTED_EDGE('',*,*,#6445,.T.);
#6447=CARTESIAN_POINT('',(-49.58016992,-19.175620734,-17.095307911));
#6448=VERTEX_POINT('',#6447);
#6449=CARTESIAN_POINT('',(-60.008180602,6.05425428,-17.095307911));
#6450=DIRECTION('',(0.,0.,-1.));
#6451=DIRECTION('',(-1.,0.,-0.));
#6452=AXIS2_PLACEMENT_3D('',#6449,#6450,#6451);
#6453=CIRCLE('',#6452,27.3);
#6454=EDGE_CURVE('',#6440,#6448,#6453,.T.);
#6455=ORIENTED_EDGE('',*,*,#6454,.T.);
#6456=CARTESIAN_POINT('',(-49.58016992,-20.131597416,-17.095307911));
#6457=VERTEX_POINT('',#6456);
#6458=CARTESIAN_POINT('',(-49.58016992,-20.131597416,-17.095307911));
#6459=DIRECTION('',(0.,1.,0.));
#6460=VECTOR('',#6459,0.955976682);
#6461=LINE('',#6458,#6460);
#6462=EDGE_CURVE('',#6457,#6448,#6461,.T.);
#6463=ORIENTED_EDGE('',*,*,#6462,.F.);
#6464=CARTESIAN_POINT('',(-70.436191284,-20.131597416,-17.095307911));
#6465=VERTEX_POINT('',#6464);
#6466=CARTESIAN_POINT('',(-70.436191284,-20.131597416,-17.095307911));
#6467=DIRECTION('',(1.,-0.,0.));
#6468=VECTOR('',#6467,20.856021364);
#6469=LINE('',#6466,#6468);
#6470=EDGE_CURVE('',#6465,#6457,#6469,.T.);
#6471=ORIENTED_EDGE('',*,*,#6470,.F.);
#6472=CARTESIAN_POINT('',(-70.436191284,-19.175620734,-17.095307911));
#6473=VERTEX_POINT('',#6472);
#6474=CARTESIAN_POINT('',(-70.436191284,-20.131597416,-17.095307911));
#6475=DIRECTION('',(0.,1.,0.));
#6476=VECTOR('',#6475,0.955976682);
#6477=LINE('',#6474,#6476);
#6478=EDGE_CURVE('',#6465,#6473,#6477,.T.);
#6479=ORIENTED_EDGE('',*,*,#6478,.T.);
#6480=CARTESIAN_POINT('',(-86.289119781,-1.335078291,-17.095307911));
#6481=VERTEX_POINT('',#6480);
#6482=CARTESIAN_POINT('',(-60.008180602,6.05425428,-17.095307911));
#6483=DIRECTION('',(0.,0.,-1.));
#6484=DIRECTION('',(-1.,0.,-0.));
#6485=AXIS2_PLACEMENT_3D('',#6482,#6483,#6484);
#6486=CIRCLE('',#6485,27.3);
#6487=EDGE_CURVE('',#6473,#6481,#6486,.T.);
#6488=ORIENTED_EDGE('',*,*,#6487,.T.);
#6489=CARTESIAN_POINT('',(-87.208180602,-1.335078291,-17.095307911));
#6490=DIRECTION('',(1.,0.,0.));
#6491=VECTOR('',#6490,0.919060821);
#6492=LINE('',#6489,#6491);
#6493=EDGE_CURVE('',#6397,#6481,#6492,.T.);
#6494=ORIENTED_EDGE('',*,*,#6493,.F.);
#6495=EDGE_LOOP('',(#6405,#6413,#6422,#6430,#6438,#6446,#6455,#6463,#6471,#6479,#6488,#6494));
#6496=FACE_BOUND('',#6495,.T.);
#6497=CARTESIAN_POINT('',(-72.5,-13.999656118,-17.095307911));
#6498=VERTEX_POINT('',#6497);
#6499=CARTESIAN_POINT('',(-73.5,-13.999656118,-17.095307911));
#6500=VERTEX_POINT('',#6499);
#6501=CARTESIAN_POINT('',(-72.5,-13.999656118,-17.095307911));
#6502=DIRECTION('',(-1.,0.,-0.));
#6503=VECTOR('',#6502,1.);
#6504=LINE('',#6501,#6503);
#6505=EDGE_CURVE('',#6498,#6500,#6504,.T.);
#6506=ORIENTED_EDGE('',*,*,#6505,.F.);
#6507=CARTESIAN_POINT('',(-71.5,-14.999656118,-17.095307911));
#6508=VERTEX_POINT('',#6507);
#6509=CARTESIAN_POINT('',(-72.5,-14.999656118,-17.095307911));
#6510=DIRECTION('',(0.,0.,-1.));
#6511=DIRECTION('',(-1.,0.,-0.));
#6512=AXIS2_PLACEMENT_3D('',#6509,#6510,#6511);
#6513=CIRCLE('',#6512,1.);
#6514=EDGE_CURVE('',#6498,#6508,#6513,.T.);
#6515=ORIENTED_EDGE('',*,*,#6514,.T.);
#6516=CARTESIAN_POINT('',(-71.5,-17.999656118,-17.095307911));
#6517=VERTEX_POINT('',#6516);
#6518=CARTESIAN_POINT('',(-71.5,-14.999656118,-17.095307911));
#6519=DIRECTION('',(0.,-1.,0.));
#6520=VECTOR('',#6519,3.);
#6521=LINE('',#6518,#6520);
#6522=EDGE_CURVE('',#6508,#6517,#6521,.T.);
#6523=ORIENTED_EDGE('',*,*,#6522,.T.);
#6524=CARTESIAN_POINT('',(-48.5,-17.999656118,-17.095307911));
#6525=VERTEX_POINT('',#6524);
#6526=CARTESIAN_POINT('',(-71.5,-17.999656118,-17.095307911));
#6527=DIRECTION('',(1.,0.,0.));
#6528=VECTOR('',#6527,23.);
#6529=LINE('',#6526,#6528);
#6530=EDGE_CURVE('',#6517,#6525,#6529,.T.);
#6531=ORIENTED_EDGE('',*,*,#6530,.T.);
#6532=CARTESIAN_POINT('',(-48.5,-1.999656118,-17.095307911));
#6533=VERTEX_POINT('',#6532);
#6534=CARTESIAN_POINT('',(-48.5,-17.999656118,-17.095307911));
#6535=DIRECTION('',(0.,1.,0.));
#6536=VECTOR('',#6535,16.);
#6537=LINE('',#6534,#6536);
#6538=EDGE_CURVE('',#6525,#6533,#6537,.T.);
#6539=ORIENTED_EDGE('',*,*,#6538,.T.);
#6540=CARTESIAN_POINT('',(-71.5,-1.999656118,-17.095307911));
#6541=VERTEX_POINT('',#6540);
#6542=CARTESIAN_POINT('',(-48.5,-1.999656118,-17.095307911));
#6543=DIRECTION('',(-1.,0.,-0.));
#6544=VECTOR('',#6543,23.);
#6545=LINE('',#6542,#6544);
#6546=EDGE_CURVE('',#6533,#6541,#6545,.T.);
#6547=ORIENTED_EDGE('',*,*,#6546,.T.);
#6548=CARTESIAN_POINT('',(-71.5,-8.999656118,-17.095307911));
#6549=VERTEX_POINT('',#6548);
#6550=CARTESIAN_POINT('',(-71.5,-1.999656118,-17.095307911));
#6551=DIRECTION('',(0.,-1.,0.));
#6552=VECTOR('',#6551,7.);
#6553=LINE('',#6550,#6552);
#6554=EDGE_CURVE('',#6541,#6549,#6553,.T.);
#6555=ORIENTED_EDGE('',*,*,#6554,.T.);
#6556=CARTESIAN_POINT('',(-72.5,-9.999656118,-17.095307911));
#6557=VERTEX_POINT('',#6556);
#6558=CARTESIAN_POINT('',(-72.5,-8.999656118,-17.095307911));
#6559=DIRECTION('',(0.,0.,-1.));
#6560=DIRECTION('',(-1.,0.,-0.));
#6561=AXIS2_PLACEMENT_3D('',#6558,#6559,#6560);
#6562=CIRCLE('',#6561,1.);
#6563=EDGE_CURVE('',#6549,#6557,#6562,.T.);
#6564=ORIENTED_EDGE('',*,*,#6563,.T.);
#6565=CARTESIAN_POINT('',(-73.5,-9.999656118,-17.095307911));
#6566=VERTEX_POINT('',#6565);
#6567=CARTESIAN_POINT('',(-72.5,-9.999656118,-17.095307911));
#6568=DIRECTION('',(-1.,0.,-0.));
#6569=VECTOR('',#6568,1.);
#6570=LINE('',#6567,#6569);
#6571=EDGE_CURVE('',#6557,#6566,#6570,.T.);
#6572=ORIENTED_EDGE('',*,*,#6571,.T.);
#6573=CARTESIAN_POINT('',(-74.5,-10.999656118,-17.095307911));
#6574=VERTEX_POINT('',#6573);
#6575=CARTESIAN_POINT('',(-73.5,-10.999656118,-17.095307911));
#6576=DIRECTION('',(-0.,-0.,1.));
#6577=DIRECTION('',(-1.,0.,-0.));
#6578=AXIS2_PLACEMENT_3D('',#6575,#6576,#6577);
#6579=CIRCLE('',#6578,1.);
#6580=EDGE_CURVE('',#6566,#6574,#6579,.T.);
#6581=ORIENTED_EDGE('',*,*,#6580,.T.);
#6582=CARTESIAN_POINT('',(-74.5,-12.999656118,-17.095307911));
#6583=VERTEX_POINT('',#6582);
#6584=CARTESIAN_POINT('',(-74.5,-12.999656118,-17.095307911));
#6585=DIRECTION('',(0.,1.,0.));
#6586=VECTOR('',#6585,2.);
#6587=LINE('',#6584,#6586);
#6588=EDGE_CURVE('',#6583,#6574,#6587,.T.);
#6589=ORIENTED_EDGE('',*,*,#6588,.F.);
#6590=CARTESIAN_POINT('',(-73.5,-12.999656118,-17.095307911));
#6591=DIRECTION('',(-0.,-0.,1.));
#6592=DIRECTION('',(-1.,0.,-0.));
#6593=AXIS2_PLACEMENT_3D('',#6590,#6591,#6592);
#6594=CIRCLE('',#6593,1.);
#6595=EDGE_CURVE('',#6583,#6500,#6594,.T.);
#6596=ORIENTED_EDGE('',*,*,#6595,.T.);
#6597=EDGE_LOOP('',(#6506,#6515,#6523,#6531,#6539,#6547,#6555,#6564,#6572,#6581,#6589,#6596));
#6598=FACE_BOUND('',#6597,.T.);
#6599=CARTESIAN_POINT('',(-52.39755189,4.152493857,-17.095307911));
#6600=VERTEX_POINT('',#6599);
#6601=CARTESIAN_POINT('',(-52.39755189,0.796366449,-17.095307911));
#6602=VERTEX_POINT('',#6601);
#6603=CARTESIAN_POINT('',(-52.39755189,4.152493857,-17.095307911));
#6604=DIRECTION('',(-0.,-1.,-0.));
#6605=VECTOR('',#6604,3.356127409);
#6606=LINE('',#6603,#6605);
#6607=EDGE_CURVE('',#6600,#6602,#6606,.T.);
#6608=ORIENTED_EDGE('',*,*,#6607,.F.);
#6609=CARTESIAN_POINT('',(-56.344190172,11.412031621,-17.095307911));
#6610=VERTEX_POINT('',#6609);
#6611=CARTESIAN_POINT('',(-47.694190172,11.412031621,-17.095307911));
#6612=DIRECTION('',(-0.,-0.,1.));
#6613=DIRECTION('',(-1.,0.,-0.));
#6614=AXIS2_PLACEMENT_3D('',#6611,#6612,#6613);
#6615=CIRCLE('',#6614,8.65);
#6616=EDGE_CURVE('',#6600,#6610,#6615,.T.);
#6617=ORIENTED_EDGE('',*,*,#6616,.T.);
#6618=CARTESIAN_POINT('',(-52.786503945,4.41983308,-17.095307911));
#6619=VERTEX_POINT('',#6618);
#6620=CARTESIAN_POINT('',(-47.694190172,11.412031621,-17.095307911));
#6621=DIRECTION('',(-0.,-0.,1.));
#6622=DIRECTION('',(-1.,0.,-0.));
#6623=AXIS2_PLACEMENT_3D('',#6620,#6621,#6622);
#6624=CIRCLE('',#6623,8.65);
#6625=EDGE_CURVE('',#6610,#6619,#6624,.T.);
#6626=ORIENTED_EDGE('',*,*,#6625,.T.);
#6627=CARTESIAN_POINT('',(-57.094890521,4.41983308,-17.095307911));
#6628=VERTEX_POINT('',#6627);
#6629=CARTESIAN_POINT('',(-52.786503945,4.41983308,-17.095307911));
#6630=DIRECTION('',(-1.,0.,-0.));
#6631=VECTOR('',#6630,4.308386576);
#6632=LINE('',#6629,#6631);
#6633=EDGE_CURVE('',#6619,#6628,#6632,.T.);
#6634=ORIENTED_EDGE('',*,*,#6633,.T.);
#6635=CARTESIAN_POINT('',(-83.708180602,4.435982026,-17.095307911));
#6636=VERTEX_POINT('',#6635);
#6637=CARTESIAN_POINT('',(-83.708180602,4.435982026,-17.095307911));
#6638=DIRECTION('',(0.999999816,-0.0006068,0.));
#6639=VECTOR('',#6638,26.61329498);
#6640=LINE('',#6637,#6639);
#6641=EDGE_CURVE('',#6636,#6628,#6640,.T.);
#6642=ORIENTED_EDGE('',*,*,#6641,.F.);
#6643=CARTESIAN_POINT('',(-83.708180602,0.86113736,-17.095307911));
#6644=VERTEX_POINT('',#6643);
#6645=CARTESIAN_POINT('',(-83.708180602,0.86113736,-17.095307911));
#6646=DIRECTION('',(0.,1.,0.));
#6647=VECTOR('',#6646,3.574844666);
#6648=LINE('',#6645,#6647);
#6649=EDGE_CURVE('',#6644,#6636,#6648,.T.);
#6650=ORIENTED_EDGE('',*,*,#6649,.F.);
#6651=CARTESIAN_POINT('',(-68.770007746,0.830235423,-17.095307911));
#6652=VERTEX_POINT('',#6651);
#6653=CARTESIAN_POINT('',(-68.770007746,0.830235423,-17.095307911));
#6654=DIRECTION('',(-0.99999786,0.002068651,-0.));
#6655=VECTOR('',#6654,14.938204819);
#6656=LINE('',#6653,#6655);
#6657=EDGE_CURVE('',#6652,#6644,#6656,.T.);
#6658=ORIENTED_EDGE('',*,*,#6657,.F.);
#6659=CARTESIAN_POINT('',(-68.770007746,0.796366449,-17.095307911));
#6660=VERTEX_POINT('',#6659);
#6661=CARTESIAN_POINT('',(-68.770007746,0.830235423,-17.095307911));
#6662=DIRECTION('',(-0.,-1.,-0.));
#6663=VECTOR('',#6662,0.033868975);
#6664=LINE('',#6661,#6663);
#6665=EDGE_CURVE('',#6652,#6660,#6664,.T.);
#6666=ORIENTED_EDGE('',*,*,#6665,.T.);
#6667=CARTESIAN_POINT('',(-56.420007746,0.796366449,-17.095307911));
#6668=DIRECTION('',(-1.,0.,-0.));
#6669=VECTOR('',#6668,12.35);
#6670=LINE('',#6667,#6669);
#6671=EDGE_CURVE('',#6030,#6660,#6670,.T.);
#6672=ORIENTED_EDGE('',*,*,#6671,.F.);
#6673=ORIENTED_EDGE('',*,*,#6035,.F.);
#6674=CARTESIAN_POINT('',(-52.39755189,0.796366449,-17.095307911));
#6675=DIRECTION('',(-0.99999786,0.002068651,-0.));
#6676=VECTOR('',#6675,4.022464462);
#6677=LINE('',#6674,#6676);
#6678=EDGE_CURVE('',#6602,#6020,#6677,.T.);
#6679=ORIENTED_EDGE('',*,*,#6678,.F.);
#6680=EDGE_LOOP('',(#6608,#6617,#6626,#6634,#6642,#6650,#6658,#6666,#6672,#6673,#6679));
#6681=FACE_BOUND('',#6680,.T.);
#6682=CARTESIAN_POINT('',(-60.008180602,-0.860073862,-17.095307911));
#6683=VERTEX_POINT('',#6682);
#6684=CARTESIAN_POINT('',(-60.008180602,-0.083616727,-17.095307911));
#6685=DIRECTION('',(-0.,-0.,1.));
#6686=DIRECTION('',(-0.,-1.,-0.));
#6687=AXIS2_PLACEMENT_3D('',#6684,#6685,#6686);
#6688=ELLIPSE('',#6687,0.776457135,0.75);
#6689=EDGE_CURVE('',#6683,#6683,#6688,.T.);
#6690=ORIENTED_EDGE('',*,*,#6689,.T.);
#6691=EDGE_LOOP('',(#6690));
#6692=FACE_BOUND('',#6691,.T.);
#6693=CARTESIAN_POINT('',(-49.808180602,23.841846414,-17.095307911));
#6694=VERTEX_POINT('',#6693);
#6695=CARTESIAN_POINT('',(-49.008180602,23.841846414,-17.095307911));
#6696=DIRECTION('',(0.,0.,-1.));
#6697=DIRECTION('',(-1.,0.,-0.));
#6698=AXIS2_PLACEMENT_3D('',#6695,#6696,#6697);
#6699=CIRCLE('',#6698,0.8);
#6700=EDGE_CURVE('',#6694,#6694,#6699,.T.);
#6701=ORIENTED_EDGE('',*,*,#6700,.F.);
#6702=EDGE_LOOP('',(#6701));
#6703=FACE_BOUND('',#6702,.T.);
#6704=CARTESIAN_POINT('',(-71.808180602,23.841846414,-17.095307911));
#6705=VERTEX_POINT('',#6704);
#6706=CARTESIAN_POINT('',(-71.008180602,23.841846414,-17.095307911));
#6707=DIRECTION('',(0.,0.,-1.));
#6708=DIRECTION('',(-1.,0.,-0.));
#6709=AXIS2_PLACEMENT_3D('',#6706,#6707,#6708);
#6710=CIRCLE('',#6709,0.8);
#6711=EDGE_CURVE('',#6705,#6705,#6710,.T.);
#6712=ORIENTED_EDGE('',*,*,#6711,.F.);
#6713=EDGE_LOOP('',(#6712));
#6714=FACE_BOUND('',#6713,.T.);
#6715=CARTESIAN_POINT('',(-78.3,-5.999656118,-17.095307911));
#6716=VERTEX_POINT('',#6715);
#6717=CARTESIAN_POINT('',(-77.5,-5.999656118,-17.095307911));
#6718=DIRECTION('',(0.,0.,-1.));
#6719=DIRECTION('',(-1.,0.,-0.));
#6720=AXIS2_PLACEMENT_3D('',#6717,#6718,#6719);
#6721=CIRCLE('',#6720,0.8);
#6722=EDGE_CURVE('',#6716,#6716,#6721,.T.);
#6723=ORIENTED_EDGE('',*,*,#6722,.F.);
#6724=EDGE_LOOP('',(#6723));
#6725=FACE_BOUND('',#6724,.T.);
#6726=CARTESIAN_POINT('',(-43.3,-5.999656118,-17.095307911));
#6727=VERTEX_POINT('',#6726);
#6728=CARTESIAN_POINT('',(-42.5,-5.999656118,-17.095307911));
#6729=DIRECTION('',(0.,0.,-1.));
#6730=DIRECTION('',(-1.,0.,-0.));
#6731=AXIS2_PLACEMENT_3D('',#6728,#6729,#6730);
#6732=CIRCLE('',#6731,0.8);
#6733=EDGE_CURVE('',#6727,#6727,#6732,.T.);
#6734=ORIENTED_EDGE('',*,*,#6733,.F.);
#6735=EDGE_LOOP('',(#6734));
#6736=FACE_BOUND('',#6735,.T.);
#6737=CARTESIAN_POINT('',(-38.358150953,5.662166074,-17.095307911));
#6738=VERTEX_POINT('',#6737);
#6739=CARTESIAN_POINT('',(-38.358150953,6.697442255,-17.095307911));
#6740=DIRECTION('',(-0.,0.,1.));
#6741=DIRECTION('',(-0.,-1.,-0.));
#6742=AXIS2_PLACEMENT_3D('',#6739,#6740,#6741);
#6743=ELLIPSE('',#6742,1.03527618,1.);
#6744=EDGE_CURVE('',#6738,#6738,#6743,.T.);
#6745=ORIENTED_EDGE('',*,*,#6744,.T.);
#6746=EDGE_LOOP('',(#6745));
#6747=FACE_BOUND('',#6746,.T.);
#6748=CARTESIAN_POINT('',(-81.658180602,5.662166074,-17.095307911));
#6749=VERTEX_POINT('',#6748);
#6750=CARTESIAN_POINT('',(-81.658180602,6.697442255,-17.095307911));
#6751=DIRECTION('',(-0.,-0.,1.));
#6752=DIRECTION('',(-0.,-1.,-0.));
#6753=AXIS2_PLACEMENT_3D('',#6750,#6751,#6752);
#6754=ELLIPSE('',#6753,1.03527618,1.);
#6755=EDGE_CURVE('',#6749,#6749,#6754,.T.);
#6756=ORIENTED_EDGE('',*,*,#6755,.T.);
#6757=EDGE_LOOP('',(#6756));
#6758=FACE_BOUND('',#6757,.T.);
#6759=CARTESIAN_POINT('',(-85.208180602,6.645678446,-17.095307911));
#6760=VERTEX_POINT('',#6759);
#6761=CARTESIAN_POINT('',(-85.208180602,6.697442255,-17.095307911));
#6762=DIRECTION('',(-0.,-0.,1.));
#6763=DIRECTION('',(-0.,-1.,-0.));
#6764=AXIS2_PLACEMENT_3D('',#6761,#6762,#6763);
#6765=ELLIPSE('',#6764,0.051763809,0.05);
#6766=EDGE_CURVE('',#6760,#6760,#6765,.T.);
#6767=ORIENTED_EDGE('',*,*,#6766,.T.);
#6768=EDGE_LOOP('',(#6767));
#6769=FACE_BOUND('',#6768,.T.);
#6770=CARTESIAN_POINT('',(-34.808180602,6.645678446,-17.095307911));
#6771=VERTEX_POINT('',#6770);
#6772=CARTESIAN_POINT('',(-34.808180602,6.697442255,-17.095307911));
#6773=DIRECTION('',(-0.,0.,1.));
#6774=DIRECTION('',(-0.,-1.,-0.));
#6775=AXIS2_PLACEMENT_3D('',#6772,#6773,#6774);
#6776=ELLIPSE('',#6775,0.051763809,0.05);
#6777=EDGE_CURVE('',#6771,#6771,#6776,.T.);
#6778=ORIENTED_EDGE('',*,*,#6777,.T.);
#6779=EDGE_LOOP('',(#6778));
#6780=FACE_BOUND('',#6779,.T.);
#6781=CARTESIAN_POINT('',(-55.008180602,28.841846414,-17.095307911));
#6782=VERTEX_POINT('',#6781);
#6783=CARTESIAN_POINT('',(-65.008180602,28.841846414,-17.095307911));
#6784=VERTEX_POINT('',#6783);
#6785=CARTESIAN_POINT('',(-55.008180602,28.841846414,-17.095307911));
#6786=DIRECTION('',(-1.,0.,-0.));
#6787=VECTOR('',#6786,10.);
#6788=LINE('',#6785,#6787);
#6789=EDGE_CURVE('',#6782,#6784,#6788,.T.);
#6790=ORIENTED_EDGE('',*,*,#6789,.T.);
#6791=CARTESIAN_POINT('',(-65.008180602,18.841846414,-17.095307911));
#6792=VERTEX_POINT('',#6791);
#6793=CARTESIAN_POINT('',(-65.008180602,28.841846414,-17.095307911));
#6794=DIRECTION('',(0.,-1.,0.));
#6795=VECTOR('',#6794,10.);
#6796=LINE('',#6793,#6795);
#6797=EDGE_CURVE('',#6784,#6792,#6796,.T.);
#6798=ORIENTED_EDGE('',*,*,#6797,.T.);
#6799=CARTESIAN_POINT('',(-55.008180602,18.841846414,-17.095307911));
#6800=VERTEX_POINT('',#6799);
#6801=CARTESIAN_POINT('',(-65.008180602,18.841846414,-17.095307911));
#6802=DIRECTION('',(1.,-0.,0.));
#6803=VECTOR('',#6802,10.);
#6804=LINE('',#6801,#6803);
#6805=EDGE_CURVE('',#6792,#6800,#6804,.T.);
#6806=ORIENTED_EDGE('',*,*,#6805,.T.);
#6807=CARTESIAN_POINT('',(-55.008180602,18.841846414,-17.095307911));
#6808=DIRECTION('',(0.,1.,0.));
#6809=VECTOR('',#6808,10.);
#6810=LINE('',#6807,#6809);
#6811=EDGE_CURVE('',#6800,#6782,#6810,.T.);
#6812=ORIENTED_EDGE('',*,*,#6811,.T.);
#6813=EDGE_LOOP('',(#6790,#6798,#6806,#6812));
#6814=FACE_BOUND('',#6813,.T.);
#6815=CARTESIAN_POINT('',(-37.808180602,-1.067129098,-17.095307911));
#6816=VERTEX_POINT('',#6815);
#6817=CARTESIAN_POINT('',(-37.808180602,0.485785172,-17.095307911));
#6818=VERTEX_POINT('',#6817);
#6819=CARTESIAN_POINT('',(-37.808180602,-1.067129098,-17.095307911));
#6820=DIRECTION('',(0.,1.,0.));
#6821=VECTOR('',#6820,1.552914271);
#6822=LINE('',#6819,#6821);
#6823=EDGE_CURVE('',#6816,#6818,#6822,.T.);
#6824=ORIENTED_EDGE('',*,*,#6823,.T.);
#6825=CARTESIAN_POINT('',(-42.808180602,0.485785172,-17.095307911));
#6826=VERTEX_POINT('',#6825);
#6827=CARTESIAN_POINT('',(-37.808180602,0.485785172,-17.095307911));
#6828=DIRECTION('',(-1.,0.,-0.));
#6829=VECTOR('',#6828,5.);
#6830=LINE('',#6827,#6829);
#6831=EDGE_CURVE('',#6818,#6826,#6830,.T.);
#6832=ORIENTED_EDGE('',*,*,#6831,.T.);
#6833=CARTESIAN_POINT('',(-42.808180602,-1.067129098,-17.095307911));
#6834=VERTEX_POINT('',#6833);
#6835=CARTESIAN_POINT('',(-42.808180602,0.485785172,-17.095307911));
#6836=DIRECTION('',(-0.,-1.,-0.));
#6837=VECTOR('',#6836,1.552914271);
#6838=LINE('',#6835,#6837);
#6839=EDGE_CURVE('',#6826,#6834,#6838,.T.);
#6840=ORIENTED_EDGE('',*,*,#6839,.T.);
#6841=CARTESIAN_POINT('',(-37.808180602,-1.067129098,-17.095307911));
#6842=DIRECTION('',(-1.,0.,-0.));
#6843=VECTOR('',#6842,5.);
#6844=LINE('',#6841,#6843);
#6845=EDGE_CURVE('',#6816,#6834,#6844,.T.);
#6846=ORIENTED_EDGE('',*,*,#6845,.F.);
#6847=EDGE_LOOP('',(#6824,#6832,#6840,#6846));
#6848=FACE_BOUND('',#6847,.T.);
#6849=ADVANCED_FACE('',(#6496,#6598,#6681,#6692,#6703,#6714,#6725,#6736,#6747,#6758,#6769,#6780,#6814,#6848),#6395,.T.);
#6850=CARTESIAN_POINT('',(-68.770007746,2.482309966,-18.074742734));
#6851=DIRECTION('',(1.,-0.,0.));
#6852=DIRECTION('',(0.,0.,-1.));
#6853=AXIS2_PLACEMENT_3D('',#6850,#6851,#6852);
#6854=PLANE('',#6853);
#6855=ORIENTED_EDGE('',*,*,#6665,.F.);
#6856=CARTESIAN_POINT('',(-68.770007746,0.830235423,-17.095307911));
#6857=DIRECTION('',(-0.,-0.258819045,0.965925826));
#6858=VECTOR('',#6857,1.526350254);
#6859=LINE('',#6856,#6858);
#6860=EDGE_CURVE('',#6652,#6077,#6859,.T.);
#6861=ORIENTED_EDGE('',*,*,#6860,.T.);
#6862=ORIENTED_EDGE('',*,*,#6082,.F.);
#6863=CARTESIAN_POINT('',(-68.770007746,0.796366449,-17.095307911));
#6864=DIRECTION('',(-0.,-0.258819045,0.965925826));
#6865=VECTOR('',#6864,1.517584318);
#6866=LINE('',#6863,#6865);
#6867=EDGE_CURVE('',#6660,#6069,#6866,.T.);
#6868=ORIENTED_EDGE('',*,*,#6867,.F.);
#6869=EDGE_LOOP('',(#6855,#6861,#6862,#6868));
#6870=FACE_BOUND('',#6869,.T.);
#6871=ADVANCED_FACE('',(#6870),#6854,.T.);
#6872=CARTESIAN_POINT('',(-83.708180602,2.344603111,-17.386947848));
#6873=DIRECTION('',(-1.,0.,-0.));
#6874=DIRECTION('',(-0.,0.,1.));
#6875=AXIS2_PLACEMENT_3D('',#6872,#6873,#6874);
#6876=PLANE('',#6875);
#6877=ORIENTED_EDGE('',*,*,#6649,.T.);
#6878=CARTESIAN_POINT('',(-83.708180602,4.435982026,-17.095307911));
#6879=DIRECTION('',(-0.,-0.258819045,0.965925826));
#6880=VECTOR('',#6879,2.459586147);
#6881=LINE('',#6878,#6880);
#6882=EDGE_CURVE('',#6636,#6093,#6881,.T.);
#6883=ORIENTED_EDGE('',*,*,#6882,.T.);
#6884=ORIENTED_EDGE('',*,*,#6098,.T.);
#6885=CARTESIAN_POINT('',(-83.708180602,0.86113736,-17.095307911));
#6886=DIRECTION('',(-0.,-0.258819045,0.965925826));
#6887=VECTOR('',#6886,1.534348264);
#6888=LINE('',#6885,#6887);
#6889=EDGE_CURVE('',#6644,#6085,#6888,.T.);
#6890=ORIENTED_EDGE('',*,*,#6889,.F.);
#6891=EDGE_LOOP('',(#6877,#6883,#6884,#6890));
#6892=FACE_BOUND('',#6891,.T.);
#6893=ADVANCED_FACE('',(#6892),#6876,.F.);
#6894=CARTESIAN_POINT('',(-71.5,-9.999656118,-15.095307911));
#6895=DIRECTION('',(1.,0.,0.));
#6896=DIRECTION('',(0.,0.,-1.));
#6897=AXIS2_PLACEMENT_3D('',#6894,#6895,#6896);
#6898=PLANE('',#6897);
#6899=CARTESIAN_POINT('',(-71.5,-2.999656118,-15.095307911));
#6900=VERTEX_POINT('',#6899);
#6901=CARTESIAN_POINT('',(-71.5,-8.999656118,-15.095307911));
#6902=VERTEX_POINT('',#6901);
#6903=CARTESIAN_POINT('',(-71.5,-2.999656118,-15.095307911));
#6904=DIRECTION('',(0.,-1.,0.));
#6905=VECTOR('',#6904,6.);
#6906=LINE('',#6903,#6905);
#6907=EDGE_CURVE('',#6900,#6902,#6906,.T.);
#6908=ORIENTED_EDGE('',*,*,#6907,.T.);
#6909=CARTESIAN_POINT('',(-71.5,-8.999656118,-15.095307911));
#6910=DIRECTION('',(0.,0.,-1.));
#6911=VECTOR('',#6910,2.);
#6912=LINE('',#6909,#6911);
#6913=EDGE_CURVE('',#6902,#6549,#6912,.T.);
#6914=ORIENTED_EDGE('',*,*,#6913,.T.);
#6915=ORIENTED_EDGE('',*,*,#6554,.F.);
#6916=CARTESIAN_POINT('',(-71.5,-1.999656118,-16.095307911));
#6917=VERTEX_POINT('',#6916);
#6918=CARTESIAN_POINT('',(-71.5,-1.999656118,-16.095307911));
#6919=DIRECTION('',(0.,0.,-1.));
#6920=VECTOR('',#6919,1.);
#6921=LINE('',#6918,#6920);
#6922=EDGE_CURVE('',#6917,#6541,#6921,.T.);
#6923=ORIENTED_EDGE('',*,*,#6922,.F.);
#6924=CARTESIAN_POINT('',(-71.5,-1.999656118,-16.095307911));
#6925=DIRECTION('',(-0.,-0.707106781,0.707106781));
#6926=VECTOR('',#6925,1.414213562);
#6927=LINE('',#6924,#6926);
#6928=EDGE_CURVE('',#6917,#6900,#6927,.T.);
#6929=ORIENTED_EDGE('',*,*,#6928,.T.);
#6930=EDGE_LOOP('',(#6908,#6914,#6915,#6923,#6929));
#6931=FACE_BOUND('',#6930,.T.);
#6932=ADVANCED_FACE('',(#6931),#6898,.T.);
#6933=CARTESIAN_POINT('',(-85.208180602,7.669334913,-20.722460692));
#6934=DIRECTION('',(-0.,-0.258819045,0.965925826));
#6935=DIRECTION('',(0.,-0.965925826,-0.258819045));
#6936=AXIS2_PLACEMENT_3D('',#6933,#6934,#6935);
#6937=CYLINDRICAL_SURFACE('',#6936,0.05);
#6938=CARTESIAN_POINT('',(-85.209847269,6.508143567,-16.5819134));
#6939=VERTEX_POINT('',#6938);
#6940=CARTESIAN_POINT('',(-85.208180602,6.508116728,-16.581920591));
#6941=DIRECTION('',(0.,0.258819045,-0.965925826));
#6942=VECTOR('',#6941,0.531497664);
#6943=LINE('',#6940,#6942);
#6944=EDGE_CURVE('',#6939,#6760,#6943,.T.);
#6945=ORIENTED_EDGE('',*,*,#6944,.F.);
#6946=CARTESIAN_POINT('',(-85.209847269,6.508143567,-16.5819134));
#6947=DIRECTION('',(-0.,-0.258819045,0.965925826));
#6948=VECTOR('',#6947,2.5);
#6949=LINE('',#6946,#6948);
#6950=EDGE_CURVE('',#6939,#6364,#6949,.T.);
#6951=ORIENTED_EDGE('',*,*,#6950,.T.);
#6952=ORIENTED_EDGE('',*,*,#6370,.F.);
#6953=CARTESIAN_POINT('',(-85.209847269,6.604682472,-16.556045878));
#6954=VERTEX_POINT('',#6953);
#6955=CARTESIAN_POINT('',(-85.209847269,6.604682472,-16.556045878));
#6956=DIRECTION('',(-0.,-0.258819045,0.965925826));
#6957=VECTOR('',#6956,2.5);
#6958=LINE('',#6955,#6957);
#6959=EDGE_CURVE('',#6954,#6362,#6958,.T.);
#6960=ORIENTED_EDGE('',*,*,#6959,.F.);
#6961=CARTESIAN_POINT('',(-85.208180602,6.556413019,-16.568979639));
#6962=DIRECTION('',(0.,0.258819045,-0.965925826));
#6963=DIRECTION('',(-0.,0.965925826,0.258819045));
#6964=AXIS2_PLACEMENT_3D('',#6961,#6962,#6963);
#6965=CIRCLE('',#6964,0.05);
#6966=EDGE_CURVE('',#6939,#6954,#6965,.T.);
#6967=ORIENTED_EDGE('',*,*,#6966,.F.);
#6968=ORIENTED_EDGE('',*,*,#6944,.T.);
#6969=ORIENTED_EDGE('',*,*,#6766,.F.);
#6970=EDGE_LOOP('',(#6945,#6951,#6952,#6960,#6967,#6968,#6969));
#6971=FACE_BOUND('',#6970,.T.);
#6972=ADVANCED_FACE('',(#6971),#6937,.F.);
#6973=CARTESIAN_POINT('',(-34.808180602,7.074051109,-18.500831291));
#6974=DIRECTION('',(-0.,-0.258819045,0.965925826));
#6975=DIRECTION('',(0.,-0.965925826,-0.258819045));
#6976=AXIS2_PLACEMENT_3D('',#6973,#6974,#6975);
#6977=CYLINDRICAL_SURFACE('',#6976,0.05);
#6978=CARTESIAN_POINT('',(-34.806513935,6.508143567,-16.5819134));
#6979=VERTEX_POINT('',#6978);
#6980=CARTESIAN_POINT('',(-34.808180602,6.508116728,-16.581920591));
#6981=DIRECTION('',(0.,0.258819045,-0.965925826));
#6982=VECTOR('',#6981,0.531497664);
#6983=LINE('',#6980,#6982);
#6984=EDGE_CURVE('',#6979,#6771,#6983,.T.);
#6985=ORIENTED_EDGE('',*,*,#6984,.F.);
#6986=CARTESIAN_POINT('',(-34.806513935,6.604682472,-16.556045878));
#6987=VERTEX_POINT('',#6986);
#6988=CARTESIAN_POINT('',(-34.808180602,6.556413019,-16.568979639));
#6989=DIRECTION('',(0.,0.258819045,-0.965925826));
#6990=DIRECTION('',(-0.,0.965925826,0.258819045));
#6991=AXIS2_PLACEMENT_3D('',#6988,#6989,#6990);
#6992=CIRCLE('',#6991,0.05);
#6993=EDGE_CURVE('',#6987,#6979,#6992,.T.);
#6994=ORIENTED_EDGE('',*,*,#6993,.F.);
#6995=CARTESIAN_POINT('',(-34.806513935,6.604682472,-16.556045878));
#6996=DIRECTION('',(-0.,-0.258819045,0.965925826));
#6997=VECTOR('',#6996,2.5);
#6998=LINE('',#6995,#6997);
#6999=EDGE_CURVE('',#6987,#6335,#6998,.T.);
#7000=ORIENTED_EDGE('',*,*,#6999,.T.);
#7001=ORIENTED_EDGE('',*,*,#6341,.F.);
#7002=CARTESIAN_POINT('',(-34.806513935,6.508143567,-16.5819134));
#7003=DIRECTION('',(-0.,-0.258819045,0.965925826));
#7004=VECTOR('',#7003,2.5);
#7005=LINE('',#7002,#7004);
#7006=EDGE_CURVE('',#6979,#6333,#7005,.T.);
#7007=ORIENTED_EDGE('',*,*,#7006,.F.);
#7008=ORIENTED_EDGE('',*,*,#6984,.T.);
#7009=ORIENTED_EDGE('',*,*,#6777,.F.);
#7010=EDGE_LOOP('',(#6985,#6994,#7000,#7001,#7007,#7008,#7009));
#7011=FACE_BOUND('',#7010,.T.);
#7012=ADVANCED_FACE('',(#7011),#6977,.F.);
#7013=CARTESIAN_POINT('',(-61.458180602,6.840616056,-11.834084853));
#7014=DIRECTION('',(-0.,0.965925826,0.258819045));
#7015=DIRECTION('',(0.,-0.258819045,0.965925826));
#7016=AXIS2_PLACEMENT_3D('',#7013,#7014,#7015);
#7017=PLANE('',#7016);
#7018=CARTESIAN_POINT('',(-33.108180602,6.840616056,-11.834084853));
#7019=VERTEX_POINT('',#7018);
#7020=CARTESIAN_POINT('',(-32.808180602,6.840616056,-11.834084853));
#7021=VERTEX_POINT('',#7020);
#7022=CARTESIAN_POINT('',(-33.108180602,6.840616056,-11.834084853));
#7023=DIRECTION('',(1.,0.,0.));
#7024=VECTOR('',#7023,0.3);
#7025=LINE('',#7022,#7024);
#7026=EDGE_CURVE('',#7019,#7021,#7025,.T.);
#7027=ORIENTED_EDGE('',*,*,#7026,.F.);
#7028=CARTESIAN_POINT('',(-33.108180602,6.840616056,-11.834084853));
#7029=DIRECTION('',(0.,0.258819045,-0.965925826));
#7030=VECTOR('',#7029,2.);
#7031=LINE('',#7028,#7030);
#7032=EDGE_CURVE('',#7019,#6151,#7031,.T.);
#7033=ORIENTED_EDGE('',*,*,#7032,.T.);
#7034=ORIENTED_EDGE('',*,*,#6156,.T.);
#7035=CARTESIAN_POINT('',(-32.808180602,6.840616056,-11.834084853));
#7036=DIRECTION('',(0.,0.258819045,-0.965925826));
#7037=VECTOR('',#7036,2.);
#7038=LINE('',#7035,#7037);
#7039=EDGE_CURVE('',#7021,#6143,#7038,.T.);
#7040=ORIENTED_EDGE('',*,*,#7039,.F.);
#7041=EDGE_LOOP('',(#7027,#7033,#7034,#7040));
#7042=FACE_BOUND('',#7041,.T.);
#7043=ADVANCED_FACE('',(#7042),#7017,.F.);
#7044=CARTESIAN_POINT('',(-88.808180602,11.960022935,-10.462343914));
#7045=DIRECTION('',(-0.,-0.258819045,0.965925826));
#7046=DIRECTION('',(0.,-0.965925826,-0.258819045));
#7047=AXIS2_PLACEMENT_3D('',#7044,#7045,#7046);
#7048=PLANE('',#7047);
#7049=CARTESIAN_POINT('',(-33.308180602,8.965652873,-11.264682954));
#7050=VERTEX_POINT('',#7049);
#7051=CARTESIAN_POINT('',(-33.308180602,7.033801221,-11.782321044));
#7052=VERTEX_POINT('',#7051);
#7053=CARTESIAN_POINT('',(-33.308180602,8.965652873,-11.264682954));
#7054=DIRECTION('',(-0.,-0.965925826,-0.258819045));
#7055=VECTOR('',#7054,2.);
#7056=LINE('',#7053,#7055);
#7057=EDGE_CURVE('',#7050,#7052,#7056,.T.);
#7058=ORIENTED_EDGE('',*,*,#7057,.T.);
#7059=CARTESIAN_POINT('',(-33.108180602,7.033801221,-11.782321044));
#7060=DIRECTION('',(-0.,-0.258819045,0.965925826));
#7061=DIRECTION('',(0.,-0.965925826,-0.258819045));
#7062=AXIS2_PLACEMENT_3D('',#7059,#7060,#7061);
#7063=CIRCLE('',#7062,0.2);
#7064=EDGE_CURVE('',#7052,#7019,#7063,.T.);
#7065=ORIENTED_EDGE('',*,*,#7064,.T.);
#7066=ORIENTED_EDGE('',*,*,#7026,.T.);
#7067=CARTESIAN_POINT('',(-32.808180602,10.897504526,-10.747044863));
#7068=VERTEX_POINT('',#7067);
#7069=CARTESIAN_POINT('',(-32.808180602,10.897504526,-10.747044863));
#7070=DIRECTION('',(0.,-0.965925826,-0.258819045));
#7071=VECTOR('',#7070,4.2);
#7072=LINE('',#7069,#7071);
#7073=EDGE_CURVE('',#7068,#7021,#7072,.T.);
#7074=ORIENTED_EDGE('',*,*,#7073,.F.);
#7075=CARTESIAN_POINT('',(-87.208180602,10.897504526,-10.747044863));
#7076=VERTEX_POINT('',#7075);
#7077=CARTESIAN_POINT('',(-32.808180602,10.897504526,-10.747044863));
#7078=DIRECTION('',(-1.,0.,-0.));
#7079=VECTOR('',#7078,54.4);
#7080=LINE('',#7077,#7079);
#7081=EDGE_CURVE('',#7068,#7076,#7080,.T.);
#7082=ORIENTED_EDGE('',*,*,#7081,.T.);
#7083=CARTESIAN_POINT('',(-87.208180602,6.840616056,-11.834084853));
#7084=VERTEX_POINT('',#7083);
#7085=CARTESIAN_POINT('',(-87.208180602,10.897504526,-10.747044863));
#7086=DIRECTION('',(0.,-0.965925826,-0.258819045));
#7087=VECTOR('',#7086,4.2);
#7088=LINE('',#7085,#7087);
#7089=EDGE_CURVE('',#7076,#7084,#7088,.T.);
#7090=ORIENTED_EDGE('',*,*,#7089,.T.);
#7091=CARTESIAN_POINT('',(-86.908180602,6.840616056,-11.834084853));
#7092=VERTEX_POINT('',#7091);
#7093=CARTESIAN_POINT('',(-87.208180602,6.840616056,-11.834084853));
#7094=DIRECTION('',(1.,0.,0.));
#7095=VECTOR('',#7094,0.3);
#7096=LINE('',#7093,#7095);
#7097=EDGE_CURVE('',#7084,#7092,#7096,.T.);
#7098=ORIENTED_EDGE('',*,*,#7097,.T.);
#7099=CARTESIAN_POINT('',(-86.708180602,7.033801221,-11.782321044));
#7100=VERTEX_POINT('',#7099);
#7101=CARTESIAN_POINT('',(-86.908180602,7.033801221,-11.782321044));
#7102=DIRECTION('',(-0.,-0.258819045,0.965925826));
#7103=DIRECTION('',(0.,-0.965925826,-0.258819045));
#7104=AXIS2_PLACEMENT_3D('',#7101,#7102,#7103);
#7105=CIRCLE('',#7104,0.2);
#7106=EDGE_CURVE('',#7092,#7100,#7105,.T.);
#7107=ORIENTED_EDGE('',*,*,#7106,.T.);
#7108=CARTESIAN_POINT('',(-86.708180602,8.965652873,-11.264682954));
#7109=VERTEX_POINT('',#7108);
#7110=CARTESIAN_POINT('',(-86.708180602,7.033801221,-11.782321044));
#7111=DIRECTION('',(-0.,0.965925826,0.258819045));
#7112=VECTOR('',#7111,2.);
#7113=LINE('',#7110,#7112);
#7114=EDGE_CURVE('',#7100,#7109,#7113,.T.);
#7115=ORIENTED_EDGE('',*,*,#7114,.T.);
#7116=CARTESIAN_POINT('',(-84.308180602,8.965652873,-11.264682954));
#7117=VERTEX_POINT('',#7116);
#7118=CARTESIAN_POINT('',(-86.708180602,8.965652873,-11.264682954));
#7119=DIRECTION('',(1.,-0.,0.));
#7120=VECTOR('',#7119,2.4);
#7121=LINE('',#7118,#7120);
#7122=EDGE_CURVE('',#7109,#7117,#7121,.T.);
#7123=ORIENTED_EDGE('',*,*,#7122,.T.);
#7124=CARTESIAN_POINT('',(-84.308180602,7.033801221,-11.782321044));
#7125=VERTEX_POINT('',#7124);
#7126=CARTESIAN_POINT('',(-84.308180602,8.965652873,-11.264682954));
#7127=DIRECTION('',(0.,-0.965925826,-0.258819045));
#7128=VECTOR('',#7127,2.);
#7129=LINE('',#7126,#7128);
#7130=EDGE_CURVE('',#7117,#7125,#7129,.T.);
#7131=ORIENTED_EDGE('',*,*,#7130,.T.);
#7132=CARTESIAN_POINT('',(-84.108180602,6.840616056,-11.834084853));
#7133=VERTEX_POINT('',#7132);
#7134=CARTESIAN_POINT('',(-84.108180602,7.033801221,-11.782321044));
#7135=DIRECTION('',(-0.,-0.258819045,0.965925826));
#7136=DIRECTION('',(0.,-0.965925826,-0.258819045));
#7137=AXIS2_PLACEMENT_3D('',#7134,#7135,#7136);
#7138=CIRCLE('',#7137,0.2);
#7139=EDGE_CURVE('',#7125,#7133,#7138,.T.);
#7140=ORIENTED_EDGE('',*,*,#7139,.T.);
#7141=CARTESIAN_POINT('',(-35.908180602,6.840616056,-11.834084853));
#7142=VERTEX_POINT('',#7141);
#7143=CARTESIAN_POINT('',(-84.108180602,6.840616056,-11.834084853));
#7144=DIRECTION('',(1.,0.,0.));
#7145=VECTOR('',#7144,48.2);
#7146=LINE('',#7143,#7145);
#7147=EDGE_CURVE('',#7133,#7142,#7146,.T.);
#7148=ORIENTED_EDGE('',*,*,#7147,.T.);
#7149=CARTESIAN_POINT('',(-35.708180602,7.033801221,-11.782321044));
#7150=VERTEX_POINT('',#7149);
#7151=CARTESIAN_POINT('',(-35.908180602,7.033801221,-11.782321044));
#7152=DIRECTION('',(-0.,-0.258819045,0.965925826));
#7153=DIRECTION('',(0.,-0.965925826,-0.258819045));
#7154=AXIS2_PLACEMENT_3D('',#7151,#7152,#7153);
#7155=CIRCLE('',#7154,0.2);
#7156=EDGE_CURVE('',#7142,#7150,#7155,.T.);
#7157=ORIENTED_EDGE('',*,*,#7156,.T.);
#7158=CARTESIAN_POINT('',(-35.708180602,8.965652873,-11.264682954));
#7159=VERTEX_POINT('',#7158);
#7160=CARTESIAN_POINT('',(-35.708180602,7.033801221,-11.782321044));
#7161=DIRECTION('',(0.,0.965925826,0.258819045));
#7162=VECTOR('',#7161,2.);
#7163=LINE('',#7160,#7162);
#7164=EDGE_CURVE('',#7150,#7159,#7163,.T.);
#7165=ORIENTED_EDGE('',*,*,#7164,.T.);
#7166=CARTESIAN_POINT('',(-35.708180602,8.965652873,-11.264682954));
#7167=DIRECTION('',(1.,-0.,0.));
#7168=VECTOR('',#7167,2.4);
#7169=LINE('',#7166,#7168);
#7170=EDGE_CURVE('',#7159,#7050,#7169,.T.);
#7171=ORIENTED_EDGE('',*,*,#7170,.T.);
#7172=EDGE_LOOP('',(#7058,#7065,#7066,#7074,#7082,#7090,#7098,#7107,#7115,#7123,#7131,#7140,#7148,#7157,#7165,#7171));
#7173=FACE_BOUND('',#7172,.T.);
#7174=ADVANCED_FACE('',(#7173),#7048,.T.);
#7175=CARTESIAN_POINT('',(-61.458180602,6.840616056,-11.834084853));
#7176=DIRECTION('',(-0.,0.965925826,0.258819045));
#7177=DIRECTION('',(0.,-0.258819045,0.965925826));
#7178=AXIS2_PLACEMENT_3D('',#7175,#7176,#7177);
#7179=PLANE('',#7178);
#7180=ORIENTED_EDGE('',*,*,#6206,.T.);
#7181=CARTESIAN_POINT('',(-35.908180602,7.358254146,-13.765936505));
#7182=DIRECTION('',(-0.,-0.258819045,0.965925826));
#7183=VECTOR('',#7182,2.);
#7184=LINE('',#7181,#7183);
#7185=EDGE_CURVE('',#6192,#7142,#7184,.T.);
#7186=ORIENTED_EDGE('',*,*,#7185,.T.);
#7187=ORIENTED_EDGE('',*,*,#7147,.F.);
#7188=CARTESIAN_POINT('',(-84.108180602,6.840616056,-11.834084853));
#7189=DIRECTION('',(0.,0.258819045,-0.965925826));
#7190=VECTOR('',#7189,2.);
#7191=LINE('',#7188,#7190);
#7192=EDGE_CURVE('',#7133,#6201,#7191,.T.);
#7193=ORIENTED_EDGE('',*,*,#7192,.T.);
#7194=EDGE_LOOP('',(#7180,#7186,#7187,#7193));
#7195=FACE_BOUND('',#7194,.T.);
#7196=ADVANCED_FACE('',(#7195),#7179,.F.);
#7197=CARTESIAN_POINT('',(-60.008180602,23.841846414,-13.095307911));
#7198=DIRECTION('',(0.,0.,-1.));
#7199=DIRECTION('',(-1.,0.,-0.));
#7200=AXIS2_PLACEMENT_3D('',#7197,#7198,#7199);
#7201=CYLINDRICAL_SURFACE('',#7200,5.);
#7202=CARTESIAN_POINT('',(-65.008180602,23.841846414,-16.095307911));
#7203=VERTEX_POINT('',#7202);
#7204=CARTESIAN_POINT('',(-65.008180602,23.841846414,-13.095307911));
#7205=VERTEX_POINT('',#7204);
#7206=CARTESIAN_POINT('',(-65.008180602,23.841846414,-16.095307911));
#7207=DIRECTION('',(-0.,-0.,1.));
#7208=VECTOR('',#7207,3.);
#7209=LINE('',#7206,#7208);
#7210=EDGE_CURVE('',#7203,#7205,#7209,.T.);
#7211=ORIENTED_EDGE('',*,*,#7210,.F.);
#7212=CARTESIAN_POINT('',(-60.900000537,28.761669297,-16.095307911));
#7213=VERTEX_POINT('',#7212);
#7214=CARTESIAN_POINT('',(-60.008180602,23.841846414,-16.095307911));
#7215=DIRECTION('',(0.,0.,-1.));
#7216=DIRECTION('',(-1.,0.,-0.));
#7217=AXIS2_PLACEMENT_3D('',#7214,#7215,#7216);
#7218=CIRCLE('',#7217,5.);
#7219=EDGE_CURVE('',#7203,#7213,#7218,.T.);
#7220=ORIENTED_EDGE('',*,*,#7219,.T.);
#7221=CARTESIAN_POINT('',(-60.900000537,28.761669297,-13.095307911));
#7222=VERTEX_POINT('',#7221);
#7223=CARTESIAN_POINT('',(-60.900000537,28.761669297,-16.095307911));
#7224=DIRECTION('',(-0.,-0.,1.));
#7225=VECTOR('',#7224,3.);
#7226=LINE('',#7223,#7225);
#7227=EDGE_CURVE('',#7213,#7222,#7226,.T.);
#7228=ORIENTED_EDGE('',*,*,#7227,.T.);
#7229=CARTESIAN_POINT('',(-60.008180602,23.841846414,-13.095307911));
#7230=DIRECTION('',(0.,0.,-1.));
#7231=DIRECTION('',(-1.,0.,-0.));
#7232=AXIS2_PLACEMENT_3D('',#7229,#7230,#7231);
#7233=CIRCLE('',#7232,5.);
#7234=EDGE_CURVE('',#7205,#7222,#7233,.T.);
#7235=ORIENTED_EDGE('',*,*,#7234,.F.);
#7236=EDGE_LOOP('',(#7211,#7220,#7228,#7235));
#7237=FACE_BOUND('',#7236,.T.);
#7238=ADVANCED_FACE('',(#7237),#7201,.F.);
#7239=CARTESIAN_POINT('',(-60.008180602,6.05425428,-12.095307911));
#7240=DIRECTION('',(0.,0.,-1.));
#7241=DIRECTION('',(-1.,0.,-0.));
#7242=AXIS2_PLACEMENT_3D('',#7239,#7240,#7241);
#7243=CYLINDRICAL_SURFACE('',#7242,28.185851696);
#7244=CARTESIAN_POINT('',(-70.436191284,-20.131597416,-16.295307911));
#7245=VERTEX_POINT('',#7244);
#7246=CARTESIAN_POINT('',(-70.436191284,-20.131597416,-15.095307911));
#7247=VERTEX_POINT('',#7246);
#7248=CARTESIAN_POINT('',(-70.436191284,-20.131597416,-16.295307911));
#7249=DIRECTION('',(-0.,0.,1.));
#7250=VECTOR('',#7249,1.2);
#7251=LINE('',#7248,#7250);
#7252=EDGE_CURVE('',#7245,#7247,#7251,.T.);
#7253=ORIENTED_EDGE('',*,*,#7252,.T.);
#7254=CARTESIAN_POINT('',(-87.133966707,-1.603027483,-15.095307911));
#7255=VERTEX_POINT('',#7254);
#7256=CARTESIAN_POINT('',(-60.008180602,6.05425428,-15.095307911));
#7257=DIRECTION('',(0.,0.,-1.));
#7258=DIRECTION('',(-1.,0.,-0.));
#7259=AXIS2_PLACEMENT_3D('',#7256,#7257,#7258);
#7260=CIRCLE('',#7259,28.185851696);
#7261=EDGE_CURVE('',#7247,#7255,#7260,.T.);
#7262=ORIENTED_EDGE('',*,*,#7261,.T.);
#7263=CARTESIAN_POINT('',(-60.008180602,6.05425428,-43.672672501));
#7264=DIRECTION('',(0.,0.965925826,0.258819045));
#7265=DIRECTION('',(0.,0.258819045,-0.965925826));
#7266=AXIS2_PLACEMENT_3D('',#7263,#7264,#7265);
#7267=ELLIPSE('',#7266,108.901768358,28.185851696);
#7268=EDGE_CURVE('',#6259,#7255,#7267,.T.);
#7269=ORIENTED_EDGE('',*,*,#7268,.F.);
#7270=CARTESIAN_POINT('',(-87.208180602,-1.335078291,-16.295307911));
#7271=VERTEX_POINT('',#7270);
#7272=CARTESIAN_POINT('',(-87.208180602,-1.335078291,-16.295307911));
#7273=DIRECTION('',(-0.,0.,1.));
#7274=VECTOR('',#7273,0.2);
#7275=LINE('',#7272,#7274);
#7276=EDGE_CURVE('',#7271,#6259,#7275,.T.);
#7277=ORIENTED_EDGE('',*,*,#7276,.F.);
#7278=CARTESIAN_POINT('',(-60.008180602,6.05425428,-16.295307911));
#7279=DIRECTION('',(0.,0.,-1.));
#7280=DIRECTION('',(-1.,0.,-0.));
#7281=AXIS2_PLACEMENT_3D('',#7278,#7279,#7280);
#7282=CIRCLE('',#7281,28.185851696);
#7283=EDGE_CURVE('',#7245,#7271,#7282,.T.);
#7284=ORIENTED_EDGE('',*,*,#7283,.F.);
#7285=EDGE_LOOP('',(#7253,#7262,#7269,#7277,#7284));
#7286=FACE_BOUND('',#7285,.T.);
#7287=ADVANCED_FACE('',(#7286),#7243,.T.);
#7288=CARTESIAN_POINT('',(-60.,0.,-16.095307911));
#7289=DIRECTION('',(0.,0.,-1.));
#7290=DIRECTION('',(-1.,0.,-0.));
#7291=AXIS2_PLACEMENT_3D('',#7288,#7289,#7290);
#7292=PLANE('',#7291);
#7293=CARTESIAN_POINT('',(-60.667827178,27.88843342,-16.095307911));
#7294=VERTEX_POINT('',#7293);
#7295=CARTESIAN_POINT('',(-59.343426985,27.887597596,-16.095307911));
#7296=VERTEX_POINT('',#7295);
#7297=CARTESIAN_POINT('',(-60.008180602,23.841846414,-16.095307911));
#7298=DIRECTION('',(0.,0.,-1.));
#7299=DIRECTION('',(-1.,0.,-0.));
#7300=AXIS2_PLACEMENT_3D('',#7297,#7298,#7299);
#7301=CIRCLE('',#7300,4.1);
#7302=EDGE_CURVE('',#7294,#7296,#7301,.T.);
#7303=ORIENTED_EDGE('',*,*,#7302,.F.);
#7304=CARTESIAN_POINT('',(-60.900005059,28.085829246,-16.095307911));
#7305=VERTEX_POINT('',#7304);
#7306=CARTESIAN_POINT('',(-60.700005059,28.085827908,-16.095307911));
#7307=DIRECTION('',(0.,0.,-1.));
#7308=DIRECTION('',(-1.,0.,-0.));
#7309=AXIS2_PLACEMENT_3D('',#7306,#7307,#7308);
#7310=CIRCLE('',#7309,0.2);
#7311=EDGE_CURVE('',#7294,#7305,#7310,.T.);
#7312=ORIENTED_EDGE('',*,*,#7311,.T.);
#7313=CARTESIAN_POINT('',(-60.900000537,28.761669297,-16.095307911));
#7314=DIRECTION('',(-0.000006692,-1.,-0.));
#7315=VECTOR('',#7314,0.675840051);
#7316=LINE('',#7313,#7315);
#7317=EDGE_CURVE('',#7213,#7305,#7316,.T.);
#7318=ORIENTED_EDGE('',*,*,#7317,.F.);
#7319=ORIENTED_EDGE('',*,*,#7219,.F.);
#7320=CARTESIAN_POINT('',(-65.008180602,28.841846414,-16.095307911));
#7321=VERTEX_POINT('',#7320);
#7322=CARTESIAN_POINT('',(-65.008180602,28.841846414,-16.095307911));
#7323=DIRECTION('',(0.,-1.,0.));
#7324=VECTOR('',#7323,5.);
#7325=LINE('',#7322,#7324);
#7326=EDGE_CURVE('',#7321,#7203,#7325,.T.);
#7327=ORIENTED_EDGE('',*,*,#7326,.F.);
#7328=CARTESIAN_POINT('',(-55.008180602,28.841846414,-16.095307911));
#7329=VERTEX_POINT('',#7328);
#7330=CARTESIAN_POINT('',(-55.008180602,28.841846414,-16.095307911));
#7331=DIRECTION('',(-1.,0.,-0.));
#7332=VECTOR('',#7331,10.);
#7333=LINE('',#7330,#7332);
#7334=EDGE_CURVE('',#7329,#7321,#7333,.T.);
#7335=ORIENTED_EDGE('',*,*,#7334,.F.);
#7336=CARTESIAN_POINT('',(-55.008180602,23.841846414,-16.095307911));
#7337=VERTEX_POINT('',#7336);
#7338=CARTESIAN_POINT('',(-55.008180602,23.841846414,-16.095307911));
#7339=DIRECTION('',(0.,1.,0.));
#7340=VECTOR('',#7339,5.);
#7341=LINE('',#7338,#7340);
#7342=EDGE_CURVE('',#7337,#7329,#7341,.T.);
#7343=ORIENTED_EDGE('',*,*,#7342,.F.);
#7344=CARTESIAN_POINT('',(-59.101212521,28.758899281,-16.095307911));
#7345=VERTEX_POINT('',#7344);
#7346=CARTESIAN_POINT('',(-60.008180602,23.841846414,-16.095307911));
#7347=DIRECTION('',(0.,0.,-1.));
#7348=DIRECTION('',(-1.,0.,-0.));
#7349=AXIS2_PLACEMENT_3D('',#7346,#7347,#7348);
#7350=CIRCLE('',#7349,5.);
#7351=EDGE_CURVE('',#7345,#7337,#7350,.T.);
#7352=ORIENTED_EDGE('',*,*,#7351,.F.);
#7353=CARTESIAN_POINT('',(-59.111020976,28.082053334,-16.095307911));
#7354=VERTEX_POINT('',#7353);
#7355=CARTESIAN_POINT('',(-59.101212521,28.758899281,-16.095307911));
#7356=DIRECTION('',(-0.014489893,-0.999895016,-0.));
#7357=VECTOR('',#7356,0.676917013);
#7358=LINE('',#7355,#7357);
#7359=EDGE_CURVE('',#7345,#7354,#7358,.T.);
#7360=ORIENTED_EDGE('',*,*,#7359,.T.);
#7361=CARTESIAN_POINT('',(-59.310999979,28.084951312,-16.095307911));
#7362=DIRECTION('',(0.,0.,-1.));
#7363=DIRECTION('',(-1.,0.,-0.));
#7364=AXIS2_PLACEMENT_3D('',#7361,#7362,#7363);
#7365=CIRCLE('',#7364,0.2);
#7366=EDGE_CURVE('',#7354,#7296,#7365,.T.);
#7367=ORIENTED_EDGE('',*,*,#7366,.T.);
#7368=EDGE_LOOP('',(#7303,#7312,#7318,#7319,#7327,#7335,#7343,#7352,#7360,#7367));
#7369=FACE_BOUND('',#7368,.T.);
#7370=ADVANCED_FACE('',(#7369),#7292,.T.);
#7371=CARTESIAN_POINT('',(-60.,0.,-16.095307911));
#7372=DIRECTION('',(0.,0.,-1.));
#7373=DIRECTION('',(-1.,0.,-0.));
#7374=AXIS2_PLACEMENT_3D('',#7371,#7372,#7373);
#7375=PLANE('',#7374);
#7376=CARTESIAN_POINT('',(-60.008180602,18.841846414,-16.095307911));
#7377=VERTEX_POINT('',#7376);
#7378=CARTESIAN_POINT('',(-60.008180602,23.841846414,-16.095307911));
#7379=DIRECTION('',(0.,0.,-1.));
#7380=DIRECTION('',(-1.,0.,-0.));
#7381=AXIS2_PLACEMENT_3D('',#7378,#7379,#7380);
#7382=CIRCLE('',#7381,5.);
#7383=EDGE_CURVE('',#7337,#7377,#7382,.T.);
#7384=ORIENTED_EDGE('',*,*,#7383,.F.);
#7385=CARTESIAN_POINT('',(-55.008180602,18.841846414,-16.095307911));
#7386=VERTEX_POINT('',#7385);
#7387=CARTESIAN_POINT('',(-55.008180602,18.841846414,-16.095307911));
#7388=DIRECTION('',(0.,1.,0.));
#7389=VECTOR('',#7388,5.);
#7390=LINE('',#7387,#7389);
#7391=EDGE_CURVE('',#7386,#7337,#7390,.T.);
#7392=ORIENTED_EDGE('',*,*,#7391,.F.);
#7393=CARTESIAN_POINT('',(-60.008180602,18.841846414,-16.095307911));
#7394=DIRECTION('',(1.,-0.,0.));
#7395=VECTOR('',#7394,5.);
#7396=LINE('',#7393,#7395);
#7397=EDGE_CURVE('',#7377,#7386,#7396,.T.);
#7398=ORIENTED_EDGE('',*,*,#7397,.F.);
#7399=EDGE_LOOP('',(#7384,#7392,#7398));
#7400=FACE_BOUND('',#7399,.T.);
#7401=ADVANCED_FACE('',(#7400),#7375,.T.);
#7402=CARTESIAN_POINT('',(-60.008180602,23.841846414,-30.095307911));
#7403=DIRECTION('',(-0.,0.,1.));
#7404=DIRECTION('',(1.,0.,0.));
#7405=AXIS2_PLACEMENT_3D('',#7402,#7403,#7404);
#7406=CYLINDRICAL_SURFACE('',#7405,4.1);
#7407=CARTESIAN_POINT('',(-55.908180602,23.841846414,-12.095307911));
#7408=VERTEX_POINT('',#7407);
#7409=CARTESIAN_POINT('',(-55.908180602,23.841846414,-13.095307911));
#7410=VERTEX_POINT('',#7409);
#7411=CARTESIAN_POINT('',(-55.908180602,23.841846414,-12.095307911));
#7412=DIRECTION('',(0.,-0.,-1.));
#7413=VECTOR('',#7412,1.);
#7414=LINE('',#7411,#7413);
#7415=EDGE_CURVE('',#7408,#7410,#7414,.T.);
#7416=ORIENTED_EDGE('',*,*,#7415,.F.);
#7417=CARTESIAN_POINT('',(-64.108180602,23.841846414,-12.095307911));
#7418=VERTEX_POINT('',#7417);
#7419=CARTESIAN_POINT('',(-60.008180602,23.841846414,-12.095307911));
#7420=DIRECTION('',(-0.,-0.,1.));
#7421=DIRECTION('',(-1.,0.,-0.));
#7422=AXIS2_PLACEMENT_3D('',#7419,#7420,#7421);
#7423=CIRCLE('',#7422,4.1);
#7424=EDGE_CURVE('',#7408,#7418,#7423,.T.);
#7425=ORIENTED_EDGE('',*,*,#7424,.T.);
#7426=CARTESIAN_POINT('',(-60.008180602,23.841846414,-12.095307911));
#7427=DIRECTION('',(-0.,-0.,1.));
#7428=DIRECTION('',(-1.,0.,-0.));
#7429=AXIS2_PLACEMENT_3D('',#7426,#7427,#7428);
#7430=CIRCLE('',#7429,4.1);
#7431=EDGE_CURVE('',#7418,#7408,#7430,.T.);
#7432=ORIENTED_EDGE('',*,*,#7431,.T.);
#7433=ORIENTED_EDGE('',*,*,#7415,.T.);
#7434=CARTESIAN_POINT('',(-60.667827178,27.88843342,-13.095307911));
#7435=VERTEX_POINT('',#7434);
#7436=CARTESIAN_POINT('',(-60.008180602,23.841846414,-13.095307911));
#7437=DIRECTION('',(0.,0.,-1.));
#7438=DIRECTION('',(-1.,0.,-0.));
#7439=AXIS2_PLACEMENT_3D('',#7436,#7437,#7438);
#7440=CIRCLE('',#7439,4.1);
#7441=EDGE_CURVE('',#7410,#7435,#7440,.T.);
#7442=ORIENTED_EDGE('',*,*,#7441,.T.);
#7443=CARTESIAN_POINT('',(-60.667827178,27.88843342,-13.095307911));
#7444=DIRECTION('',(0.,-0.,-1.));
#7445=VECTOR('',#7444,3.);
#7446=LINE('',#7443,#7445);
#7447=EDGE_CURVE('',#7435,#7294,#7446,.T.);
#7448=ORIENTED_EDGE('',*,*,#7447,.T.);
#7449=ORIENTED_EDGE('',*,*,#7302,.T.);
#7450=CARTESIAN_POINT('',(-59.343426985,27.887597596,-13.095307911));
#7451=VERTEX_POINT('',#7450);
#7452=CARTESIAN_POINT('',(-59.343426985,27.887597596,-16.095307911));
#7453=DIRECTION('',(-0.,0.,1.));
#7454=VECTOR('',#7453,3.);
#7455=LINE('',#7452,#7454);
#7456=EDGE_CURVE('',#7296,#7451,#7455,.T.);
#7457=ORIENTED_EDGE('',*,*,#7456,.T.);
#7458=CARTESIAN_POINT('',(-60.008180602,23.841846414,-13.095307911));
#7459=DIRECTION('',(0.,0.,-1.));
#7460=DIRECTION('',(-1.,0.,-0.));
#7461=AXIS2_PLACEMENT_3D('',#7458,#7459,#7460);
#7462=CIRCLE('',#7461,4.1);
#7463=EDGE_CURVE('',#7451,#7410,#7462,.T.);
#7464=ORIENTED_EDGE('',*,*,#7463,.T.);
#7465=EDGE_LOOP('',(#7416,#7425,#7432,#7433,#7442,#7448,#7449,#7457,#7464));
#7466=FACE_BOUND('',#7465,.T.);
#7467=ADVANCED_FACE('',(#7466),#7406,.F.);
#7468=CARTESIAN_POINT('',(-87.208180602,9.371832484,-0.803085651));
#7469=DIRECTION('',(-1.,0.,-0.));
#7470=DIRECTION('',(-0.,-0.258819045,0.965925826));
#7471=AXIS2_PLACEMENT_3D('',#7468,#7469,#7470);
#7472=PLANE('',#7471);
#7473=CARTESIAN_POINT('',(-87.208180602,9.08577121,-3.985564079));
#7474=VERTEX_POINT('',#7473);
#7475=CARTESIAN_POINT('',(-87.208180602,10.148289619,-3.70086313));
#7476=VERTEX_POINT('',#7475);
#7477=CARTESIAN_POINT('',(-87.208180602,9.08577121,-3.985564079));
#7478=DIRECTION('',(0.,0.965925826,0.258819045));
#7479=VECTOR('',#7478,1.1);
#7480=LINE('',#7477,#7479);
#7481=EDGE_CURVE('',#7474,#7476,#7480,.T.);
#7482=ORIENTED_EDGE('',*,*,#7481,.T.);
#7483=CARTESIAN_POINT('',(-87.208180602,13.443586851,-15.999079826));
#7484=VERTEX_POINT('',#7483);
#7485=CARTESIAN_POINT('',(-87.208180602,10.148289619,-3.70086313));
#7486=DIRECTION('',(0.,0.258819045,-0.965925826));
#7487=VECTOR('',#7486,12.732050808);
#7488=LINE('',#7485,#7487);
#7489=EDGE_CURVE('',#7476,#7484,#7488,.T.);
#7490=ORIENTED_EDGE('',*,*,#7489,.T.);
#7491=CARTESIAN_POINT('',(-87.208180602,13.443586851,-16.295307911));
#7492=VERTEX_POINT('',#7491);
#7493=CARTESIAN_POINT('',(-87.208180602,13.443586851,-15.999079826));
#7494=DIRECTION('',(0.,0.,-1.));
#7495=VECTOR('',#7494,0.296228085);
#7496=LINE('',#7493,#7495);
#7497=EDGE_CURVE('',#7484,#7492,#7496,.T.);
#7498=ORIENTED_EDGE('',*,*,#7497,.T.);
#7499=CARTESIAN_POINT('',(-87.208180602,13.443586851,-16.295307911));
#7500=DIRECTION('',(0.,0.,-1.));
#7501=VECTOR('',#7500,0.8);
#7502=LINE('',#7499,#7501);
#7503=EDGE_CURVE('',#7492,#6399,#7502,.T.);
#7504=ORIENTED_EDGE('',*,*,#7503,.T.);
#7505=ORIENTED_EDGE('',*,*,#6404,.F.);
#7506=CARTESIAN_POINT('',(-87.208180602,-1.335078291,-17.095307911));
#7507=DIRECTION('',(-0.,0.,1.));
#7508=VECTOR('',#7507,0.8);
#7509=LINE('',#7506,#7508);
#7510=EDGE_CURVE('',#6397,#7271,#7509,.T.);
#7511=ORIENTED_EDGE('',*,*,#7510,.T.);
#7512=ORIENTED_EDGE('',*,*,#7276,.T.);
#7513=ORIENTED_EDGE('',*,*,#6264,.F.);
#7514=CARTESIAN_POINT('',(-87.208180602,6.840616056,-11.834084853));
#7515=DIRECTION('',(0.,0.258819045,-0.965925826));
#7516=VECTOR('',#7515,2.);
#7517=LINE('',#7514,#7516);
#7518=EDGE_CURVE('',#7084,#6251,#7517,.T.);
#7519=ORIENTED_EDGE('',*,*,#7518,.F.);
#7520=ORIENTED_EDGE('',*,*,#7089,.F.);
#7521=CARTESIAN_POINT('',(-87.208180602,9.08577121,-3.985564079));
#7522=DIRECTION('',(0.,0.258819045,-0.965925826));
#7523=VECTOR('',#7522,7.);
#7524=LINE('',#7521,#7523);
#7525=EDGE_CURVE('',#7474,#7076,#7524,.T.);
#7526=ORIENTED_EDGE('',*,*,#7525,.F.);
#7527=EDGE_LOOP('',(#7482,#7490,#7498,#7504,#7505,#7511,#7512,#7513,#7519,#7520,#7526));
#7528=FACE_BOUND('',#7527,.T.);
#7529=ADVANCED_FACE('',(#7528),#7472,.T.);
#7530=CARTESIAN_POINT('',(-60.008180602,10.33775831,-0.544266606));
#7531=DIRECTION('',(0.,0.965925826,0.258819045));
#7532=DIRECTION('',(-1.,0.,0.));
#7533=AXIS2_PLACEMENT_3D('',#7530,#7531,#7532);
#7534=PLANE('',#7533);
#7535=CARTESIAN_POINT('',(-86.208180602,13.443586851,-12.135376521));
#7536=VERTEX_POINT('',#7535);
#7537=CARTESIAN_POINT('',(-33.808180602,13.443586851,-12.135376521));
#7538=VERTEX_POINT('',#7537);
#7539=CARTESIAN_POINT('',(-86.208180602,13.443586851,-12.135376521));
#7540=DIRECTION('',(1.,-0.,0.));
#7541=VECTOR('',#7540,52.4);
#7542=LINE('',#7539,#7541);
#7543=EDGE_CURVE('',#7536,#7538,#7542,.T.);
#7544=ORIENTED_EDGE('',*,*,#7543,.F.);
#7545=CARTESIAN_POINT('',(-86.208180602,11.114215446,-3.442044085));
#7546=VERTEX_POINT('',#7545);
#7547=CARTESIAN_POINT('',(-86.208180602,13.443586851,-12.135376521));
#7548=DIRECTION('',(-0.,-0.258819045,0.965925826));
#7549=VECTOR('',#7548,9.);
#7550=LINE('',#7547,#7549);
#7551=EDGE_CURVE('',#7536,#7546,#7550,.T.);
#7552=ORIENTED_EDGE('',*,*,#7551,.T.);
#7553=CARTESIAN_POINT('',(-84.208180602,10.596577355,-1.510192432));
#7554=VERTEX_POINT('',#7553);
#7555=CARTESIAN_POINT('',(-84.208180602,11.114215446,-3.442044085));
#7556=DIRECTION('',(0.,0.965925826,0.258819045));
#7557=DIRECTION('',(0.,-0.258819045,0.965925826));
#7558=AXIS2_PLACEMENT_3D('',#7555,#7556,#7557);
#7559=CIRCLE('',#7558,2.);
#7560=EDGE_CURVE('',#7546,#7554,#7559,.T.);
#7561=ORIENTED_EDGE('',*,*,#7560,.T.);
#7562=CARTESIAN_POINT('',(-35.808180602,10.596577355,-1.510192432));
#7563=VERTEX_POINT('',#7562);
#7564=CARTESIAN_POINT('',(-84.208180602,10.596577355,-1.510192432));
#7565=DIRECTION('',(1.,-0.,0.));
#7566=VECTOR('',#7565,48.4);
#7567=LINE('',#7564,#7566);
#7568=EDGE_CURVE('',#7554,#7563,#7567,.T.);
#7569=ORIENTED_EDGE('',*,*,#7568,.T.);
#7570=CARTESIAN_POINT('',(-33.808180602,11.114215446,-3.442044085));
#7571=VERTEX_POINT('',#7570);
#7572=CARTESIAN_POINT('',(-35.808180602,11.114215446,-3.442044085));
#7573=DIRECTION('',(0.,0.965925826,0.258819045));
#7574=DIRECTION('',(0.,-0.258819045,0.965925826));
#7575=AXIS2_PLACEMENT_3D('',#7572,#7573,#7574);
#7576=CIRCLE('',#7575,2.);
#7577=EDGE_CURVE('',#7563,#7571,#7576,.T.);
#7578=ORIENTED_EDGE('',*,*,#7577,.T.);
#7579=CARTESIAN_POINT('',(-33.808180602,11.114215446,-3.442044085));
#7580=DIRECTION('',(0.,0.258819045,-0.965925826));
#7581=VECTOR('',#7580,9.);
#7582=LINE('',#7579,#7581);
#7583=EDGE_CURVE('',#7571,#7538,#7582,.T.);
#7584=ORIENTED_EDGE('',*,*,#7583,.T.);
#7585=EDGE_LOOP('',(#7544,#7552,#7561,#7569,#7578,#7584));
#7586=FACE_BOUND('',#7585,.T.);
#7587=ADVANCED_FACE('',(#7586),#7534,.T.);
#7588=CARTESIAN_POINT('',(-32.808180602,9.371832484,-0.803085651));
#7589=DIRECTION('',(1.,-0.,0.));
#7590=DIRECTION('',(0.,0.258819045,-0.965925826));
#7591=AXIS2_PLACEMENT_3D('',#7588,#7589,#7590);
#7592=PLANE('',#7591);
#7593=CARTESIAN_POINT('',(-32.808180602,13.443586851,-15.999079826));
#7594=VERTEX_POINT('',#7593);
#7595=CARTESIAN_POINT('',(-32.808180602,13.443586851,-16.295307911));
#7596=VERTEX_POINT('',#7595);
#7597=CARTESIAN_POINT('',(-32.808180602,13.443586851,-15.999079826));
#7598=DIRECTION('',(0.,0.,-1.));
#7599=VECTOR('',#7598,0.296228085);
#7600=LINE('',#7597,#7599);
#7601=EDGE_CURVE('',#7594,#7596,#7600,.T.);
#7602=ORIENTED_EDGE('',*,*,#7601,.F.);
#7603=CARTESIAN_POINT('',(-32.808180602,10.148289619,-3.70086313));
#7604=VERTEX_POINT('',#7603);
#7605=CARTESIAN_POINT('',(-32.808180602,13.443586851,-15.999079826));
#7606=DIRECTION('',(-0.,-0.258819045,0.965925826));
#7607=VECTOR('',#7606,12.732050808);
#7608=LINE('',#7605,#7607);
#7609=EDGE_CURVE('',#7594,#7604,#7608,.T.);
#7610=ORIENTED_EDGE('',*,*,#7609,.T.);
#7611=CARTESIAN_POINT('',(-32.808180602,9.08577121,-3.985564079));
#7612=VERTEX_POINT('',#7611);
#7613=CARTESIAN_POINT('',(-32.808180602,10.148289619,-3.70086313));
#7614=DIRECTION('',(0.,-0.965925826,-0.258819045));
#7615=VECTOR('',#7614,1.1);
#7616=LINE('',#7613,#7615);
#7617=EDGE_CURVE('',#7604,#7612,#7616,.T.);
#7618=ORIENTED_EDGE('',*,*,#7617,.T.);
#7619=CARTESIAN_POINT('',(-32.808180602,9.08577121,-3.985564079));
#7620=DIRECTION('',(0.,0.258819045,-0.965925826));
#7621=VECTOR('',#7620,7.);
#7622=LINE('',#7619,#7621);
#7623=EDGE_CURVE('',#7612,#7068,#7622,.T.);
#7624=ORIENTED_EDGE('',*,*,#7623,.T.);
#7625=ORIENTED_EDGE('',*,*,#7073,.T.);
#7626=ORIENTED_EDGE('',*,*,#7039,.T.);
#7627=ORIENTED_EDGE('',*,*,#6148,.T.);
#7628=CARTESIAN_POINT('',(-32.808180602,-1.335078291,-16.295307911));
#7629=VERTEX_POINT('',#7628);
#7630=CARTESIAN_POINT('',(-32.808180602,-1.335078291,-16.295307911));
#7631=DIRECTION('',(-0.,0.,1.));
#7632=VECTOR('',#7631,0.2);
#7633=LINE('',#7630,#7632);
#7634=EDGE_CURVE('',#7629,#6135,#7633,.T.);
#7635=ORIENTED_EDGE('',*,*,#7634,.F.);
#7636=CARTESIAN_POINT('',(-32.808180602,-1.335078291,-17.095307911));
#7637=DIRECTION('',(-0.,0.,1.));
#7638=VECTOR('',#7637,0.8);
#7639=LINE('',#7636,#7638);
#7640=EDGE_CURVE('',#6432,#7629,#7639,.T.);
#7641=ORIENTED_EDGE('',*,*,#7640,.F.);
#7642=ORIENTED_EDGE('',*,*,#6437,.T.);
#7643=CARTESIAN_POINT('',(-32.808180602,13.443586851,-16.295307911));
#7644=DIRECTION('',(0.,0.,-1.));
#7645=VECTOR('',#7644,0.8);
#7646=LINE('',#7643,#7645);
#7647=EDGE_CURVE('',#7596,#6424,#7646,.T.);
#7648=ORIENTED_EDGE('',*,*,#7647,.F.);
#7649=EDGE_LOOP('',(#7602,#7610,#7618,#7624,#7625,#7626,#7627,#7635,#7641,#7642,#7648));
#7650=FACE_BOUND('',#7649,.T.);
#7651=ADVANCED_FACE('',(#7650),#7592,.T.);
#7652=CARTESIAN_POINT('',(-60.008180602,8.309314075,-1.087786601));
#7653=DIRECTION('',(-0.,-0.965925826,-0.258819045));
#7654=DIRECTION('',(1.,-0.,-0.));
#7655=AXIS2_PLACEMENT_3D('',#7652,#7653,#7654);
#7656=PLANE('',#7655);
#7657=ORIENTED_EDGE('',*,*,#7623,.F.);
#7658=CARTESIAN_POINT('',(-35.808180602,8.309314075,-1.087786601));
#7659=VERTEX_POINT('',#7658);
#7660=CARTESIAN_POINT('',(-35.808180602,9.08577121,-3.985564079));
#7661=DIRECTION('',(-0.,-0.965925826,-0.258819045));
#7662=DIRECTION('',(0.,0.258819045,-0.965925826));
#7663=AXIS2_PLACEMENT_3D('',#7660,#7661,#7662);
#7664=CIRCLE('',#7663,3.);
#7665=EDGE_CURVE('',#7612,#7659,#7664,.T.);
#7666=ORIENTED_EDGE('',*,*,#7665,.T.);
#7667=CARTESIAN_POINT('',(-84.208180602,8.309314075,-1.087786601));
#7668=VERTEX_POINT('',#7667);
#7669=CARTESIAN_POINT('',(-35.808180602,8.309314075,-1.087786601));
#7670=DIRECTION('',(-1.,0.,-0.));
#7671=VECTOR('',#7670,48.4);
#7672=LINE('',#7669,#7671);
#7673=EDGE_CURVE('',#7659,#7668,#7672,.T.);
#7674=ORIENTED_EDGE('',*,*,#7673,.T.);
#7675=CARTESIAN_POINT('',(-84.208180602,9.08577121,-3.985564079));
#7676=DIRECTION('',(-0.,-0.965925826,-0.258819045));
#7677=DIRECTION('',(0.,0.258819045,-0.965925826));
#7678=AXIS2_PLACEMENT_3D('',#7675,#7676,#7677);
#7679=CIRCLE('',#7678,3.);
#7680=EDGE_CURVE('',#7668,#7474,#7679,.T.);
#7681=ORIENTED_EDGE('',*,*,#7680,.T.);
#7682=ORIENTED_EDGE('',*,*,#7525,.T.);
#7683=ORIENTED_EDGE('',*,*,#7081,.F.);
#7684=EDGE_LOOP('',(#7657,#7666,#7674,#7681,#7682,#7683));
#7685=FACE_BOUND('',#7684,.T.);
#7686=ADVANCED_FACE('',(#7685),#7656,.T.);
#7687=CARTESIAN_POINT('',(-60.,0.750465171,-3.11317406));
#7688=DIRECTION('',(0.,0.258819045,-0.965925826));
#7689=DIRECTION('',(0.,0.965925826,0.258819045));
#7690=AXIS2_PLACEMENT_3D('',#7687,#7688,#7689);
#7691=PLANE('',#7690);
#7692=CARTESIAN_POINT('',(-35.808180602,9.371832484,-0.803085651));
#7693=VERTEX_POINT('',#7692);
#7694=CARTESIAN_POINT('',(-35.808180602,8.309314075,-1.087786601));
#7695=DIRECTION('',(-0.,0.965925826,0.258819045));
#7696=VECTOR('',#7695,1.1);
#7697=LINE('',#7694,#7696);
#7698=EDGE_CURVE('',#7659,#7693,#7697,.T.);
#7699=ORIENTED_EDGE('',*,*,#7698,.T.);
#7700=CARTESIAN_POINT('',(-84.208180602,9.371832484,-0.803085651));
#7701=VERTEX_POINT('',#7700);
#7702=CARTESIAN_POINT('',(-35.808180602,9.371832484,-0.803085651));
#7703=DIRECTION('',(-1.,0.,-0.));
#7704=VECTOR('',#7703,48.4);
#7705=LINE('',#7702,#7704);
#7706=EDGE_CURVE('',#7693,#7701,#7705,.T.);
#7707=ORIENTED_EDGE('',*,*,#7706,.T.);
#7708=CARTESIAN_POINT('',(-84.208180602,9.371832484,-0.803085651));
#7709=DIRECTION('',(-0.,-0.965925826,-0.258819045));
#7710=VECTOR('',#7709,1.1);
#7711=LINE('',#7708,#7710);
#7712=EDGE_CURVE('',#7701,#7668,#7711,.T.);
#7713=ORIENTED_EDGE('',*,*,#7712,.T.);
#7714=ORIENTED_EDGE('',*,*,#7673,.F.);
#7715=EDGE_LOOP('',(#7699,#7707,#7713,#7714));
#7716=FACE_BOUND('',#7715,.T.);
#7717=ADVANCED_FACE('',(#7716),#7691,.F.);
#7718=CARTESIAN_POINT('',(-61.458180602,6.840616056,-11.834084853));
#7719=DIRECTION('',(-0.,0.965925826,0.258819045));
#7720=DIRECTION('',(0.,-0.258819045,0.965925826));
#7721=AXIS2_PLACEMENT_3D('',#7718,#7719,#7720);
#7722=PLANE('',#7721);
#7723=ORIENTED_EDGE('',*,*,#6256,.T.);
#7724=CARTESIAN_POINT('',(-86.908180602,7.358254146,-13.765936505));
#7725=DIRECTION('',(-0.,-0.258819045,0.965925826));
#7726=VECTOR('',#7725,2.);
#7727=LINE('',#7724,#7726);
#7728=EDGE_CURVE('',#6242,#7092,#7727,.T.);
#7729=ORIENTED_EDGE('',*,*,#7728,.T.);
#7730=ORIENTED_EDGE('',*,*,#7097,.F.);
#7731=ORIENTED_EDGE('',*,*,#7518,.T.);
#7732=EDGE_LOOP('',(#7723,#7729,#7730,#7731));
#7733=FACE_BOUND('',#7732,.T.);
#7734=ADVANCED_FACE('',(#7733),#7722,.F.);
#7735=CARTESIAN_POINT('',(-62.595007746,1.154161955,-18.430618921));
#7736=DIRECTION('',(0.,-0.965925826,-0.258819045));
#7737=DIRECTION('',(-0.,0.258819045,-0.965925826));
#7738=AXIS2_PLACEMENT_3D('',#7735,#7736,#7737);
#7739=PLANE('',#7738);
#7740=ORIENTED_EDGE('',*,*,#6043,.F.);
#7741=ORIENTED_EDGE('',*,*,#6671,.T.);
#7742=ORIENTED_EDGE('',*,*,#6867,.T.);
#7743=ORIENTED_EDGE('',*,*,#6074,.T.);
#7744=EDGE_LOOP('',(#7740,#7741,#7742,#7743));
#7745=FACE_BOUND('',#7744,.T.);
#7746=ADVANCED_FACE('',(#7745),#7739,.F.);
#7747=CARTESIAN_POINT('',(-60.008180602,13.443586851,-12.095307911));
#7748=DIRECTION('',(0.,1.,0.));
#7749=DIRECTION('',(-1.,0.,0.));
#7750=AXIS2_PLACEMENT_3D('',#7747,#7748,#7749);
#7751=PLANE('',#7750);
#7752=CARTESIAN_POINT('',(-32.808180602,13.443586851,-13.095307911));
#7753=VERTEX_POINT('',#7752);
#7754=CARTESIAN_POINT('',(-32.808180602,13.443586851,-13.095307911));
#7755=DIRECTION('',(0.,0.,-1.));
#7756=VECTOR('',#7755,2.903771915);
#7757=LINE('',#7754,#7756);
#7758=EDGE_CURVE('',#7753,#7594,#7757,.T.);
#7759=ORIENTED_EDGE('',*,*,#7758,.F.);
#7760=CARTESIAN_POINT('',(-33.845835588,13.443586851,-12.095307911));
#7761=VERTEX_POINT('',#7760);
#7762=CARTESIAN_POINT('',(-32.808180602,13.443586851,-13.095307911));
#7763=CARTESIAN_POINT('',(-32.808180602,13.443586851,-13.028009314));
#7764=CARTESIAN_POINT('',(-32.815148368,13.443586851,-12.961906161));
#7765=CARTESIAN_POINT('',(-32.828772711,13.443586851,-12.896945063));
#7766=CARTESIAN_POINT('',(-32.842397054,13.443586851,-12.831983964));
#7767=CARTESIAN_POINT('',(-32.863048536,13.443586851,-12.767464182));
#7768=CARTESIAN_POINT('',(-32.889763943,13.443586851,-12.706404002));
#7769=CARTESIAN_POINT('',(-32.916479349,13.443586851,-12.645343822));
#7770=CARTESIAN_POINT('',(-32.949105022,13.443586851,-12.587558753));
#7771=CARTESIAN_POINT('',(-32.987562676,13.443586851,-12.533005412));
#7772=CARTESIAN_POINT('',(-33.026020329,13.443586851,-12.478452071));
#7773=CARTESIAN_POINT('',(-33.070319234,13.443586851,-12.427424557));
#7774=CARTESIAN_POINT('',(-33.118526731,13.443586851,-12.381780668));
#7775=CARTESIAN_POINT('',(-33.214941724,13.443586851,-12.290492891));
#7776=CARTESIAN_POINT('',(-33.330455592,13.443586851,-12.217691944));
#7777=CARTESIAN_POINT('',(-33.454068084,13.443586851,-12.169185754));
#7778=CARTESIAN_POINT('',(-33.515874329,13.443586851,-12.144932659));
#7779=CARTESIAN_POINT('',(-33.580754392,13.443586851,-12.126271018));
#7780=CARTESIAN_POINT('',(-33.646449644,13.443586851,-12.113899881));
#7781=CARTESIAN_POINT('',(-33.712144896,13.443586851,-12.101528743));
#7782=CARTESIAN_POINT('',(-33.778603958,13.443586851,-12.095307911));
#7783=CARTESIAN_POINT('',(-33.845835588,13.443586851,-12.095307911));
#7784=B_SPLINE_CURVE_WITH_KNOTS('',3,(#7762,#7763,#7764,#7765,#7766,#7767,#7768,#7769,#7770,#7771,#7772,#7773,#7774,#7775,#7776,#7777,#7778,#7779,#7780,#7781,#7782,#7783),.UNSPECIFIED.,.F.,.F.,(4,3,3,3,3,3,3,4),(0.,0.000198988,0.000397977,0.000596965,0.000795953,0.00119393,0.001392919,0.001591907),.UNSPECIFIED.);
#7785=EDGE_CURVE('',#7753,#7761,#7784,.T.);
#7786=ORIENTED_EDGE('',*,*,#7785,.T.);
#7787=CARTESIAN_POINT('',(-86.170525615,13.443586851,-12.095307911));
#7788=VERTEX_POINT('',#7787);
#7789=CARTESIAN_POINT('',(-86.170525615,13.443586851,-12.095307911));
#7790=DIRECTION('',(1.,-0.,0.));
#7791=VECTOR('',#7790,52.324690027);
#7792=LINE('',#7789,#7791);
#7793=EDGE_CURVE('',#7788,#7761,#7792,.T.);
#7794=ORIENTED_EDGE('',*,*,#7793,.F.);
#7795=CARTESIAN_POINT('',(-87.208180602,13.443586851,-13.095307911));
#7796=VERTEX_POINT('',#7795);
#7797=CARTESIAN_POINT('',(-86.170525615,13.443586851,-12.095307911));
#7798=CARTESIAN_POINT('',(-86.237796623,13.443586851,-12.095307911));
#7799=CARTESIAN_POINT('',(-86.304015164,13.443586851,-12.101535437));
#7800=CARTESIAN_POINT('',(-86.369218565,13.443586851,-12.113769618));
#7801=CARTESIAN_POINT('',(-86.434421966,13.443586851,-12.126003798));
#7802=CARTESIAN_POINT('',(-86.499173994,13.443586851,-12.144478063));
#7803=CARTESIAN_POINT('',(-86.561466505,13.443586851,-12.168861785));
#7804=CARTESIAN_POINT('',(-86.623759017,13.443586851,-12.193245508));
#7805=CARTESIAN_POINT('',(-86.682977464,13.443586851,-12.223162611));
#7806=CARTESIAN_POINT('',(-86.739135135,13.443586851,-12.258589177));
#7807=CARTESIAN_POINT('',(-86.795292806,13.443586851,-12.294015742));
#7808=CARTESIAN_POINT('',(-86.848903365,13.443586851,-12.335518412));
#7809=CARTESIAN_POINT('',(-86.897298372,13.443586851,-12.381273444));
#7810=CARTESIAN_POINT('',(-86.945693379,13.443586851,-12.427028477));
#7811=CARTESIAN_POINT('',(-86.989190028,13.443586851,-12.477047182));
#7812=CARTESIAN_POINT('',(-87.027680803,13.443586851,-12.531423147));
#7813=CARTESIAN_POINT('',(-87.066171578,13.443586851,-12.585799112));
#7814=CARTESIAN_POINT('',(-87.099590313,13.443586851,-12.644822341));
#7815=CARTESIAN_POINT('',(-87.12625528,13.443586851,-12.705623302));
#7816=CARTESIAN_POINT('',(-87.179585215,13.443586851,-12.827225224));
#7817=CARTESIAN_POINT('',(-87.208180602,13.443586851,-12.960615274));
#7818=CARTESIAN_POINT('',(-87.208180602,13.443586851,-13.095307911));
#7819=B_SPLINE_CURVE_WITH_KNOTS('',3,(#7797,#7798,#7799,#7800,#7801,#7802,#7803,#7804,#7805,#7806,#7807,#7808,#7809,#7810,#7811,#7812,#7813,#7814,#7815,#7816,#7817,#7818),.UNSPECIFIED.,.F.,.F.,(4,3,3,3,3,3,3,4),(0.,0.000198991,0.000397983,0.000596974,0.000795965,0.000994956,0.001193948,0.00159193),.UNSPECIFIED.);
#7820=EDGE_CURVE('',#7788,#7796,#7819,.T.);
#7821=ORIENTED_EDGE('',*,*,#7820,.T.);
#7822=CARTESIAN_POINT('',(-87.208180602,13.443586851,-13.095307911));
#7823=DIRECTION('',(0.,0.,-1.));
#7824=VECTOR('',#7823,2.903771915);
#7825=LINE('',#7822,#7824);
#7826=EDGE_CURVE('',#7796,#7484,#7825,.T.);
#7827=ORIENTED_EDGE('',*,*,#7826,.T.);
#7828=CARTESIAN_POINT('',(-86.208180602,13.443586851,-15.999079826));
#7829=DIRECTION('',(0.,1.,0.));
#7830=DIRECTION('',(0.,-0.,-1.));
#7831=AXIS2_PLACEMENT_3D('',#7828,#7829,#7830);
#7832=ELLIPSE('',#7831,3.863703305,1.);
#7833=EDGE_CURVE('',#7484,#7536,#7832,.T.);
#7834=ORIENTED_EDGE('',*,*,#7833,.T.);
#7835=ORIENTED_EDGE('',*,*,#7543,.T.);
#7836=CARTESIAN_POINT('',(-33.808180602,13.443586851,-15.999079826));
#7837=DIRECTION('',(0.,1.,0.));
#7838=DIRECTION('',(0.,-0.,-1.));
#7839=AXIS2_PLACEMENT_3D('',#7836,#7837,#7838);
#7840=ELLIPSE('',#7839,3.863703305,1.);
#7841=EDGE_CURVE('',#7538,#7594,#7840,.T.);
#7842=ORIENTED_EDGE('',*,*,#7841,.T.);
#7843=EDGE_LOOP('',(#7759,#7786,#7794,#7821,#7827,#7834,#7835,#7842));
#7844=FACE_BOUND('',#7843,.T.);
#7845=ADVANCED_FACE('',(#7844),#7751,.F.);
#7846=CARTESIAN_POINT('',(-60.008180602,6.05425428,-12.095307911));
#7847=DIRECTION('',(0.,0.,-1.));
#7848=DIRECTION('',(-1.,0.,-0.));
#7849=AXIS2_PLACEMENT_3D('',#7846,#7847,#7848);
#7850=CYLINDRICAL_SURFACE('',#7849,28.185851696);
#7851=ORIENTED_EDGE('',*,*,#7826,.F.);
#7852=CARTESIAN_POINT('',(-60.008180602,6.05425428,-13.095307911));
#7853=DIRECTION('',(0.,0.,-1.));
#7854=DIRECTION('',(-1.,0.,-0.));
#7855=AXIS2_PLACEMENT_3D('',#7852,#7853,#7854);
#7856=CIRCLE('',#7855,28.185851696);
#7857=EDGE_CURVE('',#7796,#7753,#7856,.T.);
#7858=ORIENTED_EDGE('',*,*,#7857,.T.);
#7859=ORIENTED_EDGE('',*,*,#7758,.T.);
#7860=ORIENTED_EDGE('',*,*,#7601,.T.);
#7861=CARTESIAN_POINT('',(-60.008180602,6.05425428,-16.295307911));
#7862=DIRECTION('',(0.,0.,-1.));
#7863=DIRECTION('',(-1.,0.,-0.));
#7864=AXIS2_PLACEMENT_3D('',#7861,#7862,#7863);
#7865=CIRCLE('',#7864,28.185851696);
#7866=EDGE_CURVE('',#7492,#7596,#7865,.T.);
#7867=ORIENTED_EDGE('',*,*,#7866,.F.);
#7868=ORIENTED_EDGE('',*,*,#7497,.F.);
#7869=EDGE_LOOP('',(#7851,#7858,#7859,#7860,#7867,#7868));
#7870=FACE_BOUND('',#7869,.T.);
#7871=ADVANCED_FACE('',(#7870),#7850,.T.);
#7872=CARTESIAN_POINT('',(-60.,0.,-12.095307911));
#7873=DIRECTION('',(0.,0.,-1.));
#7874=DIRECTION('',(0.,1.,0.));
#7875=AXIS2_PLACEMENT_3D('',#7872,#7873,#7874);
#7876=PLANE('',#7875);
#7877=ORIENTED_EDGE('',*,*,#7424,.F.);
#7878=ORIENTED_EDGE('',*,*,#7431,.F.);
#7879=EDGE_LOOP('',(#7877,#7878));
#7880=FACE_BOUND('',#7879,.T.);
#7881=ORIENTED_EDGE('',*,*,#7793,.T.);
#7882=CARTESIAN_POINT('',(-60.008180602,6.05425428,-12.095307911));
#7883=DIRECTION('',(-0.,-0.,1.));
#7884=DIRECTION('',(-1.,0.,-0.));
#7885=AXIS2_PLACEMENT_3D('',#7882,#7883,#7884);
#7886=CIRCLE('',#7885,27.185851696);
#7887=EDGE_CURVE('',#7761,#7788,#7886,.T.);
#7888=ORIENTED_EDGE('',*,*,#7887,.T.);
#7889=EDGE_LOOP('',(#7881,#7888));
#7890=FACE_BOUND('',#7889,.T.);
#7891=ADVANCED_FACE('',(#7880,#7890),#7876,.F.);
#7892=CARTESIAN_POINT('',(-60.008180602,6.05425428,-12.095307911));
#7893=DIRECTION('',(0.,0.,-1.));
#7894=DIRECTION('',(-1.,0.,-0.));
#7895=AXIS2_PLACEMENT_3D('',#7892,#7893,#7894);
#7896=CYLINDRICAL_SURFACE('',#7895,28.185851696);
#7897=CARTESIAN_POINT('',(-49.58016992,-20.131597416,-16.295307911));
#7898=VERTEX_POINT('',#7897);
#7899=CARTESIAN_POINT('',(-60.008180602,6.05425428,-16.295307911));
#7900=DIRECTION('',(0.,0.,-1.));
#7901=DIRECTION('',(-1.,0.,-0.));
#7902=AXIS2_PLACEMENT_3D('',#7899,#7900,#7901);
#7903=CIRCLE('',#7902,28.185851696);
#7904=EDGE_CURVE('',#7629,#7898,#7903,.T.);
#7905=ORIENTED_EDGE('',*,*,#7904,.F.);
#7906=ORIENTED_EDGE('',*,*,#7634,.T.);
#7907=CARTESIAN_POINT('',(-32.959466212,-1.870976676,-14.095307911));
#7908=VERTEX_POINT('',#7907);
#7909=CARTESIAN_POINT('',(-60.008180602,6.05425428,-43.672672501));
#7910=DIRECTION('',(0.,0.965925826,0.258819045));
#7911=DIRECTION('',(0.,0.258819045,-0.965925826));
#7912=AXIS2_PLACEMENT_3D('',#7909,#7910,#7911);
#7913=ELLIPSE('',#7912,108.901768358,28.185851696);
#7914=EDGE_CURVE('',#7908,#6135,#7913,.T.);
#7915=ORIENTED_EDGE('',*,*,#7914,.F.);
#7916=CARTESIAN_POINT('',(-49.58016992,-20.131597416,-14.095307911));
#7917=VERTEX_POINT('',#7916);
#7918=CARTESIAN_POINT('',(-60.008180602,6.05425428,-14.095307911));
#7919=DIRECTION('',(0.,0.,-1.));
#7920=DIRECTION('',(-1.,0.,-0.));
#7921=AXIS2_PLACEMENT_3D('',#7918,#7919,#7920);
#7922=CIRCLE('',#7921,28.185851696);
#7923=EDGE_CURVE('',#7908,#7917,#7922,.T.);
#7924=ORIENTED_EDGE('',*,*,#7923,.T.);
#7925=CARTESIAN_POINT('',(-49.58016992,-20.131597416,-16.295307911));
#7926=DIRECTION('',(-0.,0.,1.));
#7927=VECTOR('',#7926,2.2);
#7928=LINE('',#7925,#7927);
#7929=EDGE_CURVE('',#7898,#7917,#7928,.T.);
#7930=ORIENTED_EDGE('',*,*,#7929,.F.);
#7931=EDGE_LOOP('',(#7905,#7906,#7915,#7924,#7930));
#7932=FACE_BOUND('',#7931,.T.);
#7933=ADVANCED_FACE('',(#7932),#7896,.T.);
#7934=CARTESIAN_POINT('',(-60.,0.,-14.095307911));
#7935=DIRECTION('',(0.,0.,-1.));
#7936=DIRECTION('',(0.,1.,0.));
#7937=AXIS2_PLACEMENT_3D('',#7934,#7935,#7936);
#7938=PLANE('',#7937);
#7939=CARTESIAN_POINT('',(-50.74999998,-16.499656118,-14.095307911));
#7940=VERTEX_POINT('',#7939);
#7941=CARTESIAN_POINT('',(-49.99999998,-16.499656118,-14.095307911));
#7942=DIRECTION('',(0.,0.,-1.));
#7943=DIRECTION('',(-1.,0.,-0.));
#7944=AXIS2_PLACEMENT_3D('',#7941,#7942,#7943);
#7945=CIRCLE('',#7944,0.75);
#7946=EDGE_CURVE('',#7940,#7940,#7945,.T.);
#7947=ORIENTED_EDGE('',*,*,#7946,.T.);
#7948=EDGE_LOOP('',(#7947));
#7949=FACE_BOUND('',#7948,.T.);
#7950=CARTESIAN_POINT('',(-86.013204093,-1.870976676,-14.095307911));
#7951=VERTEX_POINT('',#7950);
#7952=CARTESIAN_POINT('',(-32.959466212,-1.870976676,-14.095307911));
#7953=DIRECTION('',(-1.,0.,-0.));
#7954=VECTOR('',#7953,53.05373788);
#7955=LINE('',#7952,#7954);
#7956=EDGE_CURVE('',#7908,#7951,#7955,.T.);
#7957=ORIENTED_EDGE('',*,*,#7956,.T.);
#7958=CARTESIAN_POINT('',(-67.313774581,-20.131597416,-14.095307911));
#7959=VERTEX_POINT('',#7958);
#7960=CARTESIAN_POINT('',(-60.008180602,6.05425428,-14.095307911));
#7961=DIRECTION('',(-0.,-0.,1.));
#7962=DIRECTION('',(-1.,0.,-0.));
#7963=AXIS2_PLACEMENT_3D('',#7960,#7961,#7962);
#7964=CIRCLE('',#7963,27.185851696);
#7965=EDGE_CURVE('',#7951,#7959,#7964,.T.);
#7966=ORIENTED_EDGE('',*,*,#7965,.T.);
#7967=CARTESIAN_POINT('',(-49.58016992,-20.131597416,-14.095307911));
#7968=DIRECTION('',(-1.,0.,-0.));
#7969=VECTOR('',#7968,17.733604662);
#7970=LINE('',#7967,#7969);
#7971=EDGE_CURVE('',#7917,#7959,#7970,.T.);
#7972=ORIENTED_EDGE('',*,*,#7971,.F.);
#7973=ORIENTED_EDGE('',*,*,#7923,.F.);
#7974=EDGE_LOOP('',(#7957,#7966,#7972,#7973));
#7975=FACE_BOUND('',#7974,.T.);
#7976=ADVANCED_FACE('',(#7949,#7975),#7938,.F.);
#7977=CARTESIAN_POINT('',(-65.008180602,23.841846414,-14.095307911));
#7978=DIRECTION('',(1.,0.,0.));
#7979=DIRECTION('',(0.,0.,-1.));
#7980=AXIS2_PLACEMENT_3D('',#7977,#7978,#7979);
#7981=PLANE('',#7980);
#7982=ORIENTED_EDGE('',*,*,#6797,.F.);
#7983=CARTESIAN_POINT('',(-65.008180602,28.841846414,-16.095307911));
#7984=DIRECTION('',(0.,0.,-1.));
#7985=VECTOR('',#7984,1.);
#7986=LINE('',#7983,#7985);
#7987=EDGE_CURVE('',#7321,#6784,#7986,.T.);
#7988=ORIENTED_EDGE('',*,*,#7987,.F.);
#7989=ORIENTED_EDGE('',*,*,#7326,.T.);
#7990=CARTESIAN_POINT('',(-65.008180602,18.841846414,-16.095307911));
#7991=VERTEX_POINT('',#7990);
#7992=CARTESIAN_POINT('',(-65.008180602,23.841846414,-16.095307911));
#7993=DIRECTION('',(0.,-1.,0.));
#7994=VECTOR('',#7993,5.);
#7995=LINE('',#7992,#7994);
#7996=EDGE_CURVE('',#7203,#7991,#7995,.T.);
#7997=ORIENTED_EDGE('',*,*,#7996,.T.);
#7998=CARTESIAN_POINT('',(-65.008180602,18.841846414,-16.095307911));
#7999=DIRECTION('',(0.,0.,-1.));
#8000=VECTOR('',#7999,1.);
#8001=LINE('',#7998,#8000);
#8002=EDGE_CURVE('',#7991,#6792,#8001,.T.);
#8003=ORIENTED_EDGE('',*,*,#8002,.T.);
#8004=EDGE_LOOP('',(#7982,#7988,#7989,#7997,#8003));
#8005=FACE_BOUND('',#8004,.T.);
#8006=ADVANCED_FACE('',(#8005),#7981,.T.);
#8007=CARTESIAN_POINT('',(-60.008180602,28.841846414,-14.095307911));
#8008=DIRECTION('',(0.,-1.,0.));
#8009=DIRECTION('',(0.,0.,-1.));
#8010=AXIS2_PLACEMENT_3D('',#8007,#8008,#8009);
#8011=PLANE('',#8010);
#8012=ORIENTED_EDGE('',*,*,#6789,.F.);
#8013=CARTESIAN_POINT('',(-55.008180602,28.841846414,-16.095307911));
#8014=DIRECTION('',(0.,0.,-1.));
#8015=VECTOR('',#8014,1.);
#8016=LINE('',#8013,#8015);
#8017=EDGE_CURVE('',#7329,#6782,#8016,.T.);
#8018=ORIENTED_EDGE('',*,*,#8017,.F.);
#8019=ORIENTED_EDGE('',*,*,#7334,.T.);
#8020=ORIENTED_EDGE('',*,*,#7987,.T.);
#8021=EDGE_LOOP('',(#8012,#8018,#8019,#8020));
#8022=FACE_BOUND('',#8021,.T.);
#8023=ADVANCED_FACE('',(#8022),#8011,.T.);
#8024=CARTESIAN_POINT('',(-55.008180602,23.841846414,-14.095307911));
#8025=DIRECTION('',(-1.,0.,-0.));
#8026=DIRECTION('',(-0.,0.,1.));
#8027=AXIS2_PLACEMENT_3D('',#8024,#8025,#8026);
#8028=PLANE('',#8027);
#8029=ORIENTED_EDGE('',*,*,#6811,.F.);
#8030=CARTESIAN_POINT('',(-55.008180602,18.841846414,-16.095307911));
#8031=DIRECTION('',(0.,0.,-1.));
#8032=VECTOR('',#8031,1.);
#8033=LINE('',#8030,#8032);
#8034=EDGE_CURVE('',#7386,#6800,#8033,.T.);
#8035=ORIENTED_EDGE('',*,*,#8034,.F.);
#8036=ORIENTED_EDGE('',*,*,#7391,.T.);
#8037=ORIENTED_EDGE('',*,*,#7342,.T.);
#8038=ORIENTED_EDGE('',*,*,#8017,.T.);
#8039=EDGE_LOOP('',(#8029,#8035,#8036,#8037,#8038));
#8040=FACE_BOUND('',#8039,.T.);
#8041=ADVANCED_FACE('',(#8040),#8028,.T.);
#8042=CARTESIAN_POINT('',(-60.008180602,18.841846414,-14.095307911));
#8043=DIRECTION('',(0.,1.,0.));
#8044=DIRECTION('',(-1.,0.,0.));
#8045=AXIS2_PLACEMENT_3D('',#8042,#8043,#8044);
#8046=PLANE('',#8045);
#8047=ORIENTED_EDGE('',*,*,#6805,.F.);
#8048=ORIENTED_EDGE('',*,*,#8002,.F.);
#8049=CARTESIAN_POINT('',(-65.008180602,18.841846414,-16.095307911));
#8050=DIRECTION('',(1.,-0.,0.));
#8051=VECTOR('',#8050,5.);
#8052=LINE('',#8049,#8051);
#8053=EDGE_CURVE('',#7991,#7377,#8052,.T.);
#8054=ORIENTED_EDGE('',*,*,#8053,.T.);
#8055=ORIENTED_EDGE('',*,*,#7397,.T.);
#8056=ORIENTED_EDGE('',*,*,#8034,.T.);
#8057=EDGE_LOOP('',(#8047,#8048,#8054,#8055,#8056));
#8058=FACE_BOUND('',#8057,.T.);
#8059=ADVANCED_FACE('',(#8058),#8046,.T.);
#8060=CARTESIAN_POINT('',(-60.,0.,-16.095307911));
#8061=DIRECTION('',(0.,0.,-1.));
#8062=DIRECTION('',(-1.,0.,-0.));
#8063=AXIS2_PLACEMENT_3D('',#8060,#8061,#8062);
#8064=PLANE('',#8063);
#8065=CARTESIAN_POINT('',(-60.008180602,23.841846414,-16.095307911));
#8066=DIRECTION('',(0.,0.,-1.));
#8067=DIRECTION('',(-1.,0.,-0.));
#8068=AXIS2_PLACEMENT_3D('',#8065,#8066,#8067);
#8069=CIRCLE('',#8068,5.);
#8070=EDGE_CURVE('',#7377,#7203,#8069,.T.);
#8071=ORIENTED_EDGE('',*,*,#8070,.F.);
#8072=ORIENTED_EDGE('',*,*,#8053,.F.);
#8073=ORIENTED_EDGE('',*,*,#7996,.F.);
#8074=EDGE_LOOP('',(#8071,#8072,#8073));
#8075=FACE_BOUND('',#8074,.T.);
#8076=ADVANCED_FACE('',(#8075),#8064,.T.);
#8077=CARTESIAN_POINT('',(-60.,0.,-13.095307911));
#8078=DIRECTION('',(0.,0.,-1.));
#8079=DIRECTION('',(0.,1.,0.));
#8080=AXIS2_PLACEMENT_3D('',#8077,#8078,#8079);
#8081=PLANE('',#8080);
#8082=CARTESIAN_POINT('',(-59.101212521,28.758899281,-13.095307911));
#8083=VERTEX_POINT('',#8082);
#8084=CARTESIAN_POINT('',(-60.008180602,23.841846414,-13.095307911));
#8085=DIRECTION('',(0.,0.,-1.));
#8086=DIRECTION('',(-1.,0.,-0.));
#8087=AXIS2_PLACEMENT_3D('',#8084,#8085,#8086);
#8088=CIRCLE('',#8087,5.);
#8089=EDGE_CURVE('',#8083,#7205,#8088,.T.);
#8090=ORIENTED_EDGE('',*,*,#8089,.T.);
#8091=ORIENTED_EDGE('',*,*,#7234,.T.);
#8092=CARTESIAN_POINT('',(-60.900005059,28.085829246,-13.095307911));
#8093=VERTEX_POINT('',#8092);
#8094=CARTESIAN_POINT('',(-60.900000537,28.761669297,-13.095307911));
#8095=DIRECTION('',(-0.000006692,-1.,-0.));
#8096=VECTOR('',#8095,0.675840051);
#8097=LINE('',#8094,#8096);
#8098=EDGE_CURVE('',#7222,#8093,#8097,.T.);
#8099=ORIENTED_EDGE('',*,*,#8098,.T.);
#8100=CARTESIAN_POINT('',(-60.700005059,28.085827908,-13.095307911));
#8101=DIRECTION('',(-0.,-0.,1.));
#8102=DIRECTION('',(-1.,0.,-0.));
#8103=AXIS2_PLACEMENT_3D('',#8100,#8101,#8102);
#8104=CIRCLE('',#8103,0.2);
#8105=EDGE_CURVE('',#8093,#7435,#8104,.T.);
#8106=ORIENTED_EDGE('',*,*,#8105,.T.);
#8107=ORIENTED_EDGE('',*,*,#7441,.F.);
#8108=ORIENTED_EDGE('',*,*,#7463,.F.);
#8109=CARTESIAN_POINT('',(-59.111020976,28.082053334,-13.095307911));
#8110=VERTEX_POINT('',#8109);
#8111=CARTESIAN_POINT('',(-59.310999979,28.084951312,-13.095307911));
#8112=DIRECTION('',(-0.,-0.,1.));
#8113=DIRECTION('',(-1.,0.,-0.));
#8114=AXIS2_PLACEMENT_3D('',#8111,#8112,#8113);
#8115=CIRCLE('',#8114,0.2);
#8116=EDGE_CURVE('',#7451,#8110,#8115,.T.);
#8117=ORIENTED_EDGE('',*,*,#8116,.T.);
#8118=CARTESIAN_POINT('',(-59.101212521,28.758899281,-13.095307911));
#8119=DIRECTION('',(-0.014489893,-0.999895016,-0.));
#8120=VECTOR('',#8119,0.676917013);
#8121=LINE('',#8118,#8120);
#8122=EDGE_CURVE('',#8083,#8110,#8121,.T.);
#8123=ORIENTED_EDGE('',*,*,#8122,.F.);
#8124=EDGE_LOOP('',(#8090,#8091,#8099,#8106,#8107,#8108,#8117,#8123));
#8125=FACE_BOUND('',#8124,.T.);
#8126=ADVANCED_FACE('',(#8125),#8081,.T.);
#8127=CARTESIAN_POINT('',(-60.008180602,-7.249093471,5.976097219));
#8128=DIRECTION('',(-0.,-0.965925826,-0.258819045));
#8129=DIRECTION('',(1.,-0.,-0.));
#8130=AXIS2_PLACEMENT_3D('',#8127,#8128,#8129);
#8131=PLANE('',#8130);
#8132=ORIENTED_EDGE('',*,*,#7268,.T.);
#8133=CARTESIAN_POINT('',(-87.133966707,-1.603027483,-15.095307911));
#8134=CARTESIAN_POINT('',(-87.128837009,-1.621199349,-15.027489585));
#8135=CARTESIAN_POINT('',(-87.116725369,-1.638918037,-14.961362541));
#8136=CARTESIAN_POINT('',(-87.098201718,-1.65622054,-14.896788721));
#8137=CARTESIAN_POINT('',(-87.079678066,-1.673523043,-14.832214901));
#8138=CARTESIAN_POINT('',(-87.054404993,-1.690566533,-14.76860773));
#8139=CARTESIAN_POINT('',(-87.023327741,-1.706770657,-14.708133117));
#8140=CARTESIAN_POINT('',(-86.992250489,-1.72297478,-14.647658504));
#8141=CARTESIAN_POINT('',(-86.955697585,-1.738256699,-14.590625608));
#8142=CARTESIAN_POINT('',(-86.913871036,-1.752650434,-14.536907459));
#8143=CARTESIAN_POINT('',(-86.872044486,-1.767044168,-14.483189309));
#8144=CARTESIAN_POINT('',(-86.824476961,-1.78062936,-14.432488683));
#8145=CARTESIAN_POINT('',(-86.773301614,-1.792825886,-14.38697063));
#8146=CARTESIAN_POINT('',(-86.568600226,-1.841611988,-14.204898419));
#8147=CARTESIAN_POINT('',(-86.294687082,-1.870976676,-14.095307911));
#8148=CARTESIAN_POINT('',(-86.013204093,-1.870976676,-14.095307911));
#8149=B_SPLINE_CURVE_WITH_KNOTS('',3,(#8133,#8134,#8135,#8136,#8137,#8138,#8139,#8140,#8141,#8142,#8143,#8144,#8145,#8146,#8147,#8148),.UNSPECIFIED.,.F.,.F.,(4,3,3,3,3,4),(0.,0.000208049,0.000416098,0.000624147,0.000832196,0.001664391),.UNSPECIFIED.);
#8150=EDGE_CURVE('',#7255,#7951,#8149,.T.);
#8151=ORIENTED_EDGE('',*,*,#8150,.T.);
#8152=ORIENTED_EDGE('',*,*,#7956,.F.);
#8153=ORIENTED_EDGE('',*,*,#7914,.T.);
#8154=ORIENTED_EDGE('',*,*,#6140,.F.);
#8155=CARTESIAN_POINT('',(-37.808180602,-1.067129098,-17.095307911));
#8156=DIRECTION('',(-0.,-0.258819045,0.965925826));
#8157=VECTOR('',#8156,1.03527618);
#8158=LINE('',#8155,#8157);
#8159=EDGE_CURVE('',#6816,#6125,#8158,.T.);
#8160=ORIENTED_EDGE('',*,*,#8159,.F.);
#8161=ORIENTED_EDGE('',*,*,#6845,.T.);
#8162=CARTESIAN_POINT('',(-42.808180602,-1.067129098,-17.095307911));
#8163=DIRECTION('',(-0.,-0.258819045,0.965925826));
#8164=VECTOR('',#8163,1.03527618);
#8165=LINE('',#8162,#8164);
#8166=EDGE_CURVE('',#6834,#6267,#8165,.T.);
#8167=ORIENTED_EDGE('',*,*,#8166,.T.);
#8168=ORIENTED_EDGE('',*,*,#6272,.F.);
#8169=EDGE_LOOP('',(#8132,#8151,#8152,#8153,#8154,#8160,#8161,#8167,#8168));
#8170=FACE_BOUND('',#8169,.T.);
#8171=ADVANCED_FACE('',(#8170),#8131,.F.);
#8172=CARTESIAN_POINT('',(-81.658180602,9.817532987,-28.73964505));
#8173=DIRECTION('',(-0.,-0.258819045,0.965925826));
#8174=DIRECTION('',(0.,-0.965925826,-0.258819045));
#8175=AXIS2_PLACEMENT_3D('',#8172,#8173,#8174);
#8176=CYLINDRICAL_SURFACE('',#8175,1.);
#8177=CARTESIAN_POINT('',(-81.658180602,4.94343958,-14.412984118));
#8178=DIRECTION('',(0.,0.258819045,-0.965925826));
#8179=VECTOR('',#8178,2.776945931);
#8180=LINE('',#8177,#8179);
#8181=EDGE_CURVE('',#6322,#6749,#8180,.T.);
#8182=ORIENTED_EDGE('',*,*,#8181,.F.);
#8183=ORIENTED_EDGE('',*,*,#6328,.F.);
#8184=ORIENTED_EDGE('',*,*,#8181,.T.);
#8185=ORIENTED_EDGE('',*,*,#6755,.F.);
#8186=EDGE_LOOP('',(#8182,#8183,#8184,#8185));
#8187=FACE_BOUND('',#8186,.T.);
#8188=ADVANCED_FACE('',(#8187),#8176,.F.);
#8189=CARTESIAN_POINT('',(-38.358150953,8.445792048,-23.620238171));
#8190=DIRECTION('',(-0.,-0.258819045,0.965925826));
#8191=DIRECTION('',(0.,-0.965925826,-0.258819045));
#8192=AXIS2_PLACEMENT_3D('',#8189,#8190,#8191);
#8193=CYLINDRICAL_SURFACE('',#8192,1.);
#8194=CARTESIAN_POINT('',(-38.358150953,4.94343958,-14.412984118));
#8195=DIRECTION('',(0.,0.258819045,-0.965925826));
#8196=VECTOR('',#8195,2.776945931);
#8197=LINE('',#8194,#8196);
#8198=EDGE_CURVE('',#6311,#6738,#8197,.T.);
#8199=ORIENTED_EDGE('',*,*,#8198,.F.);
#8200=ORIENTED_EDGE('',*,*,#6317,.F.);
#8201=ORIENTED_EDGE('',*,*,#8198,.T.);
#8202=ORIENTED_EDGE('',*,*,#6744,.F.);
#8203=EDGE_LOOP('',(#8199,#8200,#8201,#8202));
#8204=FACE_BOUND('',#8203,.T.);
#8205=ADVANCED_FACE('',(#8204),#8193,.F.);
#8206=CARTESIAN_POINT('',(-65.222185943,-20.131597416,-23.495307911));
#8207=DIRECTION('',(0.,1.,0.));
#8208=DIRECTION('',(-1.,0.,0.));
#8209=AXIS2_PLACEMENT_3D('',#8206,#8207,#8208);
#8210=PLANE('',#8209);
#8211=ORIENTED_EDGE('',*,*,#7971,.T.);
#8212=CARTESIAN_POINT('',(-67.313774581,-20.131597416,-14.095307911));
#8213=CARTESIAN_POINT('',(-67.603335178,-20.131597416,-14.095307911));
#8214=CARTESIAN_POINT('',(-67.891992317,-20.131597416,-14.104198105));
#8215=CARTESIAN_POINT('',(-68.179352039,-20.131597416,-14.125855105));
#8216=CARTESIAN_POINT('',(-68.466711762,-20.131597416,-14.147512104));
#8217=CARTESIAN_POINT('',(-68.752817723,-20.131597416,-14.181506353));
#8218=CARTESIAN_POINT('',(-69.036760508,-20.131597416,-14.236786639));
#8219=CARTESIAN_POINT('',(-69.178731901,-20.131597416,-14.264426781));
#8220=CARTESIAN_POINT('',(-69.320672834,-20.131597416,-14.297617903));
#8221=CARTESIAN_POINT('',(-69.460207033,-20.131597416,-14.338538508));
#8222=CARTESIAN_POINT('',(-69.599741233,-20.131597416,-14.379459113));
#8223=CARTESIAN_POINT('',(-69.737677701,-20.131597416,-14.428161412));
#8224=CARTESIAN_POINT('',(-69.869230186,-20.131597416,-14.488957728));
#8225=CARTESIAN_POINT('',(-69.935006428,-20.131597416,-14.519355887));
#8226=CARTESIAN_POINT('',(-69.999147661,-20.131597416,-14.552793462));
#8227=CARTESIAN_POINT('',(-70.060908895,-20.131597416,-14.590655357));
#8228=CARTESIAN_POINT('',(-70.122670128,-20.131597416,-14.628517253));
#8229=CARTESIAN_POINT('',(-70.182628711,-20.131597416,-14.671187363));
#8230=CARTESIAN_POINT('',(-70.236881912,-20.131597416,-14.719927121));
#8231=CARTESIAN_POINT('',(-70.291135112,-20.131597416,-14.768666879));
#8232=CARTESIAN_POINT('',(-70.340469029,-20.131597416,-14.824308869));
#8233=CARTESIAN_POINT('',(-70.376707948,-20.131597416,-14.886923377));
#8234=CARTESIAN_POINT('',(-70.412946867,-20.131597416,-14.949537884));
#8235=CARTESIAN_POINT('',(-70.436191284,-20.131597416,-15.021347062));
#8236=CARTESIAN_POINT('',(-70.436191284,-20.131597416,-15.095307911));
#8237=B_SPLINE_CURVE_WITH_KNOTS('',3,(#8212,#8213,#8214,#8215,#8216,#8217,#8218,#8219,#8220,#8221,#8222,#8223,#8224,#8225,#8226,#8227,#8228,#8229,#8230,#8231,#8232,#8233,#8234,#8235,#8236),.UNSPECIFIED.,.F.,.F.,(4,3,3,3,3,3,3,3,4),(0.,0.000864231,0.001728461,0.002160576,0.002592692,0.002808749,0.003024807,0.003240865,0.003456922),.UNSPECIFIED.);
#8238=EDGE_CURVE('',#7959,#7247,#8237,.T.);
#8239=ORIENTED_EDGE('',*,*,#8238,.T.);
#8240=ORIENTED_EDGE('',*,*,#7252,.F.);
#8241=CARTESIAN_POINT('',(-70.436191284,-20.131597416,-17.095307911));
#8242=DIRECTION('',(-0.,0.,1.));
#8243=VECTOR('',#8242,0.8);
#8244=LINE('',#8241,#8243);
#8245=EDGE_CURVE('',#6465,#7245,#8244,.T.);
#8246=ORIENTED_EDGE('',*,*,#8245,.F.);
#8247=ORIENTED_EDGE('',*,*,#6470,.T.);
#8248=CARTESIAN_POINT('',(-49.58016992,-20.131597416,-17.095307911));
#8249=DIRECTION('',(-0.,0.,1.));
#8250=VECTOR('',#8249,0.8);
#8251=LINE('',#8248,#8250);
#8252=EDGE_CURVE('',#6457,#7898,#8251,.T.);
#8253=ORIENTED_EDGE('',*,*,#8252,.T.);
#8254=ORIENTED_EDGE('',*,*,#7929,.T.);
#8255=EDGE_LOOP('',(#8211,#8239,#8240,#8246,#8247,#8253,#8254));
#8256=FACE_BOUND('',#8255,.T.);
#8257=ADVANCED_FACE('',(#8256),#8210,.F.);
#8258=CARTESIAN_POINT('',(-71.5,-9.999656118,-15.095307911));
#8259=DIRECTION('',(1.,0.,0.));
#8260=DIRECTION('',(0.,0.,-1.));
#8261=AXIS2_PLACEMENT_3D('',#8258,#8259,#8260);
#8262=PLANE('',#8261);
#8263=ORIENTED_EDGE('',*,*,#6522,.F.);
#8264=CARTESIAN_POINT('',(-71.5,-14.999656118,-15.095307911));
#8265=VERTEX_POINT('',#8264);
#8266=CARTESIAN_POINT('',(-71.5,-14.999656118,-17.095307911));
#8267=DIRECTION('',(-0.,-0.,1.));
#8268=VECTOR('',#8267,2.);
#8269=LINE('',#8266,#8268);
#8270=EDGE_CURVE('',#6508,#8265,#8269,.T.);
#8271=ORIENTED_EDGE('',*,*,#8270,.T.);
#8272=CARTESIAN_POINT('',(-71.5,-17.999656118,-15.095307911));
#8273=VERTEX_POINT('',#8272);
#8274=CARTESIAN_POINT('',(-71.5,-14.999656118,-15.095307911));
#8275=DIRECTION('',(0.,-1.,0.));
#8276=VECTOR('',#8275,3.);
#8277=LINE('',#8274,#8276);
#8278=EDGE_CURVE('',#8265,#8273,#8277,.T.);
#8279=ORIENTED_EDGE('',*,*,#8278,.T.);
#8280=CARTESIAN_POINT('',(-71.5,-17.999656118,-15.095307911));
#8281=DIRECTION('',(0.,0.,-1.));
#8282=VECTOR('',#8281,2.);
#8283=LINE('',#8280,#8282);
#8284=EDGE_CURVE('',#8273,#6517,#8283,.T.);
#8285=ORIENTED_EDGE('',*,*,#8284,.T.);
#8286=EDGE_LOOP('',(#8263,#8271,#8279,#8285));
#8287=FACE_BOUND('',#8286,.T.);
#8288=ADVANCED_FACE('',(#8287),#8262,.T.);
#8289=CARTESIAN_POINT('',(-60.,-1.999656118,-15.095307911));
#8290=DIRECTION('',(0.,-1.,0.));
#8291=DIRECTION('',(0.,0.,-1.));
#8292=AXIS2_PLACEMENT_3D('',#8289,#8290,#8291);
#8293=PLANE('',#8292);
#8294=CARTESIAN_POINT('',(-48.5,-1.999656118,-16.095307911));
#8295=VERTEX_POINT('',#8294);
#8296=CARTESIAN_POINT('',(-48.5,-1.999656118,-16.095307911));
#8297=DIRECTION('',(0.,0.,-1.));
#8298=VECTOR('',#8297,1.);
#8299=LINE('',#8296,#8298);
#8300=EDGE_CURVE('',#8295,#6533,#8299,.T.);
#8301=ORIENTED_EDGE('',*,*,#8300,.F.);
#8302=CARTESIAN_POINT('',(-48.5,-1.999656118,-16.095307911));
#8303=DIRECTION('',(-1.,0.,-0.));
#8304=VECTOR('',#8303,23.);
#8305=LINE('',#8302,#8304);
#8306=EDGE_CURVE('',#8295,#6917,#8305,.T.);
#8307=ORIENTED_EDGE('',*,*,#8306,.T.);
#8308=ORIENTED_EDGE('',*,*,#6922,.T.);
#8309=ORIENTED_EDGE('',*,*,#6546,.F.);
#8310=EDGE_LOOP('',(#8301,#8307,#8308,#8309));
#8311=FACE_BOUND('',#8310,.T.);
#8312=ADVANCED_FACE('',(#8311),#8293,.T.);
#8313=CARTESIAN_POINT('',(-48.5,-9.999656118,-15.095307911));
#8314=DIRECTION('',(-1.,0.,-0.));
#8315=DIRECTION('',(-0.,0.,1.));
#8316=AXIS2_PLACEMENT_3D('',#8313,#8314,#8315);
#8317=PLANE('',#8316);
#8318=CARTESIAN_POINT('',(-48.5,-17.999656118,-15.095307911));
#8319=VERTEX_POINT('',#8318);
#8320=CARTESIAN_POINT('',(-48.5,-2.999656118,-15.095307911));
#8321=VERTEX_POINT('',#8320);
#8322=CARTESIAN_POINT('',(-48.5,-17.999656118,-15.095307911));
#8323=DIRECTION('',(0.,1.,0.));
#8324=VECTOR('',#8323,15.);
#8325=LINE('',#8322,#8324);
#8326=EDGE_CURVE('',#8319,#8321,#8325,.T.);
#8327=ORIENTED_EDGE('',*,*,#8326,.T.);
#8328=CARTESIAN_POINT('',(-48.5,-2.999656118,-15.095307911));
#8329=DIRECTION('',(0.,0.707106781,-0.707106781));
#8330=VECTOR('',#8329,1.414213562);
#8331=LINE('',#8328,#8330);
#8332=EDGE_CURVE('',#8321,#8295,#8331,.T.);
#8333=ORIENTED_EDGE('',*,*,#8332,.T.);
#8334=ORIENTED_EDGE('',*,*,#8300,.T.);
#8335=ORIENTED_EDGE('',*,*,#6538,.F.);
#8336=CARTESIAN_POINT('',(-48.5,-17.999656118,-15.095307911));
#8337=DIRECTION('',(0.,0.,-1.));
#8338=VECTOR('',#8337,2.);
#8339=LINE('',#8336,#8338);
#8340=EDGE_CURVE('',#8319,#6525,#8339,.T.);
#8341=ORIENTED_EDGE('',*,*,#8340,.F.);
#8342=EDGE_LOOP('',(#8327,#8333,#8334,#8335,#8341));
#8343=FACE_BOUND('',#8342,.T.);
#8344=ADVANCED_FACE('',(#8343),#8317,.T.);
#8345=CARTESIAN_POINT('',(-60.,-17.999656118,-15.095307911));
#8346=DIRECTION('',(0.,1.,0.));
#8347=DIRECTION('',(0.,0.,1.));
#8348=AXIS2_PLACEMENT_3D('',#8345,#8346,#8347);
#8349=PLANE('',#8348);
#8350=ORIENTED_EDGE('',*,*,#6530,.F.);
#8351=ORIENTED_EDGE('',*,*,#8284,.F.);
#8352=CARTESIAN_POINT('',(-71.5,-17.999656118,-15.095307911));
#8353=DIRECTION('',(1.,0.,0.));
#8354=VECTOR('',#8353,23.);
#8355=LINE('',#8352,#8354);
#8356=EDGE_CURVE('',#8273,#8319,#8355,.T.);
#8357=ORIENTED_EDGE('',*,*,#8356,.T.);
#8358=ORIENTED_EDGE('',*,*,#8340,.T.);
#8359=EDGE_LOOP('',(#8350,#8351,#8357,#8358));
#8360=FACE_BOUND('',#8359,.T.);
#8361=ADVANCED_FACE('',(#8360),#8349,.T.);
#8362=CARTESIAN_POINT('',(-59.694190172,5.412031621,-15.095307911));
#8363=DIRECTION('',(0.,0.,-1.));
#8364=DIRECTION('',(-1.,0.,-0.));
#8365=AXIS2_PLACEMENT_3D('',#8362,#8363,#8364);
#8366=PLANE('',#8365);
#8367=CARTESIAN_POINT('',(-50.74999998,-16.499656118,-15.095307911));
#8368=VERTEX_POINT('',#8367);
#8369=CARTESIAN_POINT('',(-49.99999998,-16.499656118,-15.095307911));
#8370=DIRECTION('',(0.,0.,-1.));
#8371=DIRECTION('',(-1.,0.,-0.));
#8372=AXIS2_PLACEMENT_3D('',#8369,#8370,#8371);
#8373=CIRCLE('',#8372,0.75);
#8374=EDGE_CURVE('',#8368,#8368,#8373,.T.);
#8375=ORIENTED_EDGE('',*,*,#8374,.F.);
#8376=EDGE_LOOP('',(#8375));
#8377=FACE_BOUND('',#8376,.T.);
#8378=ORIENTED_EDGE('',*,*,#8278,.F.);
#8379=CARTESIAN_POINT('',(-72.5,-13.999656118,-15.095307911));
#8380=VERTEX_POINT('',#8379);
#8381=CARTESIAN_POINT('',(-72.5,-14.999656118,-15.095307911));
#8382=DIRECTION('',(-0.,-0.,1.));
#8383=DIRECTION('',(-1.,0.,-0.));
#8384=AXIS2_PLACEMENT_3D('',#8381,#8382,#8383);
#8385=CIRCLE('',#8384,1.);
#8386=EDGE_CURVE('',#8265,#8380,#8385,.T.);
#8387=ORIENTED_EDGE('',*,*,#8386,.T.);
#8388=CARTESIAN_POINT('',(-73.5,-13.999656118,-15.095307911));
#8389=VERTEX_POINT('',#8388);
#8390=CARTESIAN_POINT('',(-72.5,-13.999656118,-15.095307911));
#8391=DIRECTION('',(-1.,0.,-0.));
#8392=VECTOR('',#8391,1.);
#8393=LINE('',#8390,#8392);
#8394=EDGE_CURVE('',#8380,#8389,#8393,.T.);
#8395=ORIENTED_EDGE('',*,*,#8394,.T.);
#8396=CARTESIAN_POINT('',(-74.5,-12.999656118,-15.095307911));
#8397=VERTEX_POINT('',#8396);
#8398=CARTESIAN_POINT('',(-73.5,-12.999656118,-15.095307911));
#8399=DIRECTION('',(0.,0.,-1.));
#8400=DIRECTION('',(-1.,0.,-0.));
#8401=AXIS2_PLACEMENT_3D('',#8398,#8399,#8400);
#8402=CIRCLE('',#8401,1.);
#8403=EDGE_CURVE('',#8389,#8397,#8402,.T.);
#8404=ORIENTED_EDGE('',*,*,#8403,.T.);
#8405=CARTESIAN_POINT('',(-74.5,-10.999656118,-15.095307911));
#8406=VERTEX_POINT('',#8405);
#8407=CARTESIAN_POINT('',(-74.5,-12.999656118,-15.095307911));
#8408=DIRECTION('',(0.,1.,0.));
#8409=VECTOR('',#8408,2.);
#8410=LINE('',#8407,#8409);
#8411=EDGE_CURVE('',#8397,#8406,#8410,.T.);
#8412=ORIENTED_EDGE('',*,*,#8411,.T.);
#8413=CARTESIAN_POINT('',(-73.5,-9.999656118,-15.095307911));
#8414=VERTEX_POINT('',#8413);
#8415=CARTESIAN_POINT('',(-73.5,-10.999656118,-15.095307911));
#8416=DIRECTION('',(0.,0.,-1.));
#8417=DIRECTION('',(-1.,0.,-0.));
#8418=AXIS2_PLACEMENT_3D('',#8415,#8416,#8417);
#8419=CIRCLE('',#8418,1.);
#8420=EDGE_CURVE('',#8406,#8414,#8419,.T.);
#8421=ORIENTED_EDGE('',*,*,#8420,.T.);
#8422=CARTESIAN_POINT('',(-72.5,-9.999656118,-15.095307911));
#8423=VERTEX_POINT('',#8422);
#8424=CARTESIAN_POINT('',(-72.5,-9.999656118,-15.095307911));
#8425=DIRECTION('',(-1.,0.,-0.));
#8426=VECTOR('',#8425,1.);
#8427=LINE('',#8424,#8426);
#8428=EDGE_CURVE('',#8423,#8414,#8427,.T.);
#8429=ORIENTED_EDGE('',*,*,#8428,.F.);
#8430=CARTESIAN_POINT('',(-72.5,-8.999656118,-15.095307911));
#8431=DIRECTION('',(-0.,-0.,1.));
#8432=DIRECTION('',(-1.,0.,-0.));
#8433=AXIS2_PLACEMENT_3D('',#8430,#8431,#8432);
#8434=CIRCLE('',#8433,1.);
#8435=EDGE_CURVE('',#8423,#6902,#8434,.T.);
#8436=ORIENTED_EDGE('',*,*,#8435,.T.);
#8437=ORIENTED_EDGE('',*,*,#6907,.F.);
#8438=CARTESIAN_POINT('',(-71.5,-2.999656118,-15.095307911));
#8439=DIRECTION('',(1.,0.,0.));
#8440=VECTOR('',#8439,23.);
#8441=LINE('',#8438,#8440);
#8442=EDGE_CURVE('',#6900,#8321,#8441,.T.);
#8443=ORIENTED_EDGE('',*,*,#8442,.T.);
#8444=ORIENTED_EDGE('',*,*,#8326,.F.);
#8445=ORIENTED_EDGE('',*,*,#8356,.F.);
#8446=EDGE_LOOP('',(#8378,#8387,#8395,#8404,#8412,#8421,#8429,#8436,#8437,#8443,#8444,#8445));
#8447=FACE_BOUND('',#8446,.T.);
#8448=ADVANCED_FACE('',(#8377,#8447),#8366,.T.);
#8449=CARTESIAN_POINT('',(-49.99999998,-16.499656118,-11.495307911));
#8450=DIRECTION('',(0.,0.,-1.));
#8451=DIRECTION('',(-1.,0.,-0.));
#8452=AXIS2_PLACEMENT_3D('',#8449,#8450,#8451);
#8453=CYLINDRICAL_SURFACE('',#8452,0.75);
#8454=CARTESIAN_POINT('',(-50.74999998,-16.499656118,-15.095307911));
#8455=DIRECTION('',(-0.,-0.,1.));
#8456=VECTOR('',#8455,1.);
#8457=LINE('',#8454,#8456);
#8458=EDGE_CURVE('',#8368,#7940,#8457,.T.);
#8459=ORIENTED_EDGE('',*,*,#8458,.F.);
#8460=ORIENTED_EDGE('',*,*,#8374,.T.);
#8461=ORIENTED_EDGE('',*,*,#8458,.T.);
#8462=ORIENTED_EDGE('',*,*,#7946,.F.);
#8463=EDGE_LOOP('',(#8459,#8460,#8461,#8462));
#8464=FACE_BOUND('',#8463,.T.);
#8465=ADVANCED_FACE('',(#8464),#8453,.F.);
#8466=CARTESIAN_POINT('',(-42.5,-5.999656118,-15.095307911));
#8467=DIRECTION('',(0.,0.,-1.));
#8468=DIRECTION('',(-1.,0.,-0.));
#8469=AXIS2_PLACEMENT_3D('',#8466,#8467,#8468);
#8470=CYLINDRICAL_SURFACE('',#8469,0.8);
#8471=CARTESIAN_POINT('',(-43.3,-5.999656118,-15.095307911));
#8472=VERTEX_POINT('',#8471);
#8473=CARTESIAN_POINT('',(-43.3,-5.999656118,-17.095307911));
#8474=DIRECTION('',(-0.,-0.,1.));
#8475=VECTOR('',#8474,2.);
#8476=LINE('',#8473,#8475);
#8477=EDGE_CURVE('',#6727,#8472,#8476,.T.);
#8478=ORIENTED_EDGE('',*,*,#8477,.F.);
#8479=ORIENTED_EDGE('',*,*,#6733,.T.);
#8480=ORIENTED_EDGE('',*,*,#8477,.T.);
#8481=CARTESIAN_POINT('',(-42.5,-5.999656118,-15.095307911));
#8482=DIRECTION('',(0.,0.,-1.));
#8483=DIRECTION('',(-1.,0.,-0.));
#8484=AXIS2_PLACEMENT_3D('',#8481,#8482,#8483);
#8485=CIRCLE('',#8484,0.8);
#8486=EDGE_CURVE('',#8472,#8472,#8485,.T.);
#8487=ORIENTED_EDGE('',*,*,#8486,.F.);
#8488=EDGE_LOOP('',(#8478,#8479,#8480,#8487));
#8489=FACE_BOUND('',#8488,.T.);
#8490=ADVANCED_FACE('',(#8489),#8470,.F.);
#8491=CARTESIAN_POINT('',(-59.694190172,5.412031621,-15.095307911));
#8492=DIRECTION('',(0.,0.,-1.));
#8493=DIRECTION('',(1.,0.,0.));
#8494=AXIS2_PLACEMENT_3D('',#8491,#8492,#8493);
#8495=PLANE('',#8494);
#8496=ORIENTED_EDGE('',*,*,#8486,.T.);
#8497=EDGE_LOOP('',(#8496));
#8498=FACE_BOUND('',#8497,.T.);
#8499=ADVANCED_FACE('',(#8498),#8495,.T.);
#8500=CARTESIAN_POINT('',(-77.5,-5.999656118,-15.095307911));
#8501=DIRECTION('',(0.,0.,-1.));
#8502=DIRECTION('',(-1.,0.,-0.));
#8503=AXIS2_PLACEMENT_3D('',#8500,#8501,#8502);
#8504=CYLINDRICAL_SURFACE('',#8503,0.8);
#8505=CARTESIAN_POINT('',(-78.3,-5.999656118,-15.095307911));
#8506=VERTEX_POINT('',#8505);
#8507=CARTESIAN_POINT('',(-78.3,-5.999656118,-17.095307911));
#8508=DIRECTION('',(-0.,-0.,1.));
#8509=VECTOR('',#8508,2.);
#8510=LINE('',#8507,#8509);
#8511=EDGE_CURVE('',#6716,#8506,#8510,.T.);
#8512=ORIENTED_EDGE('',*,*,#8511,.F.);
#8513=ORIENTED_EDGE('',*,*,#6722,.T.);
#8514=ORIENTED_EDGE('',*,*,#8511,.T.);
#8515=CARTESIAN_POINT('',(-77.5,-5.999656118,-15.095307911));
#8516=DIRECTION('',(0.,0.,-1.));
#8517=DIRECTION('',(-1.,0.,-0.));
#8518=AXIS2_PLACEMENT_3D('',#8515,#8516,#8517);
#8519=CIRCLE('',#8518,0.8);
#8520=EDGE_CURVE('',#8506,#8506,#8519,.T.);
#8521=ORIENTED_EDGE('',*,*,#8520,.F.);
#8522=EDGE_LOOP('',(#8512,#8513,#8514,#8521));
#8523=FACE_BOUND('',#8522,.T.);
#8524=ADVANCED_FACE('',(#8523),#8504,.F.);
#8525=CARTESIAN_POINT('',(-59.694190172,5.412031621,-15.095307911));
#8526=DIRECTION('',(0.,0.,-1.));
#8527=DIRECTION('',(1.,0.,0.));
#8528=AXIS2_PLACEMENT_3D('',#8525,#8526,#8527);
#8529=PLANE('',#8528);
#8530=ORIENTED_EDGE('',*,*,#8520,.T.);
#8531=EDGE_LOOP('',(#8530));
#8532=FACE_BOUND('',#8531,.T.);
#8533=ADVANCED_FACE('',(#8532),#8529,.T.);
#8534=CARTESIAN_POINT('',(-71.008180602,23.841846414,-14.095307911));
#8535=DIRECTION('',(0.,0.,-1.));
#8536=DIRECTION('',(-1.,0.,-0.));
#8537=AXIS2_PLACEMENT_3D('',#8534,#8535,#8536);
#8538=CYLINDRICAL_SURFACE('',#8537,0.8);
#8539=CARTESIAN_POINT('',(-71.808180602,23.841846414,-14.095307911));
#8540=VERTEX_POINT('',#8539);
#8541=CARTESIAN_POINT('',(-71.808180602,23.841846414,-17.095307911));
#8542=DIRECTION('',(-0.,-0.,1.));
#8543=VECTOR('',#8542,3.);
#8544=LINE('',#8541,#8543);
#8545=EDGE_CURVE('',#6705,#8540,#8544,.T.);
#8546=ORIENTED_EDGE('',*,*,#8545,.F.);
#8547=ORIENTED_EDGE('',*,*,#6711,.T.);
#8548=ORIENTED_EDGE('',*,*,#8545,.T.);
#8549=CARTESIAN_POINT('',(-71.008180602,23.841846414,-14.095307911));
#8550=DIRECTION('',(0.,0.,-1.));
#8551=DIRECTION('',(-1.,0.,-0.));
#8552=AXIS2_PLACEMENT_3D('',#8549,#8550,#8551);
#8553=CIRCLE('',#8552,0.8);
#8554=EDGE_CURVE('',#8540,#8540,#8553,.T.);
#8555=ORIENTED_EDGE('',*,*,#8554,.F.);
#8556=EDGE_LOOP('',(#8546,#8547,#8548,#8555));
#8557=FACE_BOUND('',#8556,.T.);
#8558=ADVANCED_FACE('',(#8557),#8538,.F.);
#8559=CARTESIAN_POINT('',(-59.694190172,5.412031621,-14.095307911));
#8560=DIRECTION('',(0.,0.,-1.));
#8561=DIRECTION('',(1.,0.,0.));
#8562=AXIS2_PLACEMENT_3D('',#8559,#8560,#8561);
#8563=PLANE('',#8562);
#8564=ORIENTED_EDGE('',*,*,#8554,.T.);
#8565=EDGE_LOOP('',(#8564));
#8566=FACE_BOUND('',#8565,.T.);
#8567=ADVANCED_FACE('',(#8566),#8563,.T.);
#8568=CARTESIAN_POINT('',(-49.008180602,23.841846414,-14.095307911));
#8569=DIRECTION('',(0.,0.,-1.));
#8570=DIRECTION('',(-1.,0.,-0.));
#8571=AXIS2_PLACEMENT_3D('',#8568,#8569,#8570);
#8572=CYLINDRICAL_SURFACE('',#8571,0.8);
#8573=CARTESIAN_POINT('',(-49.808180602,23.841846414,-14.095307911));
#8574=VERTEX_POINT('',#8573);
#8575=CARTESIAN_POINT('',(-49.808180602,23.841846414,-17.095307911));
#8576=DIRECTION('',(-0.,-0.,1.));
#8577=VECTOR('',#8576,3.);
#8578=LINE('',#8575,#8577);
#8579=EDGE_CURVE('',#6694,#8574,#8578,.T.);
#8580=ORIENTED_EDGE('',*,*,#8579,.F.);
#8581=ORIENTED_EDGE('',*,*,#6700,.T.);
#8582=ORIENTED_EDGE('',*,*,#8579,.T.);
#8583=CARTESIAN_POINT('',(-49.008180602,23.841846414,-14.095307911));
#8584=DIRECTION('',(0.,0.,-1.));
#8585=DIRECTION('',(-1.,0.,-0.));
#8586=AXIS2_PLACEMENT_3D('',#8583,#8584,#8585);
#8587=CIRCLE('',#8586,0.8);
#8588=EDGE_CURVE('',#8574,#8574,#8587,.T.);
#8589=ORIENTED_EDGE('',*,*,#8588,.F.);
#8590=EDGE_LOOP('',(#8580,#8581,#8582,#8589));
#8591=FACE_BOUND('',#8590,.T.);
#8592=ADVANCED_FACE('',(#8591),#8572,.F.);
#8593=CARTESIAN_POINT('',(-59.694190172,5.412031621,-14.095307911));
#8594=DIRECTION('',(0.,0.,-1.));
#8595=DIRECTION('',(1.,0.,0.));
#8596=AXIS2_PLACEMENT_3D('',#8593,#8594,#8595);
#8597=PLANE('',#8596);
#8598=ORIENTED_EDGE('',*,*,#8588,.T.);
#8599=EDGE_LOOP('',(#8598));
#8600=FACE_BOUND('',#8599,.T.);
#8601=ADVANCED_FACE('',(#8600),#8597,.T.);
#8602=CARTESIAN_POINT('',(-33.163863291,-1.335078291,-16.295307911));
#8603=DIRECTION('',(0.,-1.,0.));
#8604=DIRECTION('',(0.,0.,-1.));
#8605=AXIS2_PLACEMENT_3D('',#8602,#8603,#8604);
#8606=PLANE('',#8605);
#8607=ORIENTED_EDGE('',*,*,#6445,.F.);
#8608=ORIENTED_EDGE('',*,*,#7640,.T.);
#8609=CARTESIAN_POINT('',(-33.727241422,-1.335078291,-16.295307911));
#8610=VERTEX_POINT('',#8609);
#8611=CARTESIAN_POINT('',(-32.808180602,-1.335078291,-16.295307911));
#8612=DIRECTION('',(-1.,0.,-0.));
#8613=VECTOR('',#8612,0.919060821);
#8614=LINE('',#8611,#8613);
#8615=EDGE_CURVE('',#7629,#8610,#8614,.T.);
#8616=ORIENTED_EDGE('',*,*,#8615,.T.);
#8617=CARTESIAN_POINT('',(-33.727241422,-1.335078291,-16.295307911));
#8618=DIRECTION('',(0.,0.,-1.));
#8619=VECTOR('',#8618,0.8);
#8620=LINE('',#8617,#8619);
#8621=EDGE_CURVE('',#8610,#6440,#8620,.T.);
#8622=ORIENTED_EDGE('',*,*,#8621,.T.);
#8623=EDGE_LOOP('',(#8607,#8608,#8616,#8622));
#8624=FACE_BOUND('',#8623,.T.);
#8625=ADVANCED_FACE('',(#8624),#8606,.T.);
#8626=CARTESIAN_POINT('',(-49.58016992,-19.761746994,-16.295307911));
#8627=DIRECTION('',(-1.,0.,-0.));
#8628=DIRECTION('',(-0.,0.,1.));
#8629=AXIS2_PLACEMENT_3D('',#8626,#8627,#8628);
#8630=PLANE('',#8629);
#8631=ORIENTED_EDGE('',*,*,#6462,.T.);
#8632=CARTESIAN_POINT('',(-49.58016992,-19.175620734,-16.295307911));
#8633=VERTEX_POINT('',#8632);
#8634=CARTESIAN_POINT('',(-49.58016992,-19.175620734,-16.295307911));
#8635=DIRECTION('',(0.,0.,-1.));
#8636=VECTOR('',#8635,0.8);
#8637=LINE('',#8634,#8636);
#8638=EDGE_CURVE('',#8633,#6448,#8637,.T.);
#8639=ORIENTED_EDGE('',*,*,#8638,.F.);
#8640=CARTESIAN_POINT('',(-49.58016992,-20.131597416,-16.295307911));
#8641=DIRECTION('',(0.,1.,0.));
#8642=VECTOR('',#8641,0.955976682);
#8643=LINE('',#8640,#8642);
#8644=EDGE_CURVE('',#7898,#8633,#8643,.T.);
#8645=ORIENTED_EDGE('',*,*,#8644,.F.);
#8646=ORIENTED_EDGE('',*,*,#8252,.F.);
#8647=EDGE_LOOP('',(#8631,#8639,#8645,#8646));
#8648=FACE_BOUND('',#8647,.T.);
#8649=ADVANCED_FACE('',(#8648),#8630,.F.);
#8650=CARTESIAN_POINT('',(-60.008180602,6.05425428,-16.295307911));
#8651=DIRECTION('',(0.,0.,-1.));
#8652=DIRECTION('',(-1.,0.,-0.));
#8653=AXIS2_PLACEMENT_3D('',#8650,#8651,#8652);
#8654=CYLINDRICAL_SURFACE('',#8653,27.3);
#8655=ORIENTED_EDGE('',*,*,#6454,.F.);
#8656=ORIENTED_EDGE('',*,*,#8621,.F.);
#8657=CARTESIAN_POINT('',(-60.008180602,6.05425428,-16.295307911));
#8658=DIRECTION('',(0.,0.,-1.));
#8659=DIRECTION('',(-1.,0.,-0.));
#8660=AXIS2_PLACEMENT_3D('',#8657,#8658,#8659);
#8661=CIRCLE('',#8660,27.3);
#8662=EDGE_CURVE('',#8610,#8633,#8661,.T.);
#8663=ORIENTED_EDGE('',*,*,#8662,.T.);
#8664=ORIENTED_EDGE('',*,*,#8638,.T.);
#8665=EDGE_LOOP('',(#8655,#8656,#8663,#8664));
#8666=FACE_BOUND('',#8665,.T.);
#8667=ADVANCED_FACE('',(#8666),#8654,.T.);
#8668=CARTESIAN_POINT('',(-59.694190172,5.412031621,-16.295307911));
#8669=DIRECTION('',(0.,0.,-1.));
#8670=DIRECTION('',(1.,0.,0.));
#8671=AXIS2_PLACEMENT_3D('',#8668,#8669,#8670);
#8672=PLANE('',#8671);
#8673=ORIENTED_EDGE('',*,*,#8615,.F.);
#8674=ORIENTED_EDGE('',*,*,#7904,.T.);
#8675=ORIENTED_EDGE('',*,*,#8644,.T.);
#8676=ORIENTED_EDGE('',*,*,#8662,.F.);
#8677=EDGE_LOOP('',(#8673,#8674,#8675,#8676));
#8678=FACE_BOUND('',#8677,.T.);
#8679=ADVANCED_FACE('',(#8678),#8672,.T.);
#8680=CARTESIAN_POINT('',(-70.436191284,-19.761746994,-16.295307911));
#8681=DIRECTION('',(-1.,0.,-0.));
#8682=DIRECTION('',(-0.,0.,1.));
#8683=AXIS2_PLACEMENT_3D('',#8680,#8681,#8682);
#8684=PLANE('',#8683);
#8685=ORIENTED_EDGE('',*,*,#6478,.F.);
#8686=ORIENTED_EDGE('',*,*,#8245,.T.);
#8687=CARTESIAN_POINT('',(-70.436191284,-19.175620734,-16.295307911));
#8688=VERTEX_POINT('',#8687);
#8689=CARTESIAN_POINT('',(-70.436191284,-20.131597416,-16.295307911));
#8690=DIRECTION('',(0.,1.,0.));
#8691=VECTOR('',#8690,0.955976682);
#8692=LINE('',#8689,#8691);
#8693=EDGE_CURVE('',#7245,#8688,#8692,.T.);
#8694=ORIENTED_EDGE('',*,*,#8693,.T.);
#8695=CARTESIAN_POINT('',(-70.436191284,-19.175620734,-16.295307911));
#8696=DIRECTION('',(0.,0.,-1.));
#8697=VECTOR('',#8696,0.8);
#8698=LINE('',#8695,#8697);
#8699=EDGE_CURVE('',#8688,#6473,#8698,.T.);
#8700=ORIENTED_EDGE('',*,*,#8699,.T.);
#8701=EDGE_LOOP('',(#8685,#8686,#8694,#8700));
#8702=FACE_BOUND('',#8701,.T.);
#8703=ADVANCED_FACE('',(#8702),#8684,.T.);
#8704=CARTESIAN_POINT('',(-86.852497913,-1.335078291,-16.295307911));
#8705=DIRECTION('',(0.,1.,0.));
#8706=DIRECTION('',(0.,0.,1.));
#8707=AXIS2_PLACEMENT_3D('',#8704,#8705,#8706);
#8708=PLANE('',#8707);
#8709=ORIENTED_EDGE('',*,*,#6493,.T.);
#8710=CARTESIAN_POINT('',(-86.289119781,-1.335078291,-16.295307911));
#8711=VERTEX_POINT('',#8710);
#8712=CARTESIAN_POINT('',(-86.289119781,-1.335078291,-16.295307911));
#8713=DIRECTION('',(0.,0.,-1.));
#8714=VECTOR('',#8713,0.8);
#8715=LINE('',#8712,#8714);
#8716=EDGE_CURVE('',#8711,#6481,#8715,.T.);
#8717=ORIENTED_EDGE('',*,*,#8716,.F.);
#8718=CARTESIAN_POINT('',(-87.208180602,-1.335078291,-16.295307911));
#8719=DIRECTION('',(1.,0.,0.));
#8720=VECTOR('',#8719,0.919060821);
#8721=LINE('',#8718,#8720);
#8722=EDGE_CURVE('',#7271,#8711,#8721,.T.);
#8723=ORIENTED_EDGE('',*,*,#8722,.F.);
#8724=ORIENTED_EDGE('',*,*,#7510,.F.);
#8725=EDGE_LOOP('',(#8709,#8717,#8723,#8724));
#8726=FACE_BOUND('',#8725,.T.);
#8727=ADVANCED_FACE('',(#8726),#8708,.F.);
#8728=CARTESIAN_POINT('',(-60.008180602,6.05425428,-16.295307911));
#8729=DIRECTION('',(0.,0.,-1.));
#8730=DIRECTION('',(-1.,0.,-0.));
#8731=AXIS2_PLACEMENT_3D('',#8728,#8729,#8730);
#8732=CYLINDRICAL_SURFACE('',#8731,27.3);
#8733=ORIENTED_EDGE('',*,*,#6487,.F.);
#8734=ORIENTED_EDGE('',*,*,#8699,.F.);
#8735=CARTESIAN_POINT('',(-60.008180602,6.05425428,-16.295307911));
#8736=DIRECTION('',(0.,0.,-1.));
#8737=DIRECTION('',(-1.,0.,-0.));
#8738=AXIS2_PLACEMENT_3D('',#8735,#8736,#8737);
#8739=CIRCLE('',#8738,27.3);
#8740=EDGE_CURVE('',#8688,#8711,#8739,.T.);
#8741=ORIENTED_EDGE('',*,*,#8740,.T.);
#8742=ORIENTED_EDGE('',*,*,#8716,.T.);
#8743=EDGE_LOOP('',(#8733,#8734,#8741,#8742));
#8744=FACE_BOUND('',#8743,.T.);
#8745=ADVANCED_FACE('',(#8744),#8732,.T.);
#8746=CARTESIAN_POINT('',(-59.694190172,5.412031621,-16.295307911));
#8747=DIRECTION('',(0.,0.,-1.));
#8748=DIRECTION('',(1.,0.,0.));
#8749=AXIS2_PLACEMENT_3D('',#8746,#8747,#8748);
#8750=PLANE('',#8749);
#8751=ORIENTED_EDGE('',*,*,#8693,.F.);
#8752=ORIENTED_EDGE('',*,*,#7283,.T.);
#8753=ORIENTED_EDGE('',*,*,#8722,.T.);
#8754=ORIENTED_EDGE('',*,*,#8740,.F.);
#8755=EDGE_LOOP('',(#8751,#8752,#8753,#8754));
#8756=FACE_BOUND('',#8755,.T.);
#8757=ADVANCED_FACE('',(#8756),#8750,.T.);
#8758=CARTESIAN_POINT('',(-33.163863291,13.443586851,-16.295307911));
#8759=DIRECTION('',(0.,-1.,0.));
#8760=DIRECTION('',(1.,0.,0.));
#8761=AXIS2_PLACEMENT_3D('',#8758,#8759,#8760);
#8762=PLANE('',#8761);
#8763=ORIENTED_EDGE('',*,*,#6429,.T.);
#8764=CARTESIAN_POINT('',(-33.727241422,13.443586851,-16.295307911));
#8765=VERTEX_POINT('',#8764);
#8766=CARTESIAN_POINT('',(-33.727241422,13.443586851,-16.295307911));
#8767=DIRECTION('',(0.,0.,-1.));
#8768=VECTOR('',#8767,0.8);
#8769=LINE('',#8766,#8768);
#8770=EDGE_CURVE('',#8765,#6415,#8769,.T.);
#8771=ORIENTED_EDGE('',*,*,#8770,.F.);
#8772=CARTESIAN_POINT('',(-32.808180602,13.443586851,-16.295307911));
#8773=DIRECTION('',(-1.,-0.,-0.));
#8774=VECTOR('',#8773,0.919060821);
#8775=LINE('',#8772,#8774);
#8776=EDGE_CURVE('',#7596,#8765,#8775,.T.);
#8777=ORIENTED_EDGE('',*,*,#8776,.F.);
#8778=ORIENTED_EDGE('',*,*,#7647,.T.);
#8779=EDGE_LOOP('',(#8763,#8771,#8777,#8778));
#8780=FACE_BOUND('',#8779,.T.);
#8781=ADVANCED_FACE('',(#8780),#8762,.F.);
#8782=CARTESIAN_POINT('',(-60.008180602,6.05425428,-16.295307911));
#8783=DIRECTION('',(0.,0.,-1.));
#8784=DIRECTION('',(-1.,0.,-0.));
#8785=AXIS2_PLACEMENT_3D('',#8782,#8783,#8784);
#8786=CYLINDRICAL_SURFACE('',#8785,27.3);
#8787=ORIENTED_EDGE('',*,*,#6421,.F.);
#8788=CARTESIAN_POINT('',(-86.289119781,13.443586851,-16.295307911));
#8789=VERTEX_POINT('',#8788);
#8790=CARTESIAN_POINT('',(-86.289119781,13.443586851,-16.295307911));
#8791=DIRECTION('',(0.,0.,-1.));
#8792=VECTOR('',#8791,0.8);
#8793=LINE('',#8790,#8792);
#8794=EDGE_CURVE('',#8789,#6407,#8793,.T.);
#8795=ORIENTED_EDGE('',*,*,#8794,.F.);
#8796=CARTESIAN_POINT('',(-60.008180602,6.05425428,-16.295307911));
#8797=DIRECTION('',(0.,0.,-1.));
#8798=DIRECTION('',(-1.,0.,-0.));
#8799=AXIS2_PLACEMENT_3D('',#8796,#8797,#8798);
#8800=CIRCLE('',#8799,27.3);
#8801=EDGE_CURVE('',#8789,#8765,#8800,.T.);
#8802=ORIENTED_EDGE('',*,*,#8801,.T.);
#8803=ORIENTED_EDGE('',*,*,#8770,.T.);
#8804=EDGE_LOOP('',(#8787,#8795,#8802,#8803));
#8805=FACE_BOUND('',#8804,.T.);
#8806=ADVANCED_FACE('',(#8805),#8786,.T.);
#8807=CARTESIAN_POINT('',(-86.852497913,13.443586851,-16.295307911));
#8808=DIRECTION('',(0.,1.,0.));
#8809=DIRECTION('',(0.,0.,1.));
#8810=AXIS2_PLACEMENT_3D('',#8807,#8808,#8809);
#8811=PLANE('',#8810);
#8812=ORIENTED_EDGE('',*,*,#6412,.F.);
#8813=ORIENTED_EDGE('',*,*,#7503,.F.);
#8814=CARTESIAN_POINT('',(-87.208180602,13.443586851,-16.295307911));
#8815=DIRECTION('',(1.,0.,0.));
#8816=VECTOR('',#8815,0.919060821);
#8817=LINE('',#8814,#8816);
#8818=EDGE_CURVE('',#7492,#8789,#8817,.T.);
#8819=ORIENTED_EDGE('',*,*,#8818,.T.);
#8820=ORIENTED_EDGE('',*,*,#8794,.T.);
#8821=EDGE_LOOP('',(#8812,#8813,#8819,#8820));
#8822=FACE_BOUND('',#8821,.T.);
#8823=ADVANCED_FACE('',(#8822),#8811,.T.);
#8824=CARTESIAN_POINT('',(-59.694190172,5.412031621,-16.295307911));
#8825=DIRECTION('',(0.,0.,-1.));
#8826=DIRECTION('',(1.,0.,0.));
#8827=AXIS2_PLACEMENT_3D('',#8824,#8825,#8826);
#8828=PLANE('',#8827);
#8829=ORIENTED_EDGE('',*,*,#7866,.T.);
#8830=ORIENTED_EDGE('',*,*,#8776,.T.);
#8831=ORIENTED_EDGE('',*,*,#8801,.F.);
#8832=ORIENTED_EDGE('',*,*,#8818,.F.);
#8833=EDGE_LOOP('',(#8829,#8830,#8831,#8832));
#8834=FACE_BOUND('',#8833,.T.);
#8835=ADVANCED_FACE('',(#8834),#8828,.T.);
#8836=CARTESIAN_POINT('',(-47.694190172,11.412031621,-15.095307911));
#8837=DIRECTION('',(0.,0.,-1.));
#8838=DIRECTION('',(-1.,0.,-0.));
#8839=AXIS2_PLACEMENT_3D('',#8836,#8837,#8838);
#8840=CYLINDRICAL_SURFACE('',#8839,7.65);
#8841=CARTESIAN_POINT('',(-55.344190172,11.412031621,-16.095307911));
#8842=VERTEX_POINT('',#8841);
#8843=CARTESIAN_POINT('',(-55.344190172,11.412031621,-15.095307911));
#8844=VERTEX_POINT('',#8843);
#8845=CARTESIAN_POINT('',(-55.344190172,11.412031621,-16.095307911));
#8846=DIRECTION('',(-0.,-0.,1.));
#8847=VECTOR('',#8846,1.);
#8848=LINE('',#8845,#8847);
#8849=EDGE_CURVE('',#8842,#8844,#8848,.T.);
#8850=ORIENTED_EDGE('',*,*,#8849,.F.);
#8851=CARTESIAN_POINT('',(-47.694190172,11.412031621,-16.095307911));
#8852=DIRECTION('',(0.,0.,-1.));
#8853=DIRECTION('',(-1.,0.,-0.));
#8854=AXIS2_PLACEMENT_3D('',#8851,#8852,#8853);
#8855=CIRCLE('',#8854,7.65);
#8856=EDGE_CURVE('',#8842,#8842,#8855,.T.);
#8857=ORIENTED_EDGE('',*,*,#8856,.T.);
#8858=ORIENTED_EDGE('',*,*,#8849,.T.);
#8859=CARTESIAN_POINT('',(-40.044255252,11.443586851,-15.095307911));
#8860=VERTEX_POINT('',#8859);
#8861=CARTESIAN_POINT('',(-47.694190172,11.412031621,-15.095307911));
#8862=DIRECTION('',(0.,0.,-1.));
#8863=DIRECTION('',(-1.,0.,-0.));
#8864=AXIS2_PLACEMENT_3D('',#8861,#8862,#8863);
#8865=CIRCLE('',#8864,7.65);
#8866=EDGE_CURVE('',#8860,#8844,#8865,.T.);
#8867=ORIENTED_EDGE('',*,*,#8866,.F.);
#8868=CARTESIAN_POINT('',(-40.318874358,13.443586851,-13.095307911));
#8869=VERTEX_POINT('',#8868);
#8870=CARTESIAN_POINT('',(-47.694190172,11.412031621,-15.126863142));
#8871=DIRECTION('',(-0.,-0.707106781,0.707106781));
#8872=DIRECTION('',(0.,-0.707106781,-0.707106781));
#8873=AXIS2_PLACEMENT_3D('',#8870,#8871,#8872);
#8874=ELLIPSE('',#8873,10.818733752,7.65);
#8875=EDGE_CURVE('',#8860,#8869,#8874,.T.);
#8876=ORIENTED_EDGE('',*,*,#8875,.T.);
#8877=CARTESIAN_POINT('',(-55.069505985,13.443586851,-13.095307911));
#8878=VERTEX_POINT('',#8877);
#8879=CARTESIAN_POINT('',(-47.694190172,11.412031621,-13.095307911));
#8880=DIRECTION('',(0.,0.,-1.));
#8881=DIRECTION('',(-1.,0.,-0.));
#8882=AXIS2_PLACEMENT_3D('',#8879,#8880,#8881);
#8883=CIRCLE('',#8882,7.65);
#8884=EDGE_CURVE('',#8878,#8869,#8883,.T.);
#8885=ORIENTED_EDGE('',*,*,#8884,.F.);
#8886=CARTESIAN_POINT('',(-55.344125091,11.443586851,-15.095307911));
#8887=VERTEX_POINT('',#8886);
#8888=CARTESIAN_POINT('',(-47.694190172,11.412031621,-15.126863142));
#8889=DIRECTION('',(-0.,-0.707106781,0.707106781));
#8890=DIRECTION('',(0.,-0.707106781,-0.707106781));
#8891=AXIS2_PLACEMENT_3D('',#8888,#8889,#8890);
#8892=ELLIPSE('',#8891,10.818733752,7.65);
#8893=EDGE_CURVE('',#8878,#8887,#8892,.T.);
#8894=ORIENTED_EDGE('',*,*,#8893,.T.);
#8895=CARTESIAN_POINT('',(-47.694190172,11.412031621,-15.095307911));
#8896=DIRECTION('',(0.,0.,-1.));
#8897=DIRECTION('',(-1.,0.,-0.));
#8898=AXIS2_PLACEMENT_3D('',#8895,#8896,#8897);
#8899=CIRCLE('',#8898,7.65);
#8900=EDGE_CURVE('',#8844,#8887,#8899,.T.);
#8901=ORIENTED_EDGE('',*,*,#8900,.F.);
#8902=EDGE_LOOP('',(#8850,#8857,#8858,#8867,#8876,#8885,#8894,#8901));
#8903=FACE_BOUND('',#8902,.T.);
#8904=ADVANCED_FACE('',(#8903),#8840,.F.);
#8905=CARTESIAN_POINT('',(-59.694190172,5.412031621,-15.095307911));
#8906=DIRECTION('',(0.,0.,-1.));
#8907=DIRECTION('',(0.,1.,0.));
#8908=AXIS2_PLACEMENT_3D('',#8905,#8906,#8907);
#8909=PLANE('',#8908);
#8910=ORIENTED_EDGE('',*,*,#8866,.T.);
#8911=ORIENTED_EDGE('',*,*,#8900,.T.);
#8912=CARTESIAN_POINT('',(-55.344125091,11.443586851,-15.095307911));
#8913=DIRECTION('',(1.,0.,0.));
#8914=VECTOR('',#8913,15.299869838);
#8915=LINE('',#8912,#8914);
#8916=EDGE_CURVE('',#8887,#8860,#8915,.T.);
#8917=ORIENTED_EDGE('',*,*,#8916,.T.);
#8918=EDGE_LOOP('',(#8910,#8911,#8917));
#8919=FACE_BOUND('',#8918,.T.);
#8920=ADVANCED_FACE('',(#8919),#8909,.T.);
#8921=CARTESIAN_POINT('',(-60.,0.,-13.095307911));
#8922=DIRECTION('',(0.,0.,-1.));
#8923=DIRECTION('',(0.,1.,0.));
#8924=AXIS2_PLACEMENT_3D('',#8921,#8922,#8923);
#8925=PLANE('',#8924);
#8926=CARTESIAN_POINT('',(-40.318874358,13.443586851,-13.095307911));
#8927=DIRECTION('',(-1.,0.,-0.));
#8928=VECTOR('',#8927,14.750631626);
#8929=LINE('',#8926,#8928);
#8930=EDGE_CURVE('',#8869,#8878,#8929,.T.);
#8931=ORIENTED_EDGE('',*,*,#8930,.T.);
#8932=ORIENTED_EDGE('',*,*,#8884,.T.);
#8933=EDGE_LOOP('',(#8931,#8932));
#8934=FACE_BOUND('',#8933,.T.);
#8935=ADVANCED_FACE('',(#8934),#8925,.T.);
#8936=CARTESIAN_POINT('',(-47.694190172,13.443586851,-13.095307911));
#8937=DIRECTION('',(0.,0.707106781,-0.707106781));
#8938=DIRECTION('',(1.,0.,0.));
#8939=AXIS2_PLACEMENT_3D('',#8936,#8937,#8938);
#8940=PLANE('',#8939);
#8941=ORIENTED_EDGE('',*,*,#8875,.F.);
#8942=ORIENTED_EDGE('',*,*,#8916,.F.);
#8943=ORIENTED_EDGE('',*,*,#8893,.F.);
#8944=ORIENTED_EDGE('',*,*,#8930,.F.);
#8945=EDGE_LOOP('',(#8941,#8942,#8943,#8944));
#8946=FACE_BOUND('',#8945,.T.);
#8947=ADVANCED_FACE('',(#8946),#8940,.T.);
#8948=CARTESIAN_POINT('',(-47.694190172,11.412031621,-16.095307911));
#8949=DIRECTION('',(0.,0.,-1.));
#8950=DIRECTION('',(-1.,0.,-0.));
#8951=AXIS2_PLACEMENT_3D('',#8948,#8949,#8950);
#8952=TOROIDAL_SURFACE('',#8951,8.65,1.);
#8953=CARTESIAN_POINT('',(-56.344190172,11.412031621,-16.095307911));
#8954=DIRECTION('',(-0.,1.,0.));
#8955=DIRECTION('',(-1.,0.,-0.));
#8956=AXIS2_PLACEMENT_3D('',#8953,#8954,#8955);
#8957=CIRCLE('',#8956,1.);
#8958=EDGE_CURVE('',#8842,#6610,#8957,.T.);
#8959=ORIENTED_EDGE('',*,*,#8958,.T.);
#8960=ORIENTED_EDGE('',*,*,#6616,.F.);
#8961=CARTESIAN_POINT('',(-52.39755189,4.413402063,-17.071307027));
#8962=VERTEX_POINT('',#8961);
#8963=CARTESIAN_POINT('',(-52.39755189,4.413402063,-17.071307027));
#8964=CARTESIAN_POINT('',(-52.39755189,4.32784833,-17.087151124));
#8965=CARTESIAN_POINT('',(-52.39755189,4.240907173,-17.095307911));
#8966=CARTESIAN_POINT('',(-52.39755189,4.152493857,-17.095307911));
#8967=B_SPLINE_CURVE_WITH_KNOTS('',3,(#8963,#8964,#8965,#8966),.UNSPECIFIED.,.F.,.F.,(4,4),(0.000247055,0.000508078),.UNSPECIFIED.);
#8968=EDGE_CURVE('',#8962,#6600,#8967,.T.);
#8969=ORIENTED_EDGE('',*,*,#8968,.F.);
#8970=CARTESIAN_POINT('',(-52.786503945,4.41983308,-17.095307911));
#8971=CARTESIAN_POINT('',(-52.655371938,4.41983308,-17.095307911));
#8972=CARTESIAN_POINT('',(-52.525866397,4.417479365,-17.086523727));
#8973=CARTESIAN_POINT('',(-52.39755189,4.413402063,-17.071307028));
#8974=B_SPLINE_CURVE_WITH_KNOTS('',3,(#8970,#8971,#8972,#8973),.UNSPECIFIED.,.F.,.F.,(4,4),(0.000881693,0.001268945),.UNSPECIFIED.);
#8975=EDGE_CURVE('',#6619,#8962,#8974,.T.);
#8976=ORIENTED_EDGE('',*,*,#8975,.F.);
#8977=ORIENTED_EDGE('',*,*,#6625,.F.);
#8978=ORIENTED_EDGE('',*,*,#8958,.F.);
#8979=ORIENTED_EDGE('',*,*,#8856,.F.);
#8980=EDGE_LOOP('',(#8959,#8960,#8969,#8976,#8977,#8978,#8979));
#8981=FACE_BOUND('',#8980,.T.);
#8982=ADVANCED_FACE('',(#8981),#8952,.T.);
#8983=CARTESIAN_POINT('',(-59.108140407,28.280830981,-15.995307911));
#8984=DIRECTION('',(-0.999895016,0.014489893,-0.));
#8985=DIRECTION('',(-0.014489893,-0.999895016,0.));
#8986=AXIS2_PLACEMENT_3D('',#8983,#8984,#8985);
#8987=PLANE('',#8986);
#8988=ORIENTED_EDGE('',*,*,#8122,.T.);
#8989=CARTESIAN_POINT('',(-59.111020976,28.082053334,-13.095307911));
#8990=DIRECTION('',(0.,-0.,-1.));
#8991=VECTOR('',#8990,3.);
#8992=LINE('',#8989,#8991);
#8993=EDGE_CURVE('',#8110,#7354,#8992,.T.);
#8994=ORIENTED_EDGE('',*,*,#8993,.T.);
#8995=ORIENTED_EDGE('',*,*,#7359,.F.);
#8996=CARTESIAN_POINT('',(-59.101212521,28.758899281,-16.095307911));
#8997=DIRECTION('',(-0.,-0.,1.));
#8998=VECTOR('',#8997,3.);
#8999=LINE('',#8996,#8998);
#9000=EDGE_CURVE('',#7345,#8083,#8999,.T.);
#9001=ORIENTED_EDGE('',*,*,#9000,.T.);
#9002=EDGE_LOOP('',(#8988,#8994,#8995,#9001));
#9003=FACE_BOUND('',#9002,.T.);
#9004=ADVANCED_FACE('',(#9003),#8987,.F.);
#9005=CARTESIAN_POINT('',(-60.900003764,28.27938796,-15.995307911));
#9006=DIRECTION('',(-1.,0.000006692,-0.));
#9007=DIRECTION('',(-0.000006692,-1.,0.));
#9008=AXIS2_PLACEMENT_3D('',#9005,#9006,#9007);
#9009=PLANE('',#9008);
#9010=ORIENTED_EDGE('',*,*,#7317,.T.);
#9011=CARTESIAN_POINT('',(-60.900005059,28.085829246,-16.095307911));
#9012=DIRECTION('',(-0.,0.,1.));
#9013=VECTOR('',#9012,3.);
#9014=LINE('',#9011,#9013);
#9015=EDGE_CURVE('',#7305,#8093,#9014,.T.);
#9016=ORIENTED_EDGE('',*,*,#9015,.T.);
#9017=ORIENTED_EDGE('',*,*,#8098,.F.);
#9018=ORIENTED_EDGE('',*,*,#7227,.F.);
#9019=EDGE_LOOP('',(#9010,#9016,#9017,#9018));
#9020=FACE_BOUND('',#9019,.T.);
#9021=ADVANCED_FACE('',(#9020),#9009,.T.);
#9022=CARTESIAN_POINT('',(-59.310999979,28.084951312,-30.095307911));
#9023=DIRECTION('',(-0.,0.,1.));
#9024=DIRECTION('',(1.,0.,0.));
#9025=AXIS2_PLACEMENT_3D('',#9022,#9023,#9024);
#9026=CYLINDRICAL_SURFACE('',#9025,0.2);
#9027=ORIENTED_EDGE('',*,*,#7366,.F.);
#9028=ORIENTED_EDGE('',*,*,#8993,.F.);
#9029=ORIENTED_EDGE('',*,*,#8116,.F.);
#9030=ORIENTED_EDGE('',*,*,#7456,.F.);
#9031=EDGE_LOOP('',(#9027,#9028,#9029,#9030));
#9032=FACE_BOUND('',#9031,.T.);
#9033=ADVANCED_FACE('',(#9032),#9026,.T.);
#9034=CARTESIAN_POINT('',(-60.700005059,28.085827908,-30.095307911));
#9035=DIRECTION('',(-0.,0.,1.));
#9036=DIRECTION('',(1.,0.,0.));
#9037=AXIS2_PLACEMENT_3D('',#9034,#9035,#9036);
#9038=CYLINDRICAL_SURFACE('',#9037,0.2);
#9039=ORIENTED_EDGE('',*,*,#7311,.F.);
#9040=ORIENTED_EDGE('',*,*,#7447,.F.);
#9041=ORIENTED_EDGE('',*,*,#8105,.F.);
#9042=ORIENTED_EDGE('',*,*,#9015,.F.);
#9043=EDGE_LOOP('',(#9039,#9040,#9041,#9042));
#9044=FACE_BOUND('',#9043,.T.);
#9045=ADVANCED_FACE('',(#9044),#9038,.T.);
#9046=CARTESIAN_POINT('',(-84.308180602,8.420772555,-13.481235556));
#9047=DIRECTION('',(-1.,0.,-0.));
#9048=DIRECTION('',(-0.,0.,1.));
#9049=AXIS2_PLACEMENT_3D('',#9046,#9047,#9048);
#9050=PLANE('',#9049);
#9051=ORIENTED_EDGE('',*,*,#6223,.T.);
#9052=CARTESIAN_POINT('',(-84.308180602,7.551439311,-13.714172696));
#9053=DIRECTION('',(-0.,-0.258819045,0.965925826));
#9054=VECTOR('',#9053,2.);
#9055=LINE('',#9052,#9054);
#9056=EDGE_CURVE('',#6209,#7125,#9055,.T.);
#9057=ORIENTED_EDGE('',*,*,#9056,.T.);
#9058=ORIENTED_EDGE('',*,*,#7130,.F.);
#9059=CARTESIAN_POINT('',(-84.308180602,9.483290964,-13.196534606));
#9060=DIRECTION('',(-0.,-0.258819045,0.965925826));
#9061=VECTOR('',#9060,2.);
#9062=LINE('',#9059,#9061);
#9063=EDGE_CURVE('',#6218,#7117,#9062,.T.);
#9064=ORIENTED_EDGE('',*,*,#9063,.F.);
#9065=EDGE_LOOP('',(#9051,#9057,#9058,#9064));
#9066=FACE_BOUND('',#9065,.T.);
#9067=ADVANCED_FACE('',(#9066),#9050,.T.);
#9068=CARTESIAN_POINT('',(-85.508180602,9.483290964,-13.196534606));
#9069=DIRECTION('',(-0.,-0.965925826,-0.258819045));
#9070=DIRECTION('',(0.,0.258819045,-0.965925826));
#9071=AXIS2_PLACEMENT_3D('',#9068,#9069,#9070);
#9072=PLANE('',#9071);
#9073=ORIENTED_EDGE('',*,*,#7122,.F.);
#9074=CARTESIAN_POINT('',(-86.708180602,9.483290964,-13.196534606));
#9075=DIRECTION('',(-0.,-0.258819045,0.965925826));
#9076=VECTOR('',#9075,2.);
#9077=LINE('',#9074,#9076);
#9078=EDGE_CURVE('',#6226,#7109,#9077,.T.);
#9079=ORIENTED_EDGE('',*,*,#9078,.F.);
#9080=ORIENTED_EDGE('',*,*,#6231,.T.);
#9081=ORIENTED_EDGE('',*,*,#9063,.T.);
#9082=EDGE_LOOP('',(#9073,#9079,#9080,#9081));
#9083=FACE_BOUND('',#9082,.T.);
#9084=ADVANCED_FACE('',(#9083),#9072,.T.);
#9085=CARTESIAN_POINT('',(-86.708180602,8.420772555,-13.481235556));
#9086=DIRECTION('',(1.,-0.,0.));
#9087=DIRECTION('',(0.,0.,-1.));
#9088=AXIS2_PLACEMENT_3D('',#9085,#9086,#9087);
#9089=PLANE('',#9088);
#9090=ORIENTED_EDGE('',*,*,#7114,.F.);
#9091=CARTESIAN_POINT('',(-86.708180602,7.033801221,-11.782321044));
#9092=DIRECTION('',(0.,0.258819045,-0.965925826));
#9093=VECTOR('',#9092,2.);
#9094=LINE('',#9091,#9093);
#9095=EDGE_CURVE('',#7100,#6234,#9094,.T.);
#9096=ORIENTED_EDGE('',*,*,#9095,.T.);
#9097=ORIENTED_EDGE('',*,*,#6239,.T.);
#9098=ORIENTED_EDGE('',*,*,#9078,.T.);
#9099=EDGE_LOOP('',(#9090,#9096,#9097,#9098));
#9100=FACE_BOUND('',#9099,.T.);
#9101=ADVANCED_FACE('',(#9100),#9089,.T.);
#9102=CARTESIAN_POINT('',(-33.308180602,8.420772555,-13.481235556));
#9103=DIRECTION('',(-1.,0.,-0.));
#9104=DIRECTION('',(-0.,-1.,0.));
#9105=AXIS2_PLACEMENT_3D('',#9102,#9103,#9104);
#9106=PLANE('',#9105);
#9107=ORIENTED_EDGE('',*,*,#6173,.T.);
#9108=CARTESIAN_POINT('',(-33.308180602,7.551439311,-13.714172696));
#9109=DIRECTION('',(-0.,-0.258819045,0.965925826));
#9110=VECTOR('',#9109,2.);
#9111=LINE('',#9108,#9110);
#9112=EDGE_CURVE('',#6159,#7052,#9111,.T.);
#9113=ORIENTED_EDGE('',*,*,#9112,.T.);
#9114=ORIENTED_EDGE('',*,*,#7057,.F.);
#9115=CARTESIAN_POINT('',(-33.308180602,9.483290964,-13.196534606));
#9116=DIRECTION('',(-0.,-0.258819045,0.965925826));
#9117=VECTOR('',#9116,2.);
#9118=LINE('',#9115,#9117);
#9119=EDGE_CURVE('',#6168,#7050,#9118,.T.);
#9120=ORIENTED_EDGE('',*,*,#9119,.F.);
#9121=EDGE_LOOP('',(#9107,#9113,#9114,#9120));
#9122=FACE_BOUND('',#9121,.T.);
#9123=ADVANCED_FACE('',(#9122),#9106,.T.);
#9124=CARTESIAN_POINT('',(-34.508180602,9.483290964,-13.196534606));
#9125=DIRECTION('',(-0.,-0.965925826,-0.258819045));
#9126=DIRECTION('',(0.,0.258819045,-0.965925826));
#9127=AXIS2_PLACEMENT_3D('',#9124,#9125,#9126);
#9128=PLANE('',#9127);
#9129=ORIENTED_EDGE('',*,*,#7170,.F.);
#9130=CARTESIAN_POINT('',(-35.708180602,9.483290964,-13.196534606));
#9131=DIRECTION('',(-0.,-0.258819045,0.965925826));
#9132=VECTOR('',#9131,2.);
#9133=LINE('',#9130,#9132);
#9134=EDGE_CURVE('',#6176,#7159,#9133,.T.);
#9135=ORIENTED_EDGE('',*,*,#9134,.F.);
#9136=ORIENTED_EDGE('',*,*,#6181,.T.);
#9137=ORIENTED_EDGE('',*,*,#9119,.T.);
#9138=EDGE_LOOP('',(#9129,#9135,#9136,#9137));
#9139=FACE_BOUND('',#9138,.T.);
#9140=ADVANCED_FACE('',(#9139),#9128,.T.);
#9141=CARTESIAN_POINT('',(-35.708180602,8.420772555,-13.481235556));
#9142=DIRECTION('',(1.,-0.,0.));
#9143=DIRECTION('',(0.,1.,0.));
#9144=AXIS2_PLACEMENT_3D('',#9141,#9142,#9143);
#9145=PLANE('',#9144);
#9146=ORIENTED_EDGE('',*,*,#7164,.F.);
#9147=CARTESIAN_POINT('',(-35.708180602,7.033801221,-11.782321044));
#9148=DIRECTION('',(0.,0.258819045,-0.965925826));
#9149=VECTOR('',#9148,2.);
#9150=LINE('',#9147,#9149);
#9151=EDGE_CURVE('',#7150,#6184,#9150,.T.);
#9152=ORIENTED_EDGE('',*,*,#9151,.T.);
#9153=ORIENTED_EDGE('',*,*,#6189,.T.);
#9154=ORIENTED_EDGE('',*,*,#9134,.T.);
#9155=EDGE_LOOP('',(#9146,#9152,#9153,#9154));
#9156=FACE_BOUND('',#9155,.T.);
#9157=ADVANCED_FACE('',(#9156),#9145,.T.);
#9158=CARTESIAN_POINT('',(-34.058180602,6.556413019,-16.568979639));
#9159=DIRECTION('',(-0.,-0.258819045,0.965925826));
#9160=DIRECTION('',(0.,-0.965925826,-0.258819045));
#9161=AXIS2_PLACEMENT_3D('',#9158,#9159,#9160);
#9162=CYLINDRICAL_SURFACE('',#9161,0.75);
#9163=CARTESIAN_POINT('',(-34.058180602,5.831968649,-16.763093923));
#9164=VERTEX_POINT('',#9163);
#9165=CARTESIAN_POINT('',(-34.058180602,5.184921037,-14.348279357));
#9166=DIRECTION('',(0.,0.258819045,-0.965925826));
#9167=VECTOR('',#9166,2.5);
#9168=LINE('',#9165,#9167);
#9169=EDGE_CURVE('',#6344,#9164,#9168,.T.);
#9170=ORIENTED_EDGE('',*,*,#9169,.F.);
#9171=ORIENTED_EDGE('',*,*,#6350,.F.);
#9172=ORIENTED_EDGE('',*,*,#6999,.F.);
#9173=CARTESIAN_POINT('',(-34.058180602,6.556413019,-16.568979639));
#9174=DIRECTION('',(0.,0.258819045,-0.965925826));
#9175=DIRECTION('',(-0.,0.965925826,0.258819045));
#9176=AXIS2_PLACEMENT_3D('',#9173,#9174,#9175);
#9177=CIRCLE('',#9176,0.75);
#9178=EDGE_CURVE('',#6987,#9164,#9177,.T.);
#9179=ORIENTED_EDGE('',*,*,#9178,.T.);
#9180=EDGE_LOOP('',(#9170,#9171,#9172,#9179));
#9181=FACE_BOUND('',#9180,.T.);
#9182=ADVANCED_FACE('',(#9181),#9162,.F.);
#9183=CARTESIAN_POINT('',(-88.808180602,13.124708638,-14.809010132));
#9184=DIRECTION('',(0.,0.258819045,-0.965925826));
#9185=DIRECTION('',(-0.,0.965925826,0.258819045));
#9186=AXIS2_PLACEMENT_3D('',#9183,#9184,#9185);
#9187=PLANE('',#9186);
#9188=CARTESIAN_POINT('',(-34.058180602,6.556413019,-16.568979639));
#9189=DIRECTION('',(0.,0.258819045,-0.965925826));
#9190=DIRECTION('',(-0.,0.965925826,0.258819045));
#9191=AXIS2_PLACEMENT_3D('',#9188,#9189,#9190);
#9192=CIRCLE('',#9191,0.75);
#9193=EDGE_CURVE('',#9164,#6979,#9192,.T.);
#9194=ORIENTED_EDGE('',*,*,#9193,.F.);
#9195=ORIENTED_EDGE('',*,*,#9178,.F.);
#9196=ORIENTED_EDGE('',*,*,#6993,.T.);
#9197=EDGE_LOOP('',(#9194,#9195,#9196));
#9198=FACE_BOUND('',#9197,.T.);
#9199=ADVANCED_FACE('',(#9198),#9187,.F.);
#9200=CARTESIAN_POINT('',(-85.958180602,6.556413019,-16.568979639));
#9201=DIRECTION('',(-0.,-0.258819045,0.965925826));
#9202=DIRECTION('',(0.,-0.965925826,-0.258819045));
#9203=AXIS2_PLACEMENT_3D('',#9200,#9201,#9202);
#9204=CYLINDRICAL_SURFACE('',#9203,0.75);
#9205=CARTESIAN_POINT('',(-85.958180602,5.831968649,-16.763093923));
#9206=VERTEX_POINT('',#9205);
#9207=CARTESIAN_POINT('',(-85.958180602,5.184921037,-14.348279357));
#9208=DIRECTION('',(0.,0.258819045,-0.965925826));
#9209=VECTOR('',#9208,2.5);
#9210=LINE('',#9207,#9209);
#9211=EDGE_CURVE('',#6373,#9206,#9210,.T.);
#9212=ORIENTED_EDGE('',*,*,#9211,.F.);
#9213=ORIENTED_EDGE('',*,*,#6379,.F.);
#9214=ORIENTED_EDGE('',*,*,#6950,.F.);
#9215=CARTESIAN_POINT('',(-85.958180602,6.556413019,-16.568979639));
#9216=DIRECTION('',(0.,0.258819045,-0.965925826));
#9217=DIRECTION('',(-0.,0.965925826,0.258819045));
#9218=AXIS2_PLACEMENT_3D('',#9215,#9216,#9217);
#9219=CIRCLE('',#9218,0.75);
#9220=EDGE_CURVE('',#6939,#9206,#9219,.T.);
#9221=ORIENTED_EDGE('',*,*,#9220,.T.);
#9222=EDGE_LOOP('',(#9212,#9213,#9214,#9221));
#9223=FACE_BOUND('',#9222,.T.);
#9224=ADVANCED_FACE('',(#9223),#9204,.F.);
#9225=CARTESIAN_POINT('',(-88.808180602,13.124708638,-14.809010132));
#9226=DIRECTION('',(0.,0.258819045,-0.965925826));
#9227=DIRECTION('',(-0.,0.965925826,0.258819045));
#9228=AXIS2_PLACEMENT_3D('',#9225,#9226,#9227);
#9229=PLANE('',#9228);
#9230=CARTESIAN_POINT('',(-85.958180602,6.556413019,-16.568979639));
#9231=DIRECTION('',(0.,0.258819045,-0.965925826));
#9232=DIRECTION('',(-0.,0.965925826,0.258819045));
#9233=AXIS2_PLACEMENT_3D('',#9230,#9231,#9232);
#9234=CIRCLE('',#9233,0.75);
#9235=EDGE_CURVE('',#9206,#6954,#9234,.T.);
#9236=ORIENTED_EDGE('',*,*,#9235,.F.);
#9237=ORIENTED_EDGE('',*,*,#9220,.F.);
#9238=ORIENTED_EDGE('',*,*,#6966,.T.);
#9239=EDGE_LOOP('',(#9236,#9237,#9238));
#9240=FACE_BOUND('',#9239,.T.);
#9241=ADVANCED_FACE('',(#9240),#9229,.F.);
#9242=CARTESIAN_POINT('',(-60.008180602,0.333126475,-18.650614715));
#9243=DIRECTION('',(-0.,-0.258819045,0.965925826));
#9244=DIRECTION('',(0.,-0.965925826,-0.258819045));
#9245=AXIS2_PLACEMENT_3D('',#9242,#9243,#9244);
#9246=CYLINDRICAL_SURFACE('',#9245,0.75);
#9247=CARTESIAN_POINT('',(-60.008180602,-1.141893126,-16.043544102));
#9248=DIRECTION('',(0.,0.258819045,-0.965925826));
#9249=VECTOR('',#9248,1.088866019);
#9250=LINE('',#9247,#9249);
#9251=EDGE_CURVE('',#6293,#6683,#9250,.T.);
#9252=ORIENTED_EDGE('',*,*,#9251,.F.);
#9253=ORIENTED_EDGE('',*,*,#6299,.F.);
#9254=ORIENTED_EDGE('',*,*,#6306,.F.);
#9255=ORIENTED_EDGE('',*,*,#9251,.T.);
#9256=ORIENTED_EDGE('',*,*,#6689,.F.);
#9257=EDGE_LOOP('',(#9252,#9253,#9254,#9255,#9256));
#9258=FACE_BOUND('',#9257,.T.);
#9259=ADVANCED_FACE('',(#9258),#9246,.F.);
#9260=CARTESIAN_POINT('',(-84.108180602,7.551439311,-13.714172696));
#9261=DIRECTION('',(0.,0.258819045,-0.965925826));
#9262=DIRECTION('',(-0.,0.965925826,0.258819045));
#9263=AXIS2_PLACEMENT_3D('',#9260,#9261,#9262);
#9264=CYLINDRICAL_SURFACE('',#9263,0.2);
#9265=ORIENTED_EDGE('',*,*,#6215,.F.);
#9266=ORIENTED_EDGE('',*,*,#7192,.F.);
#9267=ORIENTED_EDGE('',*,*,#7139,.F.);
#9268=ORIENTED_EDGE('',*,*,#9056,.F.);
#9269=EDGE_LOOP('',(#9265,#9266,#9267,#9268));
#9270=FACE_BOUND('',#9269,.T.);
#9271=ADVANCED_FACE('',(#9270),#9264,.T.);
#9272=CARTESIAN_POINT('',(-86.908180602,7.033801221,-11.782321044));
#9273=DIRECTION('',(0.,0.258819045,-0.965925826));
#9274=DIRECTION('',(-0.,0.965925826,0.258819045));
#9275=AXIS2_PLACEMENT_3D('',#9272,#9273,#9274);
#9276=CYLINDRICAL_SURFACE('',#9275,0.2);
#9277=ORIENTED_EDGE('',*,*,#6248,.F.);
#9278=ORIENTED_EDGE('',*,*,#9095,.F.);
#9279=ORIENTED_EDGE('',*,*,#7106,.F.);
#9280=ORIENTED_EDGE('',*,*,#7728,.F.);
#9281=EDGE_LOOP('',(#9277,#9278,#9279,#9280));
#9282=FACE_BOUND('',#9281,.T.);
#9283=ADVANCED_FACE('',(#9282),#9276,.T.);
#9284=CARTESIAN_POINT('',(-33.108180602,7.551439311,-13.714172696));
#9285=DIRECTION('',(0.,0.258819045,-0.965925826));
#9286=DIRECTION('',(-0.,0.965925826,0.258819045));
#9287=AXIS2_PLACEMENT_3D('',#9284,#9285,#9286);
#9288=CYLINDRICAL_SURFACE('',#9287,0.2);
#9289=ORIENTED_EDGE('',*,*,#6165,.F.);
#9290=ORIENTED_EDGE('',*,*,#7032,.F.);
#9291=ORIENTED_EDGE('',*,*,#7064,.F.);
#9292=ORIENTED_EDGE('',*,*,#9112,.F.);
#9293=EDGE_LOOP('',(#9289,#9290,#9291,#9292));
#9294=FACE_BOUND('',#9293,.T.);
#9295=ADVANCED_FACE('',(#9294),#9288,.T.);
#9296=CARTESIAN_POINT('',(-35.908180602,7.033801221,-11.782321044));
#9297=DIRECTION('',(0.,0.258819045,-0.965925826));
#9298=DIRECTION('',(-0.,0.965925826,0.258819045));
#9299=AXIS2_PLACEMENT_3D('',#9296,#9297,#9298);
#9300=CYLINDRICAL_SURFACE('',#9299,0.2);
#9301=ORIENTED_EDGE('',*,*,#6198,.F.);
#9302=ORIENTED_EDGE('',*,*,#9151,.F.);
#9303=ORIENTED_EDGE('',*,*,#7156,.F.);
#9304=ORIENTED_EDGE('',*,*,#7185,.F.);
#9305=EDGE_LOOP('',(#9301,#9302,#9303,#9304));
#9306=FACE_BOUND('',#9305,.T.);
#9307=ADVANCED_FACE('',(#9306),#9300,.T.);
#9308=CARTESIAN_POINT('',(-37.808180602,-0.351814876,-16.867119454));
#9309=DIRECTION('',(1.,-0.,0.));
#9310=DIRECTION('',(0.,0.,-1.));
#9311=AXIS2_PLACEMENT_3D('',#9308,#9309,#9310);
#9312=PLANE('',#9311);
#9313=ORIENTED_EDGE('',*,*,#6823,.F.);
#9314=ORIENTED_EDGE('',*,*,#8159,.T.);
#9315=ORIENTED_EDGE('',*,*,#6132,.T.);
#9316=CARTESIAN_POINT('',(-37.808180602,0.485785172,-17.095307911));
#9317=DIRECTION('',(-0.,-0.258819045,0.965925826));
#9318=VECTOR('',#9317,1.437199969);
#9319=LINE('',#9316,#9318);
#9320=EDGE_CURVE('',#6818,#6127,#9319,.T.);
#9321=ORIENTED_EDGE('',*,*,#9320,.F.);
#9322=EDGE_LOOP('',(#9313,#9314,#9315,#9321));
#9323=FACE_BOUND('',#9322,.T.);
#9324=ADVANCED_FACE('',(#9323),#9312,.F.);
#9325=CARTESIAN_POINT('',(-42.808180602,-0.351814876,-16.867119454));
#9326=DIRECTION('',(1.,-0.,0.));
#9327=DIRECTION('',(0.,0.,-1.));
#9328=AXIS2_PLACEMENT_3D('',#9325,#9326,#9327);
#9329=PLANE('',#9328);
#9330=ORIENTED_EDGE('',*,*,#6839,.F.);
#9331=CARTESIAN_POINT('',(-42.808180602,0.485785172,-17.095307911));
#9332=DIRECTION('',(-0.,-0.258819045,0.965925826));
#9333=VECTOR('',#9332,1.437199969);
#9334=LINE('',#9331,#9333);
#9335=EDGE_CURVE('',#6826,#6275,#9334,.T.);
#9336=ORIENTED_EDGE('',*,*,#9335,.T.);
#9337=ORIENTED_EDGE('',*,*,#6280,.F.);
#9338=ORIENTED_EDGE('',*,*,#8166,.F.);
#9339=EDGE_LOOP('',(#9330,#9336,#9337,#9338));
#9340=FACE_BOUND('',#9339,.T.);
#9341=ADVANCED_FACE('',(#9340),#9329,.T.);
#9342=CARTESIAN_POINT('',(-40.308180602,0.372629494,-16.67300517));
#9343=DIRECTION('',(-0.,-0.965925826,-0.258819045));
#9344=DIRECTION('',(0.,0.258819045,-0.965925826));
#9345=AXIS2_PLACEMENT_3D('',#9342,#9343,#9344);
#9346=PLANE('',#9345);
#9347=ORIENTED_EDGE('',*,*,#6831,.F.);
#9348=ORIENTED_EDGE('',*,*,#9320,.T.);
#9349=ORIENTED_EDGE('',*,*,#6286,.F.);
#9350=ORIENTED_EDGE('',*,*,#9335,.F.);
#9351=EDGE_LOOP('',(#9347,#9348,#9349,#9350));
#9352=FACE_BOUND('',#9351,.T.);
#9353=ADVANCED_FACE('',(#9352),#9346,.T.);
#9354=CARTESIAN_POINT('',(-73.,-13.999656118,-14.595307911));
#9355=DIRECTION('',(0.,-1.,0.));
#9356=DIRECTION('',(0.,0.,-1.));
#9357=AXIS2_PLACEMENT_3D('',#9354,#9355,#9356);
#9358=PLANE('',#9357);
#9359=ORIENTED_EDGE('',*,*,#8394,.F.);
#9360=CARTESIAN_POINT('',(-72.5,-13.999656118,-15.095307911));
#9361=DIRECTION('',(0.,0.,-1.));
#9362=VECTOR('',#9361,2.);
#9363=LINE('',#9360,#9362);
#9364=EDGE_CURVE('',#8380,#6498,#9363,.T.);
#9365=ORIENTED_EDGE('',*,*,#9364,.T.);
#9366=ORIENTED_EDGE('',*,*,#6505,.T.);
#9367=CARTESIAN_POINT('',(-73.5,-13.999656118,-17.095307911));
#9368=DIRECTION('',(-0.,-0.,1.));
#9369=VECTOR('',#9368,2.);
#9370=LINE('',#9367,#9369);
#9371=EDGE_CURVE('',#6500,#8389,#9370,.T.);
#9372=ORIENTED_EDGE('',*,*,#9371,.T.);
#9373=EDGE_LOOP('',(#9359,#9365,#9366,#9372));
#9374=FACE_BOUND('',#9373,.T.);
#9375=ADVANCED_FACE('',(#9374),#9358,.F.);
#9376=CARTESIAN_POINT('',(-74.5,-11.999656118,-14.595307911));
#9377=DIRECTION('',(-1.,0.,-0.));
#9378=DIRECTION('',(-0.,0.,1.));
#9379=AXIS2_PLACEMENT_3D('',#9376,#9377,#9378);
#9380=PLANE('',#9379);
#9381=ORIENTED_EDGE('',*,*,#8411,.F.);
#9382=CARTESIAN_POINT('',(-74.5,-12.999656118,-15.095307911));
#9383=DIRECTION('',(0.,0.,-1.));
#9384=VECTOR('',#9383,2.);
#9385=LINE('',#9382,#9384);
#9386=EDGE_CURVE('',#8397,#6583,#9385,.T.);
#9387=ORIENTED_EDGE('',*,*,#9386,.T.);
#9388=ORIENTED_EDGE('',*,*,#6588,.T.);
#9389=CARTESIAN_POINT('',(-74.5,-10.999656118,-17.095307911));
#9390=DIRECTION('',(-0.,-0.,1.));
#9391=VECTOR('',#9390,2.);
#9392=LINE('',#9389,#9391);
#9393=EDGE_CURVE('',#6574,#8406,#9392,.T.);
#9394=ORIENTED_EDGE('',*,*,#9393,.T.);
#9395=EDGE_LOOP('',(#9381,#9387,#9388,#9394));
#9396=FACE_BOUND('',#9395,.T.);
#9397=ADVANCED_FACE('',(#9396),#9380,.F.);
#9398=CARTESIAN_POINT('',(-73.,-9.999656118,-14.595307911));
#9399=DIRECTION('',(0.,-1.,0.));
#9400=DIRECTION('',(0.,0.,-1.));
#9401=AXIS2_PLACEMENT_3D('',#9398,#9399,#9400);
#9402=PLANE('',#9401);
#9403=ORIENTED_EDGE('',*,*,#6571,.F.);
#9404=CARTESIAN_POINT('',(-72.5,-9.999656118,-17.095307911));
#9405=DIRECTION('',(-0.,-0.,1.));
#9406=VECTOR('',#9405,2.);
#9407=LINE('',#9404,#9406);
#9408=EDGE_CURVE('',#6557,#8423,#9407,.T.);
#9409=ORIENTED_EDGE('',*,*,#9408,.T.);
#9410=ORIENTED_EDGE('',*,*,#8428,.T.);
#9411=CARTESIAN_POINT('',(-73.5,-9.999656118,-15.095307911));
#9412=DIRECTION('',(0.,0.,-1.));
#9413=VECTOR('',#9412,2.);
#9414=LINE('',#9411,#9413);
#9415=EDGE_CURVE('',#8414,#6566,#9414,.T.);
#9416=ORIENTED_EDGE('',*,*,#9415,.T.);
#9417=EDGE_LOOP('',(#9403,#9409,#9410,#9416));
#9418=FACE_BOUND('',#9417,.T.);
#9419=ADVANCED_FACE('',(#9418),#9402,.T.);
#9420=CARTESIAN_POINT('',(-60.,-1.999656118,-16.095307911));
#9421=DIRECTION('',(0.,-0.707106781,-0.707106781));
#9422=DIRECTION('',(1.,0.,0.));
#9423=AXIS2_PLACEMENT_3D('',#9420,#9421,#9422);
#9424=PLANE('',#9423);
#9425=ORIENTED_EDGE('',*,*,#8332,.F.);
#9426=ORIENTED_EDGE('',*,*,#8442,.F.);
#9427=ORIENTED_EDGE('',*,*,#6928,.F.);
#9428=ORIENTED_EDGE('',*,*,#8306,.F.);
#9429=EDGE_LOOP('',(#9425,#9426,#9427,#9428));
#9430=FACE_BOUND('',#9429,.T.);
#9431=ADVANCED_FACE('',(#9430),#9424,.T.);
#9432=CARTESIAN_POINT('',(-67.411256256,1.364312968,-19.099002453));
#9433=DIRECTION('',(-0.001998164,-0.965923898,-0.258818528));
#9434=DIRECTION('',(0.,0.258819045,-0.965925826));
#9435=AXIS2_PLACEMENT_3D('',#9432,#9433,#9434);
#9436=PLANE('',#9435);
#9437=ORIENTED_EDGE('',*,*,#6657,.T.);
#9438=ORIENTED_EDGE('',*,*,#6889,.T.);
#9439=ORIENTED_EDGE('',*,*,#6090,.T.);
#9440=ORIENTED_EDGE('',*,*,#6860,.F.);
#9441=EDGE_LOOP('',(#9437,#9438,#9439,#9440));
#9442=FACE_BOUND('',#9441,.T.);
#9443=ADVANCED_FACE('',(#9442),#9436,.F.);
#9444=CARTESIAN_POINT('',(-69.759749734,4.723245916,-18.198979082));
#9445=DIRECTION('',(0.000586124,0.96592566,0.258819001));
#9446=DIRECTION('',(0.,-0.258819045,0.965925826));
#9447=AXIS2_PLACEMENT_3D('',#9444,#9445,#9446);
#9448=PLANE('',#9447);
#9449=CARTESIAN_POINT('',(-57.094890521,4.41983308,-17.095307911));
#9450=DIRECTION('',(-0.,-0.258819045,0.965925826));
#9451=VECTOR('',#9450,2.455406492);
#9452=LINE('',#9449,#9451);
#9453=EDGE_CURVE('',#6628,#6101,#9452,.T.);
#9454=ORIENTED_EDGE('',*,*,#9453,.T.);
#9455=ORIENTED_EDGE('',*,*,#6106,.T.);
#9456=ORIENTED_EDGE('',*,*,#6882,.F.);
#9457=ORIENTED_EDGE('',*,*,#6641,.T.);
#9458=EDGE_LOOP('',(#9454,#9455,#9456,#9457));
#9459=FACE_BOUND('',#9458,.T.);
#9460=ADVANCED_FACE('',(#9459),#9448,.F.);
#9461=CARTESIAN_POINT('',(-67.411256256,1.234903446,-18.61603954));
#9462=DIRECTION('',(-0.001998164,-0.965923898,-0.258818528));
#9463=DIRECTION('',(0.,0.258819045,-0.965925826));
#9464=AXIS2_PLACEMENT_3D('',#9461,#9462,#9463);
#9465=PLANE('',#9464);
#9466=ORIENTED_EDGE('',*,*,#6678,.T.);
#9467=ORIENTED_EDGE('',*,*,#6027,.T.);
#9468=ORIENTED_EDGE('',*,*,#6065,.T.);
#9469=CARTESIAN_POINT('',(-52.39755189,0.796366449,-17.095307911));
#9470=DIRECTION('',(-0.,-0.258819045,0.965925826));
#9471=VECTOR('',#9470,1.517584318);
#9472=LINE('',#9469,#9471);
#9473=EDGE_CURVE('',#6602,#6060,#9472,.T.);
#9474=ORIENTED_EDGE('',*,*,#9473,.F.);
#9475=EDGE_LOOP('',(#9466,#9467,#9468,#9474));
#9476=FACE_BOUND('',#9475,.T.);
#9477=ADVANCED_FACE('',(#9476),#9465,.F.);
#9478=CARTESIAN_POINT('',(-52.39755189,2.703110795,-18.222634566));
#9479=DIRECTION('',(1.,-0.,0.));
#9480=DIRECTION('',(0.,0.,-1.));
#9481=AXIS2_PLACEMENT_3D('',#9478,#9479,#9480);
#9482=PLANE('',#9481);
#9483=CARTESIAN_POINT('',(-52.39755189,4.413402063,-17.071307027));
#9484=DIRECTION('',(-0.,-0.258819045,0.965925826));
#9485=VECTOR('',#9484,2.430558948);
#9486=LINE('',#9483,#9485);
#9487=EDGE_CURVE('',#8962,#6109,#9486,.T.);
#9488=ORIENTED_EDGE('',*,*,#9487,.F.);
#9489=ORIENTED_EDGE('',*,*,#8968,.T.);
#9490=ORIENTED_EDGE('',*,*,#6607,.T.);
#9491=ORIENTED_EDGE('',*,*,#9473,.T.);
#9492=ORIENTED_EDGE('',*,*,#6120,.T.);
#9493=EDGE_LOOP('',(#9488,#9489,#9490,#9491,#9492));
#9494=FACE_BOUND('',#9493,.T.);
#9495=ADVANCED_FACE('',(#9494),#9482,.F.);
#9496=CARTESIAN_POINT('',(-54.746279818,4.586666156,-17.717937428));
#9497=DIRECTION('',(0.,-0.965925826,-0.258819045));
#9498=DIRECTION('',(0.,0.258819045,-0.965925826));
#9499=AXIS2_PLACEMENT_3D('',#9496,#9497,#9498);
#9500=PLANE('',#9499);
#9501=ORIENTED_EDGE('',*,*,#6633,.F.);
#9502=ORIENTED_EDGE('',*,*,#8975,.T.);
#9503=ORIENTED_EDGE('',*,*,#9487,.T.);
#9504=ORIENTED_EDGE('',*,*,#6114,.F.);
#9505=ORIENTED_EDGE('',*,*,#9453,.F.);
#9506=EDGE_LOOP('',(#9501,#9502,#9503,#9504,#9505));
#9507=FACE_BOUND('',#9506,.T.);
#9508=ADVANCED_FACE('',(#9507),#9500,.T.);
#9509=CARTESIAN_POINT('',(-73.5,-10.999656118,-14.595307911));
#9510=DIRECTION('',(0.,0.,-1.));
#9511=DIRECTION('',(-1.,0.,-0.));
#9512=AXIS2_PLACEMENT_3D('',#9509,#9510,#9511);
#9513=CYLINDRICAL_SURFACE('',#9512,1.);
#9514=ORIENTED_EDGE('',*,*,#8420,.F.);
#9515=ORIENTED_EDGE('',*,*,#9393,.F.);
#9516=ORIENTED_EDGE('',*,*,#6580,.F.);
#9517=ORIENTED_EDGE('',*,*,#9415,.F.);
#9518=EDGE_LOOP('',(#9514,#9515,#9516,#9517));
#9519=FACE_BOUND('',#9518,.T.);
#9520=ADVANCED_FACE('',(#9519),#9513,.F.);
#9521=CARTESIAN_POINT('',(-73.5,-12.999656118,-14.595307911));
#9522=DIRECTION('',(-0.,0.,1.));
#9523=DIRECTION('',(1.,0.,0.));
#9524=AXIS2_PLACEMENT_3D('',#9521,#9522,#9523);
#9525=CYLINDRICAL_SURFACE('',#9524,1.);
#9526=ORIENTED_EDGE('',*,*,#8403,.F.);
#9527=ORIENTED_EDGE('',*,*,#9371,.F.);
#9528=ORIENTED_EDGE('',*,*,#6595,.F.);
#9529=ORIENTED_EDGE('',*,*,#9386,.F.);
#9530=EDGE_LOOP('',(#9526,#9527,#9528,#9529));
#9531=FACE_BOUND('',#9530,.T.);
#9532=ADVANCED_FACE('',(#9531),#9525,.F.);
#9533=CARTESIAN_POINT('',(-72.5,-14.999656118,-14.595307911));
#9534=DIRECTION('',(-0.,0.,1.));
#9535=DIRECTION('',(1.,0.,0.));
#9536=AXIS2_PLACEMENT_3D('',#9533,#9534,#9535);
#9537=CYLINDRICAL_SURFACE('',#9536,1.);
#9538=ORIENTED_EDGE('',*,*,#8386,.F.);
#9539=ORIENTED_EDGE('',*,*,#8270,.F.);
#9540=ORIENTED_EDGE('',*,*,#6514,.F.);
#9541=ORIENTED_EDGE('',*,*,#9364,.F.);
#9542=EDGE_LOOP('',(#9538,#9539,#9540,#9541));
#9543=FACE_BOUND('',#9542,.T.);
#9544=ADVANCED_FACE('',(#9543),#9537,.T.);
#9545=CARTESIAN_POINT('',(-72.5,-8.999656118,-15.095307911));
#9546=DIRECTION('',(0.,0.,-1.));
#9547=DIRECTION('',(-1.,0.,-0.));
#9548=AXIS2_PLACEMENT_3D('',#9545,#9546,#9547);
#9549=CYLINDRICAL_SURFACE('',#9548,1.);
#9550=ORIENTED_EDGE('',*,*,#8435,.F.);
#9551=ORIENTED_EDGE('',*,*,#9408,.F.);
#9552=ORIENTED_EDGE('',*,*,#6563,.F.);
#9553=ORIENTED_EDGE('',*,*,#6913,.F.);
#9554=EDGE_LOOP('',(#9550,#9551,#9552,#9553));
#9555=FACE_BOUND('',#9554,.T.);
#9556=ADVANCED_FACE('',(#9555),#9549,.T.);
#9557=CARTESIAN_POINT('',(-35.808180602,10.148289619,-3.70086313));
#9558=DIRECTION('',(-0.,0.965925826,0.258819045));
#9559=DIRECTION('',(-0.,-0.258819045,0.965925826));
#9560=AXIS2_PLACEMENT_3D('',#9557,#9558,#9559);
#9561=CYLINDRICAL_SURFACE('',#9560,3.);
#9562=ORIENTED_EDGE('',*,*,#7617,.F.);
#9563=CARTESIAN_POINT('',(-35.808180602,10.148289619,-3.70086313));
#9564=DIRECTION('',(-0.,-0.965925826,-0.258819045));
#9565=DIRECTION('',(0.,-0.258819045,0.965925826));
#9566=AXIS2_PLACEMENT_3D('',#9563,#9564,#9565);
#9567=CIRCLE('',#9566,3.);
#9568=EDGE_CURVE('',#7604,#7693,#9567,.T.);
#9569=ORIENTED_EDGE('',*,*,#9568,.T.);
#9570=ORIENTED_EDGE('',*,*,#7698,.F.);
#9571=ORIENTED_EDGE('',*,*,#7665,.F.);
#9572=EDGE_LOOP('',(#9562,#9569,#9570,#9571));
#9573=FACE_BOUND('',#9572,.T.);
#9574=ADVANCED_FACE('',(#9573),#9561,.T.);
#9575=CARTESIAN_POINT('',(-84.208180602,10.148289619,-3.70086313));
#9576=DIRECTION('',(-0.,-0.965925826,-0.258819045));
#9577=DIRECTION('',(0.,0.258819045,-0.965925826));
#9578=AXIS2_PLACEMENT_3D('',#9575,#9576,#9577);
#9579=CYLINDRICAL_SURFACE('',#9578,3.);
#9580=ORIENTED_EDGE('',*,*,#7712,.F.);
#9581=CARTESIAN_POINT('',(-84.208180602,10.148289619,-3.70086313));
#9582=DIRECTION('',(-0.,-0.965925826,-0.258819045));
#9583=DIRECTION('',(0.,-0.258819045,0.965925826));
#9584=AXIS2_PLACEMENT_3D('',#9581,#9582,#9583);
#9585=CIRCLE('',#9584,3.);
#9586=EDGE_CURVE('',#7701,#7476,#9585,.T.);
#9587=ORIENTED_EDGE('',*,*,#9586,.T.);
#9588=ORIENTED_EDGE('',*,*,#7481,.F.);
#9589=ORIENTED_EDGE('',*,*,#7680,.F.);
#9590=EDGE_LOOP('',(#9580,#9587,#9588,#9589));
#9591=FACE_BOUND('',#9590,.T.);
#9592=ADVANCED_FACE('',(#9591),#9579,.T.);
#9593=CARTESIAN_POINT('',(-33.808180602,9.371832484,-0.803085651));
#9594=DIRECTION('',(0.,0.258819045,-0.965925826));
#9595=DIRECTION('',(0.,0.965925826,0.258819045));
#9596=AXIS2_PLACEMENT_3D('',#9593,#9594,#9595);
#9597=CYLINDRICAL_SURFACE('',#9596,1.);
#9598=ORIENTED_EDGE('',*,*,#7841,.F.);
#9599=ORIENTED_EDGE('',*,*,#7583,.F.);
#9600=CARTESIAN_POINT('',(-33.808180602,10.148289619,-3.70086313));
#9601=DIRECTION('',(-0.,-0.258819045,0.965925826));
#9602=DIRECTION('',(-0.,-0.965925826,-0.258819045));
#9603=AXIS2_PLACEMENT_3D('',#9600,#9601,#9602);
#9604=CIRCLE('',#9603,1.);
#9605=EDGE_CURVE('',#7604,#7571,#9604,.T.);
#9606=ORIENTED_EDGE('',*,*,#9605,.F.);
#9607=ORIENTED_EDGE('',*,*,#7609,.F.);
#9608=EDGE_LOOP('',(#9598,#9599,#9606,#9607));
#9609=FACE_BOUND('',#9608,.T.);
#9610=ADVANCED_FACE('',(#9609),#9597,.T.);
#9611=CARTESIAN_POINT('',(-35.808180602,10.148289619,-3.70086313));
#9612=DIRECTION('',(0.,0.965925826,0.258819045));
#9613=DIRECTION('',(0.,-0.258819045,0.965925826));
#9614=AXIS2_PLACEMENT_3D('',#9611,#9612,#9613);
#9615=TOROIDAL_SURFACE('',#9614,2.,1.);
#9616=ORIENTED_EDGE('',*,*,#9605,.T.);
#9617=ORIENTED_EDGE('',*,*,#7577,.F.);
#9618=CARTESIAN_POINT('',(-35.808180602,9.630651529,-0.769011477));
#9619=VERTEX_POINT('',#9618);
#9620=CARTESIAN_POINT('',(-35.808180602,9.630651529,-1.769011477));
#9621=DIRECTION('',(-1.,0.,-0.));
#9622=DIRECTION('',(-0.,0.,1.));
#9623=AXIS2_PLACEMENT_3D('',#9620,#9621,#9622);
#9624=CIRCLE('',#9623,1.);
#9625=EDGE_CURVE('',#9619,#7563,#9624,.T.);
#9626=ORIENTED_EDGE('',*,*,#9625,.F.);
#9627=CARTESIAN_POINT('',(-35.808180602,9.630651529,-1.769011477));
#9628=DIRECTION('',(-1.,0.,-0.));
#9629=DIRECTION('',(-0.,0.,1.));
#9630=AXIS2_PLACEMENT_3D('',#9627,#9628,#9629);
#9631=CIRCLE('',#9630,1.);
#9632=EDGE_CURVE('',#7693,#9619,#9631,.T.);
#9633=ORIENTED_EDGE('',*,*,#9632,.F.);
#9634=ORIENTED_EDGE('',*,*,#9568,.F.);
#9635=EDGE_LOOP('',(#9616,#9617,#9626,#9633,#9634));
#9636=FACE_BOUND('',#9635,.T.);
#9637=ADVANCED_FACE('',(#9636),#9615,.T.);
#9638=CARTESIAN_POINT('',(-60.008180602,9.630651529,-1.769011477));
#9639=DIRECTION('',(-1.,0.,-0.));
#9640=DIRECTION('',(-0.,0.,1.));
#9641=AXIS2_PLACEMENT_3D('',#9638,#9639,#9640);
#9642=CYLINDRICAL_SURFACE('',#9641,1.);
#9643=CARTESIAN_POINT('',(-84.208180602,9.630651529,-0.769011477));
#9644=VERTEX_POINT('',#9643);
#9645=CARTESIAN_POINT('',(-84.208180602,9.630651529,-0.769011477));
#9646=DIRECTION('',(1.,-0.,0.));
#9647=VECTOR('',#9646,48.4);
#9648=LINE('',#9645,#9647);
#9649=EDGE_CURVE('',#9644,#9619,#9648,.T.);
#9650=ORIENTED_EDGE('',*,*,#9649,.T.);
#9651=ORIENTED_EDGE('',*,*,#9625,.T.);
#9652=ORIENTED_EDGE('',*,*,#7568,.F.);
#9653=CARTESIAN_POINT('',(-84.208180602,9.630651529,-1.769011477));
#9654=DIRECTION('',(-1.,0.,-0.));
#9655=DIRECTION('',(-0.,0.,1.));
#9656=AXIS2_PLACEMENT_3D('',#9653,#9654,#9655);
#9657=CIRCLE('',#9656,1.);
#9658=EDGE_CURVE('',#9644,#7554,#9657,.T.);
#9659=ORIENTED_EDGE('',*,*,#9658,.F.);
#9660=EDGE_LOOP('',(#9650,#9651,#9652,#9659));
#9661=FACE_BOUND('',#9660,.T.);
#9662=ADVANCED_FACE('',(#9661),#9642,.T.);
#9663=CARTESIAN_POINT('',(-84.208180602,10.148289619,-3.70086313));
#9664=DIRECTION('',(0.,0.965925826,0.258819045));
#9665=DIRECTION('',(0.,-0.258819045,0.965925826));
#9666=AXIS2_PLACEMENT_3D('',#9663,#9664,#9665);
#9667=TOROIDAL_SURFACE('',#9666,2.,1.);
#9668=CARTESIAN_POINT('',(-84.208180602,9.630651529,-1.769011477));
#9669=DIRECTION('',(-1.,0.,-0.));
#9670=DIRECTION('',(-0.,0.,1.));
#9671=AXIS2_PLACEMENT_3D('',#9668,#9669,#9670);
#9672=CIRCLE('',#9671,1.);
#9673=EDGE_CURVE('',#7701,#9644,#9672,.T.);
#9674=ORIENTED_EDGE('',*,*,#9673,.T.);
#9675=ORIENTED_EDGE('',*,*,#9658,.T.);
#9676=ORIENTED_EDGE('',*,*,#7560,.F.);
#9677=CARTESIAN_POINT('',(-86.208180602,10.148289619,-3.70086313));
#9678=DIRECTION('',(0.,0.258819045,-0.965925826));
#9679=DIRECTION('',(0.,0.965925826,0.258819045));
#9680=AXIS2_PLACEMENT_3D('',#9677,#9678,#9679);
#9681=CIRCLE('',#9680,1.);
#9682=EDGE_CURVE('',#7476,#7546,#9681,.T.);
#9683=ORIENTED_EDGE('',*,*,#9682,.F.);
#9684=ORIENTED_EDGE('',*,*,#9586,.F.);
#9685=EDGE_LOOP('',(#9674,#9675,#9676,#9683,#9684));
#9686=FACE_BOUND('',#9685,.T.);
#9687=ADVANCED_FACE('',(#9686),#9667,.T.);
#9688=CARTESIAN_POINT('',(-86.208180602,9.371832484,-0.803085651));
#9689=DIRECTION('',(0.,0.258819045,-0.965925826));
#9690=DIRECTION('',(0.,0.965925826,0.258819045));
#9691=AXIS2_PLACEMENT_3D('',#9688,#9689,#9690);
#9692=CYLINDRICAL_SURFACE('',#9691,1.);
#9693=ORIENTED_EDGE('',*,*,#9682,.T.);
#9694=ORIENTED_EDGE('',*,*,#7551,.F.);
#9695=ORIENTED_EDGE('',*,*,#7833,.F.);
#9696=ORIENTED_EDGE('',*,*,#7489,.F.);
#9697=EDGE_LOOP('',(#9693,#9694,#9695,#9696));
#9698=FACE_BOUND('',#9697,.T.);
#9699=ADVANCED_FACE('',(#9698),#9692,.T.);
#9700=CARTESIAN_POINT('',(-60.008180602,6.05425428,-13.095307911));
#9701=DIRECTION('',(0.,0.,-1.));
#9702=DIRECTION('',(-1.,0.,-0.));
#9703=AXIS2_PLACEMENT_3D('',#9700,#9701,#9702);
#9704=TOROIDAL_SURFACE('',#9703,27.185851696,1.);
#9705=ORIENTED_EDGE('',*,*,#7820,.F.);
#9706=ORIENTED_EDGE('',*,*,#7887,.F.);
#9707=ORIENTED_EDGE('',*,*,#7785,.F.);
#9708=ORIENTED_EDGE('',*,*,#7857,.F.);
#9709=EDGE_LOOP('',(#9705,#9706,#9707,#9708));
#9710=FACE_BOUND('',#9709,.T.);
#9711=ADVANCED_FACE('',(#9710),#9704,.T.);
#9712=CARTESIAN_POINT('',(-60.008180602,6.05425428,-15.095307911));
#9713=DIRECTION('',(0.,0.,-1.));
#9714=DIRECTION('',(-1.,0.,-0.));
#9715=AXIS2_PLACEMENT_3D('',#9712,#9713,#9714);
#9716=TOROIDAL_SURFACE('',#9715,27.185851696,1.);
#9717=ORIENTED_EDGE('',*,*,#8238,.F.);
#9718=ORIENTED_EDGE('',*,*,#7965,.F.);
#9719=ORIENTED_EDGE('',*,*,#8150,.F.);
#9720=ORIENTED_EDGE('',*,*,#7261,.F.);
#9721=EDGE_LOOP('',(#9717,#9718,#9719,#9720));
#9722=FACE_BOUND('',#9721,.T.);
#9723=ADVANCED_FACE('',(#9722),#9716,.T.);
#9724=CARTESIAN_POINT('',(-60.008180602,23.841846414,-13.095307911));
#9725=DIRECTION('',(0.,0.,-1.));
#9726=DIRECTION('',(-1.,0.,-0.));
#9727=AXIS2_PLACEMENT_3D('',#9724,#9725,#9726);
#9728=CYLINDRICAL_SURFACE('',#9727,5.);
#9729=ORIENTED_EDGE('',*,*,#7210,.T.);
#9730=ORIENTED_EDGE('',*,*,#8089,.F.);
#9731=ORIENTED_EDGE('',*,*,#9000,.F.);
#9732=ORIENTED_EDGE('',*,*,#7351,.T.);
#9733=ORIENTED_EDGE('',*,*,#7383,.T.);
#9734=ORIENTED_EDGE('',*,*,#8070,.T.);
#9735=EDGE_LOOP('',(#9729,#9730,#9731,#9732,#9733,#9734));
#9736=FACE_BOUND('',#9735,.T.);
#9737=ADVANCED_FACE('',(#9736),#9728,.F.);
#9738=CARTESIAN_POINT('',(-34.058180602,6.556413019,-16.568979639));
#9739=DIRECTION('',(-0.,-0.258819045,0.965925826));
#9740=DIRECTION('',(0.,-0.965925826,-0.258819045));
#9741=AXIS2_PLACEMENT_3D('',#9738,#9739,#9740);
#9742=CYLINDRICAL_SURFACE('',#9741,0.75);
#9743=ORIENTED_EDGE('',*,*,#9169,.T.);
#9744=ORIENTED_EDGE('',*,*,#9193,.T.);
#9745=ORIENTED_EDGE('',*,*,#7006,.T.);
#9746=ORIENTED_EDGE('',*,*,#6357,.F.);
#9747=EDGE_LOOP('',(#9743,#9744,#9745,#9746));
#9748=FACE_BOUND('',#9747,.T.);
#9749=ADVANCED_FACE('',(#9748),#9742,.F.);
#9750=CARTESIAN_POINT('',(-85.958180602,6.556413019,-16.568979639));
#9751=DIRECTION('',(-0.,-0.258819045,0.965925826));
#9752=DIRECTION('',(0.,-0.965925826,-0.258819045));
#9753=AXIS2_PLACEMENT_3D('',#9750,#9751,#9752);
#9754=CYLINDRICAL_SURFACE('',#9753,0.75);
#9755=ORIENTED_EDGE('',*,*,#9211,.T.);
#9756=ORIENTED_EDGE('',*,*,#9235,.T.);
#9757=ORIENTED_EDGE('',*,*,#6959,.T.);
#9758=ORIENTED_EDGE('',*,*,#6386,.F.);
#9759=EDGE_LOOP('',(#9755,#9756,#9757,#9758));
#9760=FACE_BOUND('',#9759,.T.);
#9761=ADVANCED_FACE('',(#9760),#9754,.F.);
#9762=CARTESIAN_POINT('',(-60.008180602,9.630651529,-1.769011477));
#9763=DIRECTION('',(-1.,0.,-0.));
#9764=DIRECTION('',(-0.,0.,1.));
#9765=AXIS2_PLACEMENT_3D('',#9762,#9763,#9764);
#9766=CYLINDRICAL_SURFACE('',#9765,1.);
#9767=ORIENTED_EDGE('',*,*,#9649,.F.);
#9768=ORIENTED_EDGE('',*,*,#9673,.F.);
#9769=ORIENTED_EDGE('',*,*,#7706,.F.);
#9770=ORIENTED_EDGE('',*,*,#9632,.T.);
#9771=EDGE_LOOP('',(#9767,#9768,#9769,#9770));
#9772=FACE_BOUND('',#9771,.T.);
#9773=ADVANCED_FACE('',(#9772),#9766,.T.);
#9774=CLOSED_SHELL('',(#6053,#6390,#6849,#6871,#6893,#6932,#6972,#7012,#7043,#7174,#7196,#7238,#7287,#7370,#7401,#7467,#7529,#7587,#7651,#7686,#7717,#7734,#7746,#7845,#7871,#7891,
#7933,#7976,#8006,#8023,#8041,#8059,#8076,#8126,#8171,#8188,#8205,#8257,#8288,#8312,#8344,#8361,#8448,#8465,#8490,#8499,#8524,#8533,#8558,#8567,#8592,
#8601,#8625,#8649,#8667,#8679,#8703,#8727,#8745,#8757,#8781,#8806,#8823,#8835,#8904,#8920,#8935,#8947,#8982,#9004,#9021,#9033,#9045,#9067,#9084,#9101,
#9123,#9140,#9157,#9182,#9199,#9224,#9241,#9259,#9271,#9283,#9295,#9307,#9324,#9341,#9353,#9375,#9397,#9419,#9431,#9443,#9460,#9477,#9495,#9508,#9520,
#9532,#9544,#9556,#9574,#9592,#9610,#9637,#9662,#9687,#9699,#9711,#9723,#9737,#9749,#9761,#9773));
#9775=MANIFOLD_SOLID_BREP('\X2\5E9558F34E0A\X0\ (2)',#9774);
#6013=STYLED_ITEM('',(#3108),#9775);
#9777=CARTESIAN_POINT('',(-60.,0.,-14.095307911));
#9778=DIRECTION('',(0.,0.,-1.));
#9779=DIRECTION('',(0.,1.,0.));
#9780=AXIS2_PLACEMENT_3D('',#9777,#9778,#9779);
#9781=PLANE('',#9780);
#9782=CARTESIAN_POINT('',(-61.000007528,27.716930845,-14.095307911));
#9783=VERTEX_POINT('',#9782);
#9784=CARTESIAN_POINT('',(-61.000001348,28.640418244,-14.095307911));
#9785=VERTEX_POINT('',#9784);
#9786=CARTESIAN_POINT('',(-61.000007528,27.716930845,-14.095307911));
#9787=DIRECTION('',(0.000006692,1.,0.));
#9788=VECTOR('',#9787,0.923487399);
#9789=LINE('',#9786,#9788);
#9790=EDGE_CURVE('',#9783,#9785,#9789,.T.);
#9791=ORIENTED_EDGE('',*,*,#9790,.F.);
#9792=CARTESIAN_POINT('',(-59.01630181,27.71691757,-14.095307911));
#9793=VERTEX_POINT('',#9792);
#9794=CARTESIAN_POINT('',(-60.008180602,23.841846414,-14.095307911));
#9795=DIRECTION('',(-0.,-0.,1.));
#9796=DIRECTION('',(-1.,0.,-0.));
#9797=AXIS2_PLACEMENT_3D('',#9794,#9795,#9796);
#9798=CIRCLE('',#9797,4.);
#9799=EDGE_CURVE('',#9793,#9783,#9798,.T.);
#9800=ORIENTED_EDGE('',*,*,#9799,.F.);
#9801=CARTESIAN_POINT('',(-59.0029594,28.637628971,-14.095307911));
#9802=VERTEX_POINT('',#9801);
#9803=CARTESIAN_POINT('',(-59.01630181,27.71691757,-14.095307911));
#9804=DIRECTION('',(0.014489893,0.999895016,0.));
#9805=VECTOR('',#9804,0.920808071);
#9806=LINE('',#9803,#9805);
#9807=EDGE_CURVE('',#9793,#9802,#9806,.T.);
#9808=ORIENTED_EDGE('',*,*,#9807,.T.);
#9809=CARTESIAN_POINT('',(-55.108180602,23.841846414,-14.095307911));
#9810=VERTEX_POINT('',#9809);
#9811=CARTESIAN_POINT('',(-60.008180602,23.841846414,-14.095307911));
#9812=DIRECTION('',(0.,0.,-1.));
#9813=DIRECTION('',(-1.,0.,-0.));
#9814=AXIS2_PLACEMENT_3D('',#9811,#9812,#9813);
#9815=CIRCLE('',#9814,4.9);
#9816=EDGE_CURVE('',#9802,#9810,#9815,.T.);
#9817=ORIENTED_EDGE('',*,*,#9816,.T.);
#9818=CARTESIAN_POINT('',(-60.008180602,23.841846414,-14.095307911));
#9819=DIRECTION('',(0.,0.,-1.));
#9820=DIRECTION('',(-1.,0.,-0.));
#9821=AXIS2_PLACEMENT_3D('',#9818,#9819,#9820);
#9822=CIRCLE('',#9821,4.9);
#9823=EDGE_CURVE('',#9810,#9785,#9822,.T.);
#9824=ORIENTED_EDGE('',*,*,#9823,.T.);
#9825=EDGE_LOOP('',(#9791,#9800,#9808,#9817,#9824));
#9826=FACE_BOUND('',#9825,.T.);
#9827=CARTESIAN_POINT('',(-61.,26.084264313,-14.095307911));
#9828=VERTEX_POINT('',#9827);
#9829=CARTESIAN_POINT('',(-60.,26.084264313,-14.095307911));
#9830=DIRECTION('',(0.,0.,-1.));
#9831=DIRECTION('',(-1.,0.,-0.));
#9832=AXIS2_PLACEMENT_3D('',#9829,#9830,#9831);
#9833=CIRCLE('',#9832,1.);
#9834=EDGE_CURVE('',#9828,#9828,#9833,.T.);
#9835=ORIENTED_EDGE('',*,*,#9834,.F.);
#9836=EDGE_LOOP('',(#9835));
#9837=FACE_BOUND('',#9836,.T.);
#9838=ADVANCED_FACE('',(#9826,#9837),#9781,.T.);
#9839=CARTESIAN_POINT('',(-60.008180602,23.841846414,-11.595307911));
#9840=DIRECTION('',(0.,0.,-1.));
#9841=DIRECTION('',(-1.,0.,-0.));
#9842=AXIS2_PLACEMENT_3D('',#9839,#9840,#9841);
#9843=CYLINDRICAL_SURFACE('',#9842,3.8);
#9844=CARTESIAN_POINT('',(-63.808180602,23.841846414,-13.095307911));
#9845=VERTEX_POINT('',#9844);
#9846=CARTESIAN_POINT('',(-63.808180602,23.841846414,-12.095307911));
#9847=VERTEX_POINT('',#9846);
#9848=CARTESIAN_POINT('',(-63.808180602,23.841846414,-13.095307911));
#9849=DIRECTION('',(-0.,-0.,1.));
#9850=VECTOR('',#9849,1.);
#9851=LINE('',#9848,#9850);
#9852=EDGE_CURVE('',#9845,#9847,#9851,.T.);
#9853=ORIENTED_EDGE('',*,*,#9852,.T.);
#9854=CARTESIAN_POINT('',(-60.008180602,23.841846414,-12.095307911));
#9855=DIRECTION('',(0.,0.,-1.));
#9856=DIRECTION('',(-1.,0.,-0.));
#9857=AXIS2_PLACEMENT_3D('',#9854,#9855,#9856);
#9858=CIRCLE('',#9857,3.8);
#9859=EDGE_CURVE('',#9847,#9847,#9858,.T.);
#9860=ORIENTED_EDGE('',*,*,#9859,.T.);
#9861=ORIENTED_EDGE('',*,*,#9852,.F.);
#9862=CARTESIAN_POINT('',(-60.008180602,23.841846414,-13.095307911));
#9863=DIRECTION('',(0.,0.,-1.));
#9864=DIRECTION('',(-1.,0.,-0.));
#9865=AXIS2_PLACEMENT_3D('',#9862,#9863,#9864);
#9866=CIRCLE('',#9865,3.8);
#9867=EDGE_CURVE('',#9845,#9845,#9866,.T.);
#9868=ORIENTED_EDGE('',*,*,#9867,.F.);
#9869=EDGE_LOOP('',(#9853,#9860,#9861,#9868));
#9870=FACE_BOUND('',#9869,.T.);
#9871=ADVANCED_FACE('',(#9870),#9843,.T.);
#9872=CARTESIAN_POINT('',(-60.,0.,-11.595307911));
#9873=DIRECTION('',(0.,0.,-1.));
#9874=DIRECTION('',(0.,1.,0.));
#9875=AXIS2_PLACEMENT_3D('',#9872,#9873,#9874);
#9876=PLANE('',#9875);
#9877=CARTESIAN_POINT('',(-63.308180602,23.841846414,-11.595307911));
#9878=VERTEX_POINT('',#9877);
#9879=CARTESIAN_POINT('',(-60.008180602,23.841846414,-11.595307911));
#9880=DIRECTION('',(-0.,-0.,1.));
#9881=DIRECTION('',(-1.,0.,-0.));
#9882=AXIS2_PLACEMENT_3D('',#9879,#9880,#9881);
#9883=CIRCLE('',#9882,3.3);
#9884=EDGE_CURVE('',#9878,#9878,#9883,.T.);
#9885=ORIENTED_EDGE('',*,*,#9884,.T.);
#9886=EDGE_LOOP('',(#9885));
#9887=FACE_BOUND('',#9886,.T.);
#9888=ADVANCED_FACE('',(#9887),#9876,.F.);
#9889=CARTESIAN_POINT('',(-60.008180602,23.841846414,-14.095307911));
#9890=DIRECTION('',(-0.,0.,1.));
#9891=DIRECTION('',(1.,0.,0.));
#9892=AXIS2_PLACEMENT_3D('',#9889,#9890,#9891);
#9893=CYLINDRICAL_SURFACE('',#9892,4.9);
#9894=CARTESIAN_POINT('',(-55.108180602,23.841846414,-13.095307911));
#9895=VERTEX_POINT('',#9894);
#9896=CARTESIAN_POINT('',(-55.108180602,23.841846414,-13.095307911));
#9897=DIRECTION('',(0.,-0.,-1.));
#9898=VECTOR('',#9897,1.);
#9899=LINE('',#9896,#9898);
#9900=EDGE_CURVE('',#9895,#9810,#9899,.T.);
#9901=ORIENTED_EDGE('',*,*,#9900,.T.);
#9902=ORIENTED_EDGE('',*,*,#9816,.F.);
#9903=CARTESIAN_POINT('',(-59.0029594,28.637628971,-13.095307911));
#9904=VERTEX_POINT('',#9903);
#9905=CARTESIAN_POINT('',(-59.0029594,28.637628971,-14.095307911));
#9906=DIRECTION('',(-0.,0.,1.));
#9907=VECTOR('',#9906,1.);
#9908=LINE('',#9905,#9907);
#9909=EDGE_CURVE('',#9802,#9904,#9908,.T.);
#9910=ORIENTED_EDGE('',*,*,#9909,.T.);
#9911=CARTESIAN_POINT('',(-60.008180602,23.841846414,-13.095307911));
#9912=DIRECTION('',(0.,0.,-1.));
#9913=DIRECTION('',(-1.,0.,-0.));
#9914=AXIS2_PLACEMENT_3D('',#9911,#9912,#9913);
#9915=CIRCLE('',#9914,4.9);
#9916=EDGE_CURVE('',#9904,#9895,#9915,.T.);
#9917=ORIENTED_EDGE('',*,*,#9916,.T.);
#9918=EDGE_LOOP('',(#9901,#9902,#9910,#9917));
#9919=FACE_BOUND('',#9918,.T.);
#9920=ADVANCED_FACE('',(#9919),#9893,.T.);
#9921=CARTESIAN_POINT('',(-60.,0.,-13.095307911));
#9922=DIRECTION('',(0.,0.,-1.));
#9923=DIRECTION('',(0.,1.,0.));
#9924=AXIS2_PLACEMENT_3D('',#9921,#9922,#9923);
#9925=PLANE('',#9924);
#9926=CARTESIAN_POINT('',(-61.000001348,28.640418244,-13.095307911));
#9927=VERTEX_POINT('',#9926);
#9928=CARTESIAN_POINT('',(-61.000007528,27.716930845,-13.095307911));
#9929=VERTEX_POINT('',#9928);
#9930=CARTESIAN_POINT('',(-61.000001348,28.640418244,-13.095307911));
#9931=DIRECTION('',(-0.000006692,-1.,-0.));
#9932=VECTOR('',#9931,0.923487399);
#9933=LINE('',#9930,#9932);
#9934=EDGE_CURVE('',#9927,#9929,#9933,.T.);
#9935=ORIENTED_EDGE('',*,*,#9934,.F.);
#9936=CARTESIAN_POINT('',(-60.008180602,23.841846414,-13.095307911));
#9937=DIRECTION('',(0.,0.,-1.));
#9938=DIRECTION('',(-1.,0.,-0.));
#9939=AXIS2_PLACEMENT_3D('',#9936,#9937,#9938);
#9940=CIRCLE('',#9939,4.9);
#9941=EDGE_CURVE('',#9895,#9927,#9940,.T.);
#9942=ORIENTED_EDGE('',*,*,#9941,.F.);
#9943=ORIENTED_EDGE('',*,*,#9916,.F.);
#9944=CARTESIAN_POINT('',(-59.01630181,27.71691757,-13.095307911));
#9945=VERTEX_POINT('',#9944);
#9946=CARTESIAN_POINT('',(-59.0029594,28.637628971,-13.095307911));
#9947=DIRECTION('',(-0.014489893,-0.999895016,-0.));
#9948=VECTOR('',#9947,0.920808071);
#9949=LINE('',#9946,#9948);
#9950=EDGE_CURVE('',#9904,#9945,#9949,.T.);
#9951=ORIENTED_EDGE('',*,*,#9950,.T.);
#9952=CARTESIAN_POINT('',(-60.008180602,23.841846414,-13.095307911));
#9953=DIRECTION('',(0.,0.,-1.));
#9954=DIRECTION('',(-1.,0.,-0.));
#9955=AXIS2_PLACEMENT_3D('',#9952,#9953,#9954);
#9956=CIRCLE('',#9955,4.);
#9957=EDGE_CURVE('',#9929,#9945,#9956,.T.);
#9958=ORIENTED_EDGE('',*,*,#9957,.F.);
#9959=EDGE_LOOP('',(#9935,#9942,#9943,#9951,#9958));
#9960=FACE_BOUND('',#9959,.T.);
#9961=ORIENTED_EDGE('',*,*,#9867,.T.);
#9962=EDGE_LOOP('',(#9961));
#9963=FACE_BOUND('',#9962,.T.);
#9964=ADVANCED_FACE('',(#9960,#9963),#9925,.F.);
#9965=CARTESIAN_POINT('',(-60.008180602,23.841846414,-12.095307911));
#9966=DIRECTION('',(0.,0.,-1.));
#9967=DIRECTION('',(-1.,0.,-0.));
#9968=AXIS2_PLACEMENT_3D('',#9965,#9966,#9967);
#9969=TOROIDAL_SURFACE('',#9968,3.3,0.5);
#9970=CARTESIAN_POINT('',(-63.308180602,23.841846414,-12.095307911));
#9971=DIRECTION('',(-0.,1.,0.));
#9972=DIRECTION('',(-1.,0.,-0.));
#9973=AXIS2_PLACEMENT_3D('',#9970,#9971,#9972);
#9974=CIRCLE('',#9973,0.5);
#9975=EDGE_CURVE('',#9847,#9878,#9974,.T.);
#9976=ORIENTED_EDGE('',*,*,#9975,.T.);
#9977=ORIENTED_EDGE('',*,*,#9884,.F.);
#9978=ORIENTED_EDGE('',*,*,#9975,.F.);
#9979=ORIENTED_EDGE('',*,*,#9859,.F.);
#9980=EDGE_LOOP('',(#9976,#9977,#9978,#9979));
#9981=FACE_BOUND('',#9980,.T.);
#9982=ADVANCED_FACE('',(#9981),#9969,.T.);
#9983=CARTESIAN_POINT('',(-60.,26.084264313,-11.895307911));
#9984=DIRECTION('',(0.,0.,-1.));
#9985=DIRECTION('',(-1.,0.,-0.));
#9986=AXIS2_PLACEMENT_3D('',#9983,#9984,#9985);
#9987=CYLINDRICAL_SURFACE('',#9986,1.);
#9988=CARTESIAN_POINT('',(-61.,26.084264313,-12.095307911));
#9989=VERTEX_POINT('',#9988);
#9990=CARTESIAN_POINT('',(-61.,26.084264313,-14.095307911));
#9991=DIRECTION('',(-0.,-0.,1.));
#9992=VECTOR('',#9991,2.);
#9993=LINE('',#9990,#9992);
#9994=EDGE_CURVE('',#9828,#9989,#9993,.T.);
#9995=ORIENTED_EDGE('',*,*,#9994,.F.);
#9996=ORIENTED_EDGE('',*,*,#9834,.T.);
#9997=ORIENTED_EDGE('',*,*,#9994,.T.);
#9998=CARTESIAN_POINT('',(-60.,26.084264313,-12.095307911));
#9999=DIRECTION('',(0.,0.,-1.));
#10000=DIRECTION('',(-1.,0.,-0.));
#10001=AXIS2_PLACEMENT_3D('',#9998,#9999,#10000);
#10002=CIRCLE('',#10001,1.);
#10003=EDGE_CURVE('',#9989,#9989,#10002,.T.);
#10004=ORIENTED_EDGE('',*,*,#10003,.F.);
#10005=EDGE_LOOP('',(#9995,#9996,#9997,#10004));
#10006=FACE_BOUND('',#10005,.T.);
#10007=ADVANCED_FACE('',(#10006),#9987,.F.);
#10008=CARTESIAN_POINT('',(-60.,0.,-12.095307911));
#10009=DIRECTION('',(0.,0.,-1.));
#10010=DIRECTION('',(0.,1.,0.));
#10011=AXIS2_PLACEMENT_3D('',#10008,#10009,#10010);
#10012=PLANE('',#10011);
#10013=ORIENTED_EDGE('',*,*,#10003,.T.);
#10014=EDGE_LOOP('',(#10013));
#10015=FACE_BOUND('',#10014,.T.);
#10016=ADVANCED_FACE('',(#10015),#10012,.T.);
#10017=CARTESIAN_POINT('',(-61.000003764,28.27938863,-15.195307911));
#10018=DIRECTION('',(-1.,0.000006692,-0.));
#10019=DIRECTION('',(-0.000006692,-1.,0.));
#10020=AXIS2_PLACEMENT_3D('',#10017,#10018,#10019);
#10021=PLANE('',#10020);
#10022=ORIENTED_EDGE('',*,*,#9790,.T.);
#10023=CARTESIAN_POINT('',(-61.000001348,28.640418244,-14.095307911));
#10024=DIRECTION('',(-0.,0.,1.));
#10025=VECTOR('',#10024,1.);
#10026=LINE('',#10023,#10025);
#10027=EDGE_CURVE('',#9785,#9927,#10026,.T.);
#10028=ORIENTED_EDGE('',*,*,#10027,.T.);
#10029=ORIENTED_EDGE('',*,*,#9934,.T.);
#10030=CARTESIAN_POINT('',(-61.000007528,27.716930845,-14.095307911));
#10031=DIRECTION('',(-0.,0.,1.));
#10032=VECTOR('',#10031,1.);
#10033=LINE('',#10030,#10032);
#10034=EDGE_CURVE('',#9783,#9929,#10033,.T.);
#10035=ORIENTED_EDGE('',*,*,#10034,.F.);
#10036=EDGE_LOOP('',(#10022,#10028,#10029,#10035));
#10037=FACE_BOUND('',#10036,.T.);
#10038=ADVANCED_FACE('',(#10037),#10021,.F.);
#10039=CARTESIAN_POINT('',(-59.008150905,28.279381992,-15.195307911));
#10040=DIRECTION('',(-0.999895016,0.014489893,-0.));
#10041=DIRECTION('',(-0.014489893,-0.999895016,0.));
#10042=AXIS2_PLACEMENT_3D('',#10039,#10040,#10041);
#10043=PLANE('',#10042);
#10044=CARTESIAN_POINT('',(-59.01630181,27.71691757,-14.095307911));
#10045=DIRECTION('',(-0.,0.,1.));
#10046=VECTOR('',#10045,1.);
#10047=LINE('',#10044,#10046);
#10048=EDGE_CURVE('',#9793,#9945,#10047,.T.);
#10049=ORIENTED_EDGE('',*,*,#10048,.T.);
#10050=ORIENTED_EDGE('',*,*,#9950,.F.);
#10051=ORIENTED_EDGE('',*,*,#9909,.F.);
#10052=ORIENTED_EDGE('',*,*,#9807,.F.);
#10053=EDGE_LOOP('',(#10049,#10050,#10051,#10052));
#10054=FACE_BOUND('',#10053,.T.);
#10055=ADVANCED_FACE('',(#10054),#10043,.T.);
#10056=CARTESIAN_POINT('',(-60.008180602,23.841846414,-15.195307911));
#10057=DIRECTION('',(-0.,0.,1.));
#10058=DIRECTION('',(1.,0.,0.));
#10059=AXIS2_PLACEMENT_3D('',#10056,#10057,#10058);
#10060=CYLINDRICAL_SURFACE('',#10059,4.);
#10061=ORIENTED_EDGE('',*,*,#9799,.T.);
#10062=ORIENTED_EDGE('',*,*,#10034,.T.);
#10063=ORIENTED_EDGE('',*,*,#9957,.T.);
#10064=ORIENTED_EDGE('',*,*,#10048,.F.);
#10065=EDGE_LOOP('',(#10061,#10062,#10063,#10064));
#10066=FACE_BOUND('',#10065,.T.);
#10067=ADVANCED_FACE('',(#10066),#10060,.T.);
#10068=CARTESIAN_POINT('',(-60.008180602,23.841846414,-14.095307911));
#10069=DIRECTION('',(-0.,0.,1.));
#10070=DIRECTION('',(1.,0.,0.));
#10071=AXIS2_PLACEMENT_3D('',#10068,#10069,#10070);
#10072=CYLINDRICAL_SURFACE('',#10071,4.9);
#10073=ORIENTED_EDGE('',*,*,#9900,.F.);
#10074=ORIENTED_EDGE('',*,*,#9941,.T.);
#10075=ORIENTED_EDGE('',*,*,#10027,.F.);
#10076=ORIENTED_EDGE('',*,*,#9823,.F.);
#10077=EDGE_LOOP('',(#10073,#10074,#10075,#10076));
#10078=FACE_BOUND('',#10077,.T.);
#10079=ADVANCED_FACE('',(#10078),#10072,.T.);
#10080=CLOSED_SHELL('',(#9838,#9871,#9888,#9920,#9964,#9982,#10007,#10016,#10038,#10055,#10067,#10079));
#10081=MANIFOLD_SOLID_BREP('\X2\6309952E\X0\ (2)',#10080);
#9776=STYLED_ITEM('',(#3108),#10081);
#35=SHAPE_REPRESENTATION('dock-\X2\51857F6E\X0\usb3 \X2\501289D2\X0\',(#15),#33);
#36=ADVANCED_BREP_SHAPE_REPRESENTATION('dock-\X2\51857F6E\X0\usb3 \X2\501289D2\X0\',(#3101,#6012,#9775,#10081),#33);
#10089=SHAPE_REPRESENTATION_RELATIONSHIP('','',#35,#36);
#10090=CARTESIAN_POINT('',(0.,0.,0.));
#10091=DIRECTION('',(0.,0.,1.));
#10092=DIRECTION('',(1.,0.,0.));
#10093=AXIS2_PLACEMENT_3D('',#10090,#10091,#10092);
#10095=MAPPED_ITEM('',#10094,#10093);
#10094=REPRESENTATION_MAP(#10093,#35);
#10096=APPLICATION_CONTEXT('Managed model based 3d engineering');
#10097=APPLICATION_PROTOCOL_DEFINITION('international standard','ap242_managed_model_based_3d_engineering',2014,#10096);
#10098=PRODUCT_CONTEXT('',#10096,'mechanical');
#10099=PRODUCT_DEFINITION_CONTEXT('part definition',#10096,'design');
#43=PRODUCT('dock-\X2\51857F6E\X0\usb3 \X2\501289D2\X0\','dock-\X2\51857F6E\X0\usb3 \X2\501289D2\X0\','',(#10098));
#10100=PRODUCT_RELATED_PRODUCT_CATEGORY('part','',(#43));
#10101=PRODUCT_DEFINITION_FORMATION_WITH_SPECIFIED_SOURCE('','',#43,.NOT_KNOWN.);
#44=PRODUCT_DEFINITION('design','',#10101,#10099);
#42=PRODUCT_DEFINITION_SHAPE('','',#44);
#10102=SHAPE_DEFINITION_REPRESENTATION(#42,#35);
#34=DRAUGHTING_MODEL('',(#10095),#33);
#16=SHAPE_REPRESENTATION('root',(#15,#48),#10);
#10103=CARTESIAN_POINT('',(0.,0.,0.));
#10104=DIRECTION('',(0.,0.,1.));
#10105=DIRECTION('',(1.,0.,0.));
#10106=AXIS2_PLACEMENT_3D('',#10103,#10104,#10105);
#10108=MAPPED_ITEM('',#10107,#10106);
#10107=REPRESENTATION_MAP(#10106,#16);
#24=PRODUCT('root','root','',(#10098));
#10109=PRODUCT_RELATED_PRODUCT_CATEGORY('part','',(#24));
#10110=PRODUCT_DEFINITION_FORMATION_WITH_SPECIFIED_SOURCE('','',#24,.NOT_KNOWN.);
#25=PRODUCT_DEFINITION('design','',#10110,#10099);
#23=PRODUCT_DEFINITION_SHAPE('','',#25);
#10111=SHAPE_DEFINITION_REPRESENTATION(#23,#16);
#11=DRAUGHTING_MODEL('',(#10108),#10);
#10112=DESCRIPTIVE_REPRESENTATION_ITEM('KEY','/private/var/mobile/Containers/Data/Application/4BAA6A96-AB08-4434-80E5-6C712A65BC40/tmp/ABE572D4-1AA3-436A-A6B0-953F861AB77C.tmp');
#10113=PROPERTY_DEFINITION('KEY','',#25);
#10114=REPRESENTATION('',(#10112),#10);
#10115=PROPERTY_DEFINITION_REPRESENTATION(#10113,#10114);
#10116=GENERAL_PROPERTY('','KEY','');
#10117=GENERAL_PROPERTY_ASSOCIATION('','',#10116,#10113);
#1=MECHANICAL_DESIGN_GEOMETRIC_PRESENTATION_REPRESENTATION('',(#54,#3109,#6013,#9776),#10);
ENDSEC;
END-ISO-10303-21;
